degmech,irms,degel,magnet_depth,magnet_angle,angle_margin,i,magnet_width,x,y,magarea,torque_airgap,flux_a,flux_b,flux_c
0.0,0,0,2.5,30,0,12,4.864071946276208,2.5,30,4.864071946276213e-05,8.240880860244256e-05,-1.161471428770761e-07,-0.002140079049438,0.002140105232963983
0.20044543429844097,0,0,2.5,30,0,12,4.864071946276208,2.5,30,4.864071946276213e-05,-0.004952336908638192,-3.531925126405689e-05,-0.002122382592651282,0.002157399968684463
0.40089086859688194,0,0,2.5,30,0,12,4.864071946276208,2.5,30,4.864071946276213e-05,-0.01004033218967492,-7.053733895453628e-05,-0.002104274517184893,0.00217429220556094
0.6013363028953229,0,0,2.5,30,0,12,4.864071946276208,2.5,30,4.864071946276213e-05,-0.01523263525074565,-0.0001057915266277673,-0.002085800177654577,0.002190848335162648
0.8017817371937639,0,0,2.5,30,0,12,4.864071946276208,2.5,30,4.864071946276213e-05,-0.02066315687003018,-0.0001410547231533569,-0.002067011453731375,0.002207094103088583
1.0022271714922049,0,0,2.5,30,0,12,4.864071946276208,2.5,30,4.864071946276213e-05,-0.02646877691758605,-0.0001762930758965798,-0.002047902991570919,0.0022229851713077
1.2026726057906458,0,0,2.5,30,0,12,4.864071946276208,2.5,30,4.864071946276213e-05,-0.0327834417845817,-0.0002114754676311862,-0.002028455640179153,0.002238466423889348
1.4031180400890868,0,0,2.5,30,0,12,4.864071946276208,2.5,30,4.864071946276213e-05,-0.03972696596606181,-0.0002465818999363782,-0.002008646655597938,0.002253491104516401
1.8040089086859687,0,0,2.5,30,0,12,4.864071946276208,2.5,30,4.864071946276213e-05,-0.05588858000339127,-0.0003165331015514453,-0.001967858770703346,0.002282045140851931
1.6035634743875278,0,0,2.5,30,0,12,4.864071946276208,2.5,30,4.864071946276213e-05,-0.04739695613064696,-0.0002815998352151594,-0.001988452723760162,0.002268020773241372
2.0044543429844097,0,0,2.5,30,0,12,4.864071946276208,2.5,30,4.864071946276213e-05,-0.06524259378844392,-0.0003514207643898732,-0.001946881240687515,0.002295628669181532
2.2048997772828507,0,0,2.5,30,0,12,4.864071946276208,2.5,30,4.864071946276213e-05,-0.07551333233783836,-0.0003862869539741063,-0.001925554189739959,0.002308836362423745
2.4053452115812917,0,0,2.5,30,0,12,4.864071946276208,2.5,30,4.864071946276213e-05,-0.0867875305752184,-0.000421106167732259,-0.001903887642248849,0.002321649282044
2.6057906458797326,0,0,2.5,30,0,12,4.864071946276208,2.5,30,4.864071946276213e-05,-0.09912545870759196,-0.0004558369819337822,-0.001881867183501241,0.002334004389439217
2.8062360801781736,0,0,2.5,30,0,12,4.864071946276208,2.5,30,4.864071946276213e-05,-0.1124884932016297,-0.0004904518258914976,-0.001859472193728272,0.002345849248989767
3.0066815144766146,0,0,2.5,30,0,12,4.864071946276208,2.5,30,4.864071946276213e-05,-0.1267467045901949,-0.0005249310812010091,-0.001836686246463555,0.002357145590488555
3.2071269487750556,0,0,2.5,30,0,12,4.864071946276208,2.5,30,4.864071946276213e-05,-0.1416567539099988,-0.0005592643818056401,-0.001813502710133994,0.002367876732100334
3.4075723830734965,0,0,2.5,30,0,12,4.864071946276208,2.5,30,4.864071946276213e-05,-0.1568384894053501,-0.0005934732490424041,-0.001789942370373558,0.002378093554511137
3.6080178173719375,0,0,2.5,30,0,12,4.864071946276208,2.5,30,4.864071946276213e-05,-0.1718236880174402,-0.0006275868966713919,-0.001766038112896797,0.002387869696432049
3.8084632516703785,0,0,2.5,30,0,12,4.864071946276208,2.5,30,4.864071946276213e-05,-0.1860713845386513,-0.0006616194329475791,-0.001741819859257643,0.002397258559265561
4.008908685968819,0,0,2.5,30,0,12,4.864071946276208,2.5,30,4.864071946276213e-05,-0.19901340601833,-0.0006955717365108193,-0.001717314583891639,0.002406295287539829
4.20935412026726,0,0,2.5,30,0,12,4.864071946276208,2.5,30,4.864071946276213e-05,-0.2101049363635304,-0.0007294191911287602,-0.001692534479052121,0.002414968705698457
4.409799554565701,0,0,2.5,30,0,12,4.864071946276208,2.5,30,4.864071946276213e-05,-0.2188527447811487,-0.000763119551056799,-0.001667480847406464,0.002423234560381096
4.610244988864142,0,0,2.5,30,0,12,4.864071946276208,2.5,30,4.864071946276213e-05,-0.2248301483610865,-0.0007966351324062279,-0.001642158437352952,0.002431057502644588
4.810690423162583,0,0,2.5,30,0,12,4.864071946276208,2.5,30,4.864071946276213e-05,-0.2276982749081633,-0.0008299368720567962,-0.001616572772587636,0.00243841276194033
5.011135857461024,0,0,2.5,30,0,12,4.864071946276208,2.5,30,4.864071946276213e-05,-0.2272347699832476,-0.0008630032135449306,-0.001590729531280807,0.002445284450497468
5.211581291759465,0,0,2.5,30,0,12,4.864071946276208,2.5,30,4.864071946276213e-05,-0.2233224293896571,-0.0008958187919193475,-0.001564636495693889,0.002451667230321426
5.412026726057906,0,0,2.5,30,0,12,4.864071946276208,2.5,30,4.864071946276213e-05,-0.2159840116148917,-0.0009283738907003726,-0.001538302486365981,0.002457564241073492
5.612472160356347,0,0,2.5,30,0,12,4.864071946276208,2.5,30,4.864071946276213e-05,-0.20534641452169,-0.0009606566069127037,-0.001511733658128447,0.002462973468500277
5.812917594654788,0,0,2.5,30,0,12,4.864071946276208,2.5,30,4.864071946276213e-05,-0.1916428807196653,-0.0009926514002974894,-0.001484934920770043,0.002467887692498393
6.013363028953229,0,0,2.5,30,0,12,4.864071946276208,2.5,30,4.864071946276213e-05,-0.1751719705591527,-0.001024336515656345,-0.001457912494140331,0.002472294487153494
6.21380846325167,0,0,2.5,30,0,12,4.864071946276208,2.5,30,4.864071946276213e-05,-0.1562715844758192,-0.001055698412179303,-0.001430663934637715,0.002476180359377672
6.815144766146993,0,0,2.5,30,0,12,4.864071946276208,2.5,30,4.864071946276213e-05,-0.08847686635279152,-0.001147819708126396,-0.001347433462546904,0.002484575533240674
6.414253897550111,0,0,2.5,30,0,12,4.864071946276208,2.5,30,4.864071946276213e-05,-0.1352948551327503,-0.001086731453330162,-0.001403178612654562,0.002479530956282753
6.614699331848552,0,0,2.5,30,0,12,4.864071946276208,2.5,30,4.864071946276213e-05,-0.1125776792596166,-0.001117438195304352,-0.001375439495845911,0.002482333047578483
7.015590200445434,0,0,2.5,30,0,12,4.864071946276208,2.5,30,4.864071946276213e-05,-0.06331879485096471,-0.00117787619643186,-0.001319152254458482,0.002486251334103627
7.216035634743875,0,0,2.5,30,0,12,4.864071946276208,2.5,30,4.864071946276213e-05,-0.03744098478628129,-0.001207606884091435,-0.001290590754632557,0.002487355473085068
7.416481069042316,0,0,2.5,30,0,12,4.864071946276208,2.5,30,4.864071946276213e-05,-0.01116228876315829,-0.001237014267668377,-0.00126174257997569,0.002487884699908026
7.616926503340757,0,0,2.5,30,0,12,4.864071946276208,2.5,30,4.864071946276213e-05,0.01522688340199414,-0.001266103270396153,-0.001232600451694954,0.002487837013980669
7.817371937639198,0,0,2.5,30,0,12,4.864071946276208,2.5,30,4.864071946276213e-05,0.04143904916627457,-0.001294884017715085,-0.00120315421604238,0.00248721234324609
8.017817371937639,0,0,2.5,30,0,12,4.864071946276208,2.5,30,4.864071946276213e-05,0.06719227262987992,-0.001323372138985317,-0.001173390749197928,0.002486012683667593
8.21826280623608,0,0,2.5,30,0,12,4.864071946276208,2.5,30,4.864071946276213e-05,0.09219850998300913,-0.001351585706832879,-0.001143296947520447,0.002484242246654312
8.41870824053452,0,0,2.5,30,0,12,4.864071946276208,2.5,30,4.864071946276213e-05,0.1161409121650721,-0.001379540902926416,-0.001112863432175994,0.002481907139870585
8.619153674832962,0,0,2.5,30,0,12,4.864071946276208,2.5,30,4.864071946276213e-05,0.1386870977555558,-0.001407248267311329,-0.001082088878336838,0.002479015764737256
9.020044543429844,0,0,2.5,30,0,12,4.864071946276208,2.5,30,4.864071946276213e-05,0.1781476821027171,-0.001461942879035826,-0.001019544734633669,0.0024716107157076
8.819599109131403,0,0,2.5,30,0,12,4.864071946276208,2.5,30,4.864071946276213e-05,0.1594805717824123,-0.001434714415919874,-0.001050979053927952,0.002475579395552222
9.420935412026726,0,0,2.5,30,0,12,4.864071946276208,2.5,30,4.864071946276213e-05,0.2076966043386885,-0.001515695716920021,-0.0009557538335558833,0.002462127861678022
9.220489977728285,0,0,2.5,30,0,12,4.864071946276208,2.5,30,4.864071946276213e-05,0.1943359874576356,-0.001488935875153596,-0.0009877987382853222,0.002467122676115369
9.821826280623608,0,0,2.5,30,0,12,4.864071946276208,2.5,30,4.864071946276213e-05,0.2248388148746582,-0.001568516643190116,-0.0008908207210663191,0.002450659767855872
9.621380846325167,0,0,2.5,30,0,12,4.864071946276208,2.5,30,4.864071946276213e-05,0.2179316444874849,-0.001542223387336071,-0.0009234234228187271,0.002456637703608913
10.022271714922049,0,0,2.5,30,0,12,4.864071946276208,2.5,30,4.864071946276213e-05,0.2282902847245006,-0.001594569229708886,-0.0008579587243318827,0.00244419692035353
10.22271714922049,0,0,2.5,30,0,12,4.864071946276208,2.5,30,4.864071946276213e-05,0.2282857027410572,-0.001620371061896665,-0.0008248473389081444,0.002437245035933978
10.42316258351893,0,0,2.5,30,0,12,4.864071946276208,2.5,30,4.864071946276213e-05,0.2249626616181052,-0.001645914577700737,-0.0007915020831888,0.002429810267917531
10.623608017817372,0,0,2.5,30,0,12,4.864071946276208,2.5,30,4.864071946276213e-05,0.218552095759448,-0.001671193179114287,-0.000757949054412643,0.002421912219937889
10.824053452115812,0,0,2.5,30,0,12,4.864071946276208,2.5,30,4.864071946276213e-05,0.2094014505683815,-0.001696200258360201,-0.0007242212304123773,0.002413578557041943
11.024498886414253,0,0,2.5,30,0,12,4.864071946276208,2.5,30,4.864071946276213e-05,0.197978856970458,-0.001720932886480804,-0.0006903548025217435,0.002404845137805815
11.224944320712694,0,0,2.5,30,0,12,4.864071946276208,2.5,30,4.864071946276213e-05,0.1847749971688675,-0.001745389778941506,-0.000656391155463916,0.002395755212712589
11.425389755011135,0,0,2.5,30,0,12,4.864071946276208,2.5,30,4.864071946276213e-05,0.1703235575463563,-0.001769555469206778,-0.0006223494566371885,0.002386309975843817
11.625835189309576,0,0,2.5,30,0,12,4.864071946276208,2.5,30,4.864071946276213e-05,0.1552049705773871,-0.001793403276369424,-0.0005882248644909371,0.00237647022198742
12.42761692650334,0,0,2.5,30,0,12,4.864071946276208,2.5,30,4.864071946276213e-05,0.09760473311631657,-0.001885084189779873,-0.0004505179033317315,0.00233206718636822
12.628062360801781,0,0,2.5,30,0,12,4.864071946276208,2.5,30,4.864071946276213e-05,0.08537886307215892,-0.001907049071702111,-0.0004157765901586592,0.00231964594721553
11.826280623608017,0,0,2.5,30,0,12,4.864071946276208,2.5,30,4.864071946276213e-05,0.1399517841045377,-0.00181690361471739,-0.00055400028739114,0.002366179642799876
12.026726057906458,0,0,2.5,30,0,12,4.864071946276208,2.5,30,4.864071946276213e-05,0.1250502937190444,-0.001840024152645362,-0.0005196462937388878,0.002355364676695334
13.028953229398663,0,0,2.5,30,0,12,4.864071946276208,2.5,30,4.864071946276213e-05,0.06397463985608112,-0.001949938249105264,-0.0003460880395626756,0.002293519985782731
12.2271714922049,0,0,2.5,30,0,12,4.864071946276208,2.5,30,4.864071946276213e-05,0.1108620859141341,-0.00186274815966872,-0.0004851477529800408,0.002343986476927305
12.828507795100222,0,0,2.5,30,0,12,4.864071946276208,2.5,30,4.864071946276213e-05,0.07418900324043184,-0.00192866302511306,-0.0003809524457049331,0.00230677613717799
13.229398663697104,0,0,2.5,30,0,12,4.864071946276208,2.5,30,4.864071946276213e-05,0.05466152769449463,-0.001970859609960245,-0.0003112009708734331,0.002279881648254093
13.429844097995545,0,0,2.5,30,0,12,4.864071946276208,2.5,30,4.864071946276213e-05,0.04622839808421785,-0.001991393317239462,-0.0002762622494380922,0.002265790719918344
13.630289532293986,0,0,2.5,30,0,12,4.864071946276208,2.5,30,4.864071946276213e-05,0.03864227429791827,-0.002011528187126556,-0.0002412361891531187,0.002251192359314316
13.830734966592427,0,0,2.5,30,0,12,4.864071946276208,2.5,30,4.864071946276213e-05,0.03180495209581762,-0.002031282009939083,-0.0002061237246756782,0.002236105373195614
14.031180400890868,0,0,2.5,30,0,12,4.864071946276208,2.5,30,4.864071946276213e-05,0.02558690228929021,-0.002050678982144481,-0.0001709383613427301,0.002220570152763879
14.231625835189309,0,0,2.5,30,0,12,4.864071946276208,2.5,30,4.864071946276213e-05,0.01985097748607431,-0.002069741612941325,-0.000135700834538562,0.002204633965606744
14.43207126948775,0,0,2.5,30,0,12,4.864071946276208,2.5,30,4.864071946276213e-05,0.01445856378101974,-0.002088489562733729,-0.0001004420033204321,0.002188352312462537
14.632516703786191,0,0,2.5,30,0,12,4.864071946276208,2.5,30,4.864071946276213e-05,0.009270842280176725,-0.002106919350805436,-6.519647771693513e-05,0.002171761056601665
14.832962138084632,0,0,2.5,30,0,12,4.864071946276208,2.5,30,4.864071946276213e-05,0.004175128605077343,-0.002124971005689993,-2.999218711343245e-05,0.002154826537522748
15.033407572383073,0,0,2.5,30,0,12,4.864071946276208,2.5,30,4.864071946276213e-05,-0.000863956788303669,-0.002142603941101017,5.201232509985474e-06,0.002137479187920723
15.434298440979955,0,0,2.5,30,0,12,4.864071946276208,2.5,30,4.864071946276213e-05,-0.01102763334963601,-0.002176610556454028,7.56091524453617e-05,0.002101512522468912
15.233853006681514,0,0,2.5,30,0,12,4.864071946276208,2.5,30,4.864071946276213e-05,-0.005917382629075233,-0.002159802425990654,4.039252556194552e-05,0.002119700561976046
15.634743875278396,0,0,2.5,30,0,12,4.864071946276208,2.5,30,4.864071946276213e-05,-0.01625617272474487,-0.00219309400801459,0.0001108641153823365,0.002082966980311087
15.835189309576837,0,0,2.5,30,0,12,4.864071946276208,2.5,30,4.864071946276213e-05,-0.02172670333464559,-0.002209269022775012,0.0001461253087693782,0.002064112010444686
16.035634743875278,0,0,2.5,30,0,12,4.864071946276208,2.5,30,4.864071946276213e-05,-0.02757746651039179,-0.002225083662143903,0.0001813562180319047,0.002044937636452491
16.23608017817372,0,0,2.5,30,0,12,4.864071946276208,2.5,30,4.864071946276213e-05,-0.03394276213047596,-0.002240480363062522,0.0002165261323313788,0.002025422272675325
16.83741648106904,0,0,2.5,30,0,12,4.864071946276208,2.5,30,4.864071946276213e-05,-0.05742891626698917,-0.002283774524326549,0.000321533547030055,0.00196460534847141
16.43652561247216,0,0,2.5,30,0,12,4.864071946276208,2.5,30,4.864071946276213e-05,-0.04096051023088595,-0.0022554113738338,0.0002516153825282656,0.002005541724935988
16.6369710467706,0,0,2.5,30,0,12,4.864071946276208,2.5,30,4.864071946276213e-05,-0.04875896435091365,-0.002269842046431635,0.0002866145087472181,0.001985272800286955
17.037861915367483,0,0,2.5,30,0,12,4.864071946276208,2.5,30,4.864071946276213e-05,-0.06701184530135953,-0.002297279762765489,0.0003564118718105927,0.001943561795764964
17.238307349665924,0,0,2.5,30,0,12,4.864071946276208,2.5,30,4.864071946276213e-05,-0.07754171354883223,-0.0023104156486074,0.0003912687821070984,0.001922174781203203
17.438752783964365,0,0,2.5,30,0,12,4.864071946276208,2.5,30,4.864071946276213e-05,-0.0890889909595455,-0.002323151128162452,0.0004260731568218227,0.001900448996054917
17.639198218262806,0,0,2.5,30,0,12,4.864071946276208,2.5,30,4.864071946276213e-05,-0.1016804173303061,-0.002335421373091278,0.0004607843324517336,0.001878367256220328
17.839643652561247,0,0,2.5,30,0,12,4.864071946276208,2.5,30,4.864071946276213e-05,-0.1152591368058977,-0.002347173830946529,0.0004953746046973998,0.001855908982474364
18.040089086859687,0,0,2.5,30,0,12,4.864071946276208,2.5,30,4.864071946276213e-05,-0.12968406140712,-0.002358374108316369,0.0005298258716682036,0.001833059934336988
18.24053452115813,0,0,2.5,30,0,12,4.864071946276208,2.5,30,4.864071946276213e-05,-0.1447009536078039,-0.00236901373081273,0.0005641315678672998,0.001809817115554271
18.44097995545657,0,0,2.5,30,0,12,4.864071946276208,2.5,30,4.864071946276213e-05,-0.1599183205623793,-0.002379152472501566,0.0005983172935853705,0.001786205074678716
18.64142538975501,0,0,2.5,30,0,12,4.864071946276208,2.5,30,4.864071946276213e-05,-0.1748470297352027,-0.002388861466348456,0.0006324102156988469,0.001762256374281024
19.042316258351892,0,0,2.5,30,0,12,4.864071946276208,2.5,30,4.864071946276213e-05,-0.2016035312245465,-0.002407174100971357,0.0007003545443772677,0.001713461678199961
18.84187082405345,0,0,2.5,30,0,12,4.864071946276208,2.5,30,4.864071946276213e-05,-0.1889348525267661,-0.002398191470286619,0.0006664229454300835,0.001738000015288359
19.242761692650333,0,0,2.5,30,0,12,4.864071946276208,2.5,30,4.864071946276213e-05,-0.2123253922263833,-0.002415792131112153,0.0007341775566208876,0.001688651189043821
19.443207126948774,0,0,2.5,30,0,12,4.864071946276208,2.5,30,4.864071946276213e-05,-0.2206155798621681,-0.00242400032592728,0.0007678506388271104,0.001663567935621128
19.643652561247215,0,0,2.5,30,0,12,4.864071946276208,2.5,30,4.864071946276213e-05,-0.2260557943398679,-0.002431762869651757,0.0008013368909145361,0.00163821527227421
19.844097995545656,0,0,2.5,30,0,12,4.864071946276208,2.5,30,4.864071946276213e-05,-0.2283469471103727,-0.002439054614536248,0.000834608535346434,0.001612597024753282
20.244988864142538,0,0,2.5,30,0,12,4.864071946276208,2.5,30,4.864071946276213e-05,-0.2227937431311765,-0.002452171465614873,0.0009004243297811914,0.001560590324404981
20.044543429844097,0,0,2.5,30,0,12,4.864071946276208,2.5,30,4.864071946276213e-05,-0.2272816579075963,-0.002445858368571312,0.0008676425090826198,0.00158671891958685
20.44543429844098,0,0,2.5,30,0,12,4.864071946276208,2.5,30,4.864071946276213e-05,-0.2149089755692019,-0.002457999290771687,0.0009329458132124175,0.001534220852171011
20.64587973273942,0,0,2.5,30,0,12,4.864071946276208,2.5,30,4.864071946276213e-05,-0.2037533357948673,-0.002463338702132232,0.0009651934781613022,0.001507617106079964
20.84632516703786,0,0,2.5,30,0,12,4.864071946276208,2.5,30,4.864071946276213e-05,-0.1895627235045456,-0.002468181132335406,0.0009971530430112842,0.001480781484528489
21.046770601336302,0,0,2.5,30,0,12,4.864071946276208,2.5,30,4.864071946276213e-05,-0.172647205833342,-0.002472514701497489,0.001028809073289169,0.001453714521286959
21.247216035634743,0,0,2.5,30,0,12,4.864071946276208,2.5,30,4.864071946276213e-05,-0.1533355413917542,-0.00247632713012132,0.001060145287695738,0.001426417600034184
21.447661469933184,0,0,2.5,30,0,12,4.864071946276208,2.5,30,4.864071946276213e-05,-0.1320114865012599,-0.002479604660429529,0.001091148292061196,0.001398888418688374
21.848552338530066,0,0,2.5,30,0,12,4.864071946276208,2.5,30,4.864071946276213e-05,-0.08479290159887692,-0.002484501674881955,0.001152136203943101,0.001343093669123269
21.648106904231625,0,0,2.5,30,0,12,4.864071946276208,2.5,30,4.864071946276213e-05,-0.1090470185097412,-0.002482333131711554,0.001121810556246918,0.001371119067906644
22.048997772828507,0,0,2.5,30,0,12,4.864071946276208,2.5,30,4.864071946276213e-05,-0.05958037850233782,-0.002486101760549814,0.001182137184864798,0.001314790834699834
22.249443207126948,0,0,2.5,30,0,12,4.864071946276208,2.5,30,4.864071946276213e-05,-0.03371960136954264,-0.002487126897317711,0.001211820943569147,0.00128619577805885
22.44988864142539,0,0,2.5,30,0,12,4.864071946276208,2.5,30,4.864071946276213e-05,-0.007502400683388387,-0.002487573508770021,0.001241192249967609,0.001257299598065442
22.65033407572383,0,0,2.5,30,0,12,4.864071946276208,2.5,30,4.864071946276213e-05,0.01879228860721171,-0.00248743967592163,0.001270255958425788,0.001228095241320094
22.85077951002227,0,0,2.5,30,0,12,4.864071946276208,2.5,30,4.864071946276213e-05,0.04488924005270042,-0.002486725170800262,0.001299016599977324,0.001198577995957169
23.051224944320712,0,0,2.5,30,0,12,4.864071946276208,2.5,30,4.864071946276213e-05,0.07048770909068637,-0.002485432193451967,0.001327481577121966,0.001168743077707303
23.251670378619153,0,0,2.5,30,0,12,4.864071946276208,2.5,30,4.864071946276213e-05,0.0952963372045354,-0.002483565446604209,0.001355662069640345,0.001138584729871497
23.452115812917594,0,0,2.5,30,0,12,4.864071946276208,2.5,30,4.864071946276213e-05,0.1189868948133915,-0.002481133148254751,0.001383577349617436,0.001108092829360131
23.652561247216035,0,0,2.5,30,0,12,4.864071946276208,2.5,30,4.864071946276213e-05,0.1412204244879539,-0.002478144813124045,0.001411246531074371,0.001077258654388378
23.853006681514476,0,0,2.5,30,0,12,4.864071946276208,2.5,30,4.864071946276213e-05,0.1616463646516104,-0.002474613043882982,0.001438681569985861,0.001046083840389838
24.053452115812917,0,0,2.5,30,0,12,4.864071946276208,2.5,30,4.864071946276213e-05,0.1798820321803978,-0.002470551219895057,0.001465888116602266,0.001014577674475601
24.253897550111358,0,0,2.5,30,0,12,4.864071946276208,2.5,30,4.864071946276213e-05,0.1955689431437532,-0.002465970798390351,0.001492866749782555,0.000982753259266282
24.4543429844098,0,0,2.5,30,0,12,4.864071946276208,2.5,30,4.864071946276213e-05,0.2083956612904153,-0.002460885349422247,0.001519615533877204,0.0009506289596500149
24.65478841870824,0,0,2.5,30,0,12,4.864071946276208,2.5,30,4.864071946276213e-05,0.2180901916998363,-0.002455304908021826,0.001546132933477366,0.0009182194530774875
24.85523385300668,0,0,2.5,30,0,12,4.864071946276208,2.5,30,4.864071946276213e-05,0.2244584999575265,-0.002449234827187307,0.001572414340918281,0.000885538150235311
25.05567928730512,0,0,2.5,30,0,12,4.864071946276208,2.5,30,4.864071946276213e-05,0.2273933156059014,-0.002442674350624503,0.001598451574335202,0.0008525964080472086
25.256124721603562,0,0,2.5,30,0,12,4.864071946276208,2.5,30,4.864071946276213e-05,0.2268987842380702,-0.002435621448952876,0.001624233810354543,0.0008194067313198288
25.456570155902003,0,0,2.5,30,0,12,4.864071946276208,2.5,30,4.864071946276213e-05,0.223103412744969,-0.002428089012785888,0.001649752933520474,0.0007859914077140576
25.657015590200444,0,0,2.5,30,0,12,4.864071946276208,2.5,30,4.864071946276213e-05,0.2162710319732725,-0.002420099392145618,0.001675003014466217,0.0007523782399166495
25.857461024498885,0,0,2.5,30,0,12,4.864071946276208,2.5,30,4.864071946276213e-05,0.2067656630627373,-0.002411681862605045,0.00169998027087673,0.0007185985215708486
26.057906458797326,0,0,2.5,30,0,12,4.864071946276208,2.5,30,4.864071946276213e-05,0.1950372808686938,-0.002402878049619382,0.001724683008498985,0.0006846927355515216
26.258351893095767,0,0,2.5,30,0,12,4.864071946276208,2.5,30,4.864071946276213e-05,0.1816033804317283,-0.002393727928812536,0.001749109013695425,0.0006507004852106911
26.85968819599109,0,0,2.5,30,0,12,4.864071946276208,2.5,30,4.864071946276213e-05,0.1367245161954739,-0.002363947199620338,0.00182049745144325,0.000548240665035303
26.45879732739421,0,0,2.5,30,0,12,4.864071946276208,2.5,30,4.864071946276213e-05,0.1670311857151882,-0.002384220726685823,0.00177323909162088,0.0006166343079683563
27.06013363028953,0,0,2.5,30,0,12,4.864071946276208,2.5,30,4.864071946276213e-05,0.1219850428970231,-0.00235304352512368,0.001843563193057452,0.0005138602383497918
26.65924276169265,0,0,2.5,30,0,12,4.864071946276208,2.5,30,4.864071946276213e-05,0.1518951095283859,-0.002374314087620077,0.001797045387850845,0.0005824877883481188
27.260579064587972,0,0,2.5,30,0,12,4.864071946276208,2.5,30,4.864071946276213e-05,0.108011439611501,-0.002341578571609919,0.001866232567709241,0.0004793372034880541
27.461024498886413,0,0,2.5,30,0,12,4.864071946276208,2.5,30,4.864071946276213e-05,0.09500239035300799,-0.002329577839093998,0.001888516412302011,0.000444685396805313
27.661469933184854,0,0,2.5,30,0,12,4.864071946276208,2.5,30,4.864071946276213e-05,0.08303572861372362,-0.00231708490259684,0.001910432766917929,0.000409927346364683
27.861915367483295,0,0,2.5,30,0,12,4.864071946276208,2.5,30,4.864071946276213e-05,0.07211629649342217,-0.002304157861434589,0.001932002444332213,0.0003750950582788093
28.062360801781736,0,0,2.5,30,0,12,4.864071946276208,2.5,30,4.864071946276213e-05,0.06216910797261067,-0.00229085517307781,0.0019532341937402,0.0003402308701293605
28.262806236080177,0,0,2.5,30,0,12,4.864071946276208,2.5,30,4.864071946276213e-05,0.05312565453350095,-0.002277159874295363,0.001974106289959256,0.0003053402778109149
28.463251670378618,0,0,2.5,30,0,12,4.864071946276208,2.5,30,4.864071946276213e-05,0.04495168707321707,-0.002262998252836062,0.001994586149047423,0.0002703903753087797
28.66369710467706,0,0,2.5,30,0,12,4.864071946276208,2.5,30,4.864071946276213e-05,0.03758508936839557,-0.002248329388699167,0.002014668942007917,0.0002353516169347199
28.8641425389755,0,0,2.5,30,0,12,4.864071946276208,2.5,30,4.864071946276213e-05,0.03090678737876399,-0.002233177582164206,0.002034375125362794,0.0002002272403590241
29.06458797327394,0,0,2.5,30,0,12,4.864071946276208,2.5,30,4.864071946276213e-05,0.02479513757591038,-0.002217583492520048,0.002053729275289466,0.0001650306218052418
29.265033407572382,0,0,2.5,30,0,12,4.864071946276208,2.5,30,4.864071946276213e-05,0.01912765219071362,-0.002201596006992501,0.002072753524342093,0.0001297840302715675
29.465478841870823,0,0,2.5,30,0,12,4.864071946276208,2.5,30,4.864071946276213e-05,0.013763655888109,-0.002185272100746739,0.002091465814767509,9.452113361560184e-05
29.665924276169264,0,0,2.5,30,0,12,4.864071946276208,2.5,30,4.864071946276213e-05,0.00858180373271472,-0.002168636664765614,0.002109852336062524,5.927732623653805e-05
29.866369710467705,0,0,2.5,30,0,12,4.864071946276208,2.5,30,4.864071946276213e-05,0.003481474299119803,-0.002151647157489263,0.00212785354176741,2.407148908483109e-05
30.066815144766146,0,0,2.5,30,0,12,4.864071946276208,2.5,30,4.864071946276213e-05,-0.001565975353255041,-0.002134236577119107,0.002145433172928135,-1.112956299311287e-05
30.267260579064587,0,0,2.5,30,0,12,4.864071946276208,2.5,30,4.864071946276213e-05,-0.00662230344578126,-0.002116397528101243,0.002162579197389827,-4.632779202153221e-05
30.467706013363028,0,0,2.5,30,0,12,4.864071946276208,2.5,30,4.864071946276213e-05,-0.01173002493602405,-0.002098153819036883,0.002179345825076038,-8.155841363142189e-05
30.66815144766147,0,0,2.5,30,0,12,4.864071946276208,2.5,30,4.864071946276213e-05,-0.0169768537687632,-0.002079564042821017,0.002195791642646506,-0.0001168194140443165
30.86859688195991,0,0,2.5,30,0,12,4.864071946276208,2.5,30,4.864071946276213e-05,-0.02250986389284796,-0.00206066476764561,0.002211922261245036,-0.0001520807016446513
31.06904231625835,0,0,2.5,30,0,12,4.864071946276208,2.5,30,4.864071946276213e-05,-0.02846381300341012,-0.002041441602367812,0.002227682159275324,-0.0001873066016815834
31.26948775055679,0,0,2.5,30,0,12,4.864071946276208,2.5,30,4.864071946276213e-05,-0.03497518715192375,-0.002021872119764497,0.00224301603882059,-0.0002224694620256272
31.469933184855233,0,0,2.5,30,0,12,4.864071946276208,2.5,30,4.864071946276213e-05,-0.04215362780043622,-0.002001932264180009,0.002257879066206619,-0.0002575520217479179
31.670378619153674,0,0,2.5,30,0,12,4.864071946276208,2.5,30,4.864071946276213e-05,-0.05009687339833319,-0.001981599750209949,0.002272238616939267,-0.0002925455702548452
31.870824053452115,0,0,2.5,30,0,12,4.864071946276208,2.5,30,4.864071946276213e-05,-0.05888533810676656,-0.001960867894676279,0.002286106479193262,-0.0003274651112019734
32.071269487750556,0,0,2.5,30,0,12,4.864071946276208,2.5,30,4.864071946276213e-05,-0.06855655451992126,-0.001939763096313514,0.002299555728501162,-0.0003623482860336857
32.271714922049,0,0,2.5,30,0,12,4.864071946276208,2.5,30,4.864071946276213e-05,-0.07916758728527537,-0.001918316560908617,0.002312635244033736,-0.0003972080668587316
32.47216035634744,0,0,2.5,30,0,12,4.864071946276208,2.5,30,4.864071946276213e-05,-0.09080910242149834,-0.001896529130708836,0.002325303893226625,-0.0004320082888702309
32.672605790645875,0,0,2.5,30,0,12,4.864071946276208,2.5,30,4.864071946276213e-05,-0.103512543576624,-0.001874381972851402,0.002337498892777932,-0.0004667113633982173
33.47438752783964,0,0,2.5,30,0,12,4.864071946276208,2.5,30,4.864071946276213e-05,-0.1619963621624671,-0.001781927397787684,0.002380889217476001,-0.0006042002270420036
32.87305122494432,0,0,2.5,30,0,12,4.864071946276208,2.5,30,4.864071946276213e-05,-0.1172100390318632,-0.001851854141634168,0.00234916903325299,-0.0005012909469516428
33.073496659242764,0,0,2.5,30,0,12,4.864071946276208,2.5,30,4.864071946276213e-05,-0.1317401456530866,-0.001828931162239656,0.00236028044772413,-0.0005357293174220744
33.67483296213808,0,0,2.5,30,0,12,4.864071946276208,2.5,30,4.864071946276213e-05,-0.176811202305386,-0.001757907111961101,0.002390523106669242,-0.0006382872108123178
33.2739420935412,0,0,2.5,30,0,12,4.864071946276208,2.5,30,4.864071946276213e-05,-0.1468113913867116,-0.001805613061886168,0.002370831472232425,-0.0005700227695332473
34.075723830734965,0,0,2.5,30,0,12,4.864071946276208,2.5,30,4.864071946276213e-05,-0.2030706308956987,-0.001708974964492157,0.002408693782467859,-0.0007062188817120366
34.2761692650334,0,0,2.5,30,0,12,4.864071946276208,2.5,30,4.864071946276213e-05,-0.2134200461519002,-0.001684094988090855,0.002417232521244335,-0.0007400280286710738
33.87527839643653,0,0,2.5,30,0,12,4.864071946276208,2.5,30,4.864071946276213e-05,-0.1906911999320049,-0.001733581447980898,0.002399782134250498,-0.0006722945355694468
34.47661469933185,0,0,2.5,30,0,12,4.864071946276208,2.5,30,4.864071946276213e-05,-0.2212626968992186,-0.001658943574097916,0.002425355942333235,-0.000773680683446555
34.67706013363029,0,0,2.5,30,0,12,4.864071946276208,2.5,30,4.864071946276213e-05,-0.2262056220304102,-0.001633525699765643,0.002433031310251123,-0.0008071413441050682
34.87750556792873,0,0,2.5,30,0,12,4.864071946276208,2.5,30,4.864071946276213e-05,-0.227945899273577,-0.001607846224050339,0.002440234970842508,-0.0008403825462323083
35.07795100222717,0,0,2.5,30,0,12,4.864071946276208,2.5,30,4.864071946276213e-05,-0.2262915978101037,-0.001581910188991229,0.002446951249633986,-0.0008733832854522024
35.27839643652561,0,0,2.5,30,0,12,4.864071946276208,2.5,30,4.864071946276213e-05,-0.2211849439888018,-0.001555725754757476,0.002453177346197973,-0.000906129740740214
35.478841870824056,0,0,2.5,30,0,12,4.864071946276208,2.5,30,4.864071946276213e-05,-0.2126839414124121,-0.001529300278141452,0.002458915277641673,-0.0009386125498530296
35.67928730512249,0,0,2.5,30,0,12,4.864071946276208,2.5,30,4.864071946276213e-05,-0.2009499286902835,-0.001502637937210735,0.002464162045812775,-0.000970820927013044
35.87973273942093,0,0,2.5,30,0,12,4.864071946276208,2.5,30,4.864071946276213e-05,-0.1862403946365381,-0.001475740513278706,0.002468909086469457,-0.001002741314470195
36.080178173719375,0,0,2.5,30,0,12,4.864071946276208,2.5,30,4.864071946276213e-05,-0.1688587231877025,-0.001448606648559816,0.002473144197364061,-0.001034360021097499
36.28062360801782,0,0,2.5,30,0,12,4.864071946276208,2.5,30,4.864071946276213e-05,-0.1491555537332361,-0.001421233349270688,0.0024768543852269,-0.001065664611980464
36.48106904231626,0,0,2.5,30,0,12,4.864071946276208,2.5,30,4.864071946276213e-05,-0.1275048079487448,-0.001393618974191372,0.002480026281874558,-0.001096641362147599
36.681514476614694,0,0,2.5,30,0,12,4.864071946276208,2.5,30,4.864071946276213e-05,-0.1042678074760357,-0.001365760221029469,0.002482647692087693,-0.001127280005009146
36.88195991091314,0,0,2.5,30,0,12,4.864071946276208,2.5,30,4.864071946276213e-05,-0.07980348306829313,-0.001337649462183147,0.002484708694103108,-0.001157577340901321
37.08240534521158,0,0,2.5,30,0,12,4.864071946276208,2.5,30,4.864071946276213e-05,-0.05443302737563319,-0.001309274550209904,0.002486202188788387,-0.001187537692432984
37.28285077951002,0,0,2.5,30,0,12,4.864071946276208,2.5,30,4.864071946276213e-05,-0.02847518811119104,-0.001280618849777861,0.002487123288497725,-0.001217172087102027
37.48329621380846,0,0,2.5,30,0,12,4.864071946276208,2.5,30,4.864071946276213e-05,-0.002215983111694851,-0.001251664489433398,0.002487468677547835,-0.001246494373483822
37.6837416481069,0,0,2.5,30,0,12,4.864071946276208,2.5,30,4.864071946276213e-05,0.02406437992736944,-0.001222397994914534,0.002487237201629063,-0.001275516525605266
37.88418708240535,0,0,2.5,30,0,12,4.864071946276208,2.5,30,4.864071946276213e-05,0.05006508279450832,-0.001192812460885736,0.002486429367043263,-0.001304246158322289
38.084632516703785,0,0,2.5,30,0,12,4.864071946276208,2.5,30,4.864071946276213e-05,0.07551612094793246,-0.001162904529080207,0.002485048249060869,-0.001332690292029388
38.28507795100222,0,0,2.5,30,0,12,4.864071946276208,2.5,30,4.864071946276213e-05,0.1000980012989352,-0.001132673765671708,0.002483098199793722,-0.001360854420582091
38.48552338530067,0,0,2.5,30,0,12,4.864071946276208,2.5,30,4.864071946276213e-05,0.1234838861566926,-0.001102121261188437,0.002480586089988917,-0.001388745261921051
38.68596881959911,0,0,2.5,30,0,12,4.864071946276208,2.5,30,4.864071946276213e-05,0.1453527499116644,-0.001071246757693277,0.002477521157373505,-0.001416373303419974
38.88641425389755,0,0,2.5,30,0,12,4.864071946276208,2.5,30,4.864071946276213e-05,0.1653533935162721,-0.001040046836015975,0.002473914892134799,-0.001443754460681244
39.086859688195986,0,0,2.5,30,0,12,4.864071946276208,2.5,30,4.864071946276213e-05,0.1831533488833005,-0.001008520977832537,0.002469780271215216,-0.001470903785816988
39.28730512249443,0,0,2.5,30,0,12,4.864071946276208,2.5,30,4.864071946276213e-05,0.198410126454695,-0.0009766762538829783,0.00246512977448377,-0.001497828865706295
39.487750556792875,0,0,2.5,30,0,12,4.864071946276208,2.5,30,4.864071946276213e-05,0.2107785040862338,-0.0009445300804453416,0.002459975229138318,-0.001524526963954178
39.68819599109131,0,0,2.5,30,0,12,4.864071946276208,2.5,30,4.864071946276213e-05,0.2199845764493185,-0.0009120999763843914,0.002454325922173857,-0.001550993202012485
39.88864142538975,0,0,2.5,30,0,12,4.864071946276208,2.5,30,4.864071946276213e-05,0.2258397052126586,-0.0008794015303942092,0.002448187585489977,-0.001577221386741079
40.089086859688194,0,0,2.5,30,0,12,4.864071946276208,2.5,30,4.864071946276213e-05,0.2282526293676062,-0.0008464475485202188,0.002441560384843293,-0.001603202886416226
40.28953229398664,0,0,2.5,30,0,12,4.864071946276208,2.5,30,4.864071946276213e-05,0.2272531619061376,-0.0008132481962387637,0.002434442706004097,-0.001628929135926924
40.489977728285076,0,0,2.5,30,0,12,4.864071946276208,2.5,30,4.864071946276213e-05,0.22299465977991,-0.0007798241690282144,0.002426848738628995,-0.00165439431899523
40.690423162583514,0,0,2.5,30,0,12,4.864071946276208,2.5,30,4.864071946276213e-05,0.2157449061399078,-0.0007462048768378534,0.002418803322377803,-0.00167959313190488
40.89086859688196,0,0,2.5,30,0,12,4.864071946276208,2.5,30,4.864071946276213e-05,0.2058795176889083,-0.0007124241122350233,0.002410338041694033,-0.001704521421808965
41.0913140311804,0,0,2.5,30,0,12,4.864071946276208,2.5,30,4.864071946276213e-05,0.1938678859444667,-0.0006785214397244089,0.002401492998853515,-0.001729176709192525
41.29175946547884,0,0,2.5,30,0,12,4.864071946276208,2.5,30,4.864071946276213e-05,0.1802224709280058,-0.0006445332049858491,0.002392301664708959,-0.001753554323202361
41.49220489977728,0,0,2.5,30,0,12,4.864071946276208,2.5,30,4.864071946276213e-05,0.1654990308678488,-0.0006104661804403508,0.002382743627250639,-0.001777632364262673
41.69265033407572,0,0,2.5,30,0,12,4.864071946276208,2.5,30,4.864071946276213e-05,0.1502658629669544,-0.0005763108739403225,0.002372772646117979,-0.001801382581656252
41.89309576837417,0,0,2.5,30,0,12,4.864071946276208,2.5,30,4.864071946276213e-05,0.1350577242923849,-0.0005420450212808208,0.002362324077286792,-0.00182477322513687
42.093541202672604,0,0,2.5,30,0,12,4.864071946276208,2.5,30,4.864071946276213e-05,0.1203335287745966,-0.000507637953759401,0.002351324938849663,-0.001847773453067273
42.29398663697104,0,0,2.5,30,0,12,4.864071946276208,2.5,30,4.864071946276213e-05,0.1064096172461496,-0.0004730875750875649,0.002339763763125721,-0.001870377537712197
42.494432071269486,0,0,2.5,30,0,12,4.864071946276208,2.5,30,4.864071946276213e-05,0.09346009190850586,-0.0004384100094135562,0.00232766988869707,-0.001892597374159907
42.69487750556793,0,0,2.5,30,0,12,4.864071946276208,2.5,30,4.864071946276213e-05,0.08154964943768156,-0.0004036301555985155,0.002315091744178977,-0.001914452885336216
42.89532293986637,0,0,2.5,30,0,12,4.864071946276208,2.5,30,4.864071946276213e-05,0.07065888301392219,-0.0003687834563694403,0.002302091271742462,-0.001935964666839358
43.095768374164805,0,0,2.5,30,0,12,4.864071946276208,2.5,30,4.864071946276213e-05,0.06071034950800036,-0.0003339107697140202,0.002288721037837913,-0.001957137553925441
43.29621380846325,0,0,2.5,30,0,12,4.864071946276208,2.5,30,4.864071946276213e-05,0.05165722998256334,-0.000299007646086643,0.002274947081415005,-0.001977944907664508
43.496659242761694,0,0,2.5,30,0,12,4.864071946276208,2.5,30,4.864071946276213e-05,0.04349144699620768,-0.0002640368544267304,0.002260694609394346,-0.001998358118391993
43.69710467706013,0,0,2.5,30,0,12,4.864071946276208,2.5,30,4.864071946276213e-05,0.03615978076942093,-0.0002289753057716413,0.002245936014851202,-0.002018377820438263
43.89755011135857,0,0,2.5,30,0,12,4.864071946276208,2.5,30,4.864071946276213e-05,0.02954750118559196,-0.0001938304554397198,0.002230699794463219,-0.002038023738748309
44.097995545657014,0,0,2.5,30,0,12,4.864071946276208,2.5,30,4.864071946276213e-05,0.02352182518065417,-0.0001586186145307428,0.002215028567367397,-0.002057318990644689
44.29844097995546,0,0,2.5,30,0,12,4.864071946276208,2.5,30,4.864071946276213e-05,0.01793936779215103,-0.0001233659267466102,0.002198975509577764,-0.002076285812101025
44.498886414253896,0,0,2.5,30,0,12,4.864071946276208,2.5,30,4.864071946276213e-05,0.01265304104979969,-8.810474788495252e-05,0.002182596517739422,-0.002094942279101231
44.69933184855233,0,0,2.5,30,0,12,4.864071946276208,2.5,30,4.864071946276213e-05,0.007534748882943127,-5.28672242011744e-05,0.002165900351980192,-0.002113262695861611
44.89977728285078,0,0,2.5,30,0,12,4.864071946276208,2.5,30,4.864071946276213e-05,0.002489524138135552,-1.766521887960014e-05,0.002148836974931216,-0.00213118729303196
45.10022271714922,0,0,2.5,30,0,12,4.864071946276208,2.5,30,4.864071946276213e-05,-0.002514807861422664,1.753875872268168e-05,0.00213134482551078,-0.002148688394380127
45.30066815144766,0,0,2.5,30,0,12,4.864071946276208,2.5,30,4.864071946276213e-05,-0.007554639261817316,5.274396693193682e-05,0.002113428197115127,-0.002165762743252844
45.5011135857461,0,0,2.5,30,0,12,4.864071946276208,2.5,30,4.864071946276213e-05,-0.0126726354493344,8.798388648929693e-05,0.002095117592135101,-0.002182471035578074
45.70155902004454,0,0,2.5,30,0,12,4.864071946276208,2.5,30,4.864071946276213e-05,-0.01795134074265503,0.0001232478786417743,0.00207647241809038,-0.00219886420580935
45.902004454342986,0,0,2.5,30,0,12,4.864071946276208,2.5,30,4.864071946276213e-05,-0.02352041644170802,0.0001585055858198526,0.002057515906682687,-0.002214932482270574
46.102449888641424,0,0,2.5,30,0,12,4.864071946276208,2.5,30,4.864071946276213e-05,-0.02951906099247318,0.0001937220900664971,0.002038231550261874,-0.00223061914768103
46.30289532293986,0,0,2.5,30,0,12,4.864071946276208,2.5,30,4.864071946276213e-05,-0.03607322974787241,0.0002288716202208481,0.002018598605603126,-0.002245873178745621
46.503340757238306,0,0,2.5,30,0,12,4.864071946276208,2.5,30,4.864071946276213e-05,-0.04331833382710107,0.00026393757297025,0.001998593257572493,-0.002260650832855177
46.70378619153675,0,0,2.5,30,0,12,4.864071946276208,2.5,30,4.864071946276213e-05,-0.05137209769881266,0.0002989114894709437,0.001978194056227151,-0.002274920612329018
46.90423162583519,0,0,2.5,30,0,12,4.864071946276208,2.5,30,4.864071946276213e-05,-0.06030274684022142,0.0003338170832084389,0.0019573994575614,-0.0022887100031723
47.104677060133625,0,0,2.5,30,0,12,4.864071946276208,2.5,30,4.864071946276213e-05,-0.07014151993391099,0.0003686918218123953,0.001936239357739322,-0.002302095444723198
47.30512249443207,0,0,2.5,30,0,12,4.864071946276208,2.5,30,4.864071946276213e-05,-0.08093254958012608,0.0004035387663994772,0.001914740297714301,-0.002315109115991812
47.505567928730514,0,0,2.5,30,0,12,4.864071946276208,2.5,30,4.864071946276213e-05,-0.09275346542371032,0.0004383157631538627,0.001892897238869704,-0.002327696679439976
47.70601336302895,0,0,2.5,30,0,12,4.864071946276208,2.5,30,4.864071946276213e-05,-0.1056075614766853,0.0004729890595738404,0.001870690972782798,-0.002339799560286967
47.90645879732739,0,0,2.5,30,0,12,4.864071946276208,2.5,30,4.864071946276213e-05,-0.1194025163657419,0.0005075358992265625,0.001848103047391226,-0.002351373331309761
48.10690423162583,0,0,2.5,30,0,12,4.864071946276208,2.5,30,4.864071946276213e-05,-0.1339739712708026,0.00054194097838949,0.001825121136513335,-0.002362389034701599
48.30734966592428,0,0,2.5,30,0,12,4.864071946276208,2.5,30,4.864071946276213e-05,-0.1490258668118459,0.0005762066275236265,0.001801750457456541,-0.002372857794736807
48.507795100222715,0,0,2.5,30,0,12,4.864071946276208,2.5,30,4.864071946276213e-05,-0.1641244309628964,0.0006103640454327985,0.001778021454846405,-0.002382852729468699
49.10913140311804,0,0,2.5,30,0,12,4.864071946276208,2.5,30,4.864071946276213e-05,-0.2043921938221408,0.0007123302511245224,0.001704976059942701,-0.002410522907239258
48.9086859688196,0,0,2.5,30,0,12,4.864071946276208,2.5,30,4.864071946276213e-05,-0.1923704917340983,0.0006784262034198135,0.001729609075322191,-0.002401653647729721
48.70824053452115,0,0,2.5,30,0,12,4.864071946276208,2.5,30,4.864071946276213e-05,-0.1787582818793008,0.0006444346484931245,0.001753964881842673,-0.002392436489199781
49.30957683741648,0,0,2.5,30,0,12,4.864071946276208,2.5,30,4.864071946276213e-05,-0.2143012222284044,0.000746109881889017,0.001680069001318277,-0.002419008457260854
49.51002227171492,0,0,2.5,30,0,12,4.864071946276208,2.5,30,4.864071946276213e-05,-0.2216398246682458,0.0007797246537534326,0.001654888555145666,-0.002427067505910069
49.71046770601336,0,0,2.5,30,0,12,4.864071946276208,2.5,30,4.864071946276213e-05,-0.2260314171251667,0.0008131409120926843,0.001629439071029808,-0.002434668924380647
49.910913140311806,0,0,2.5,30,0,12,4.864071946276208,2.5,30,4.864071946276213e-05,-0.227192611091695,0.0008463339110382718,0.00160372497041032,-0.002441791753832004
50.11135857461024,0,0,2.5,30,0,12,4.864071946276208,2.5,30,4.864071946276213e-05,-0.2249890610641611,0.0008792829236280233,0.00157775336347046,-0.00244842327978921
50.31180400890868,0,0,2.5,30,0,12,4.864071946276208,2.5,30,4.864071946276213e-05,-0.2193813706753341,0.000911977985970536,0.001551534782408819,-0.002454567417435613
50.512249443207125,0,0,2.5,30,0,12,4.864071946276208,2.5,30,4.864071946276213e-05,-0.2104180383574724,0.0009444081733400578,0.001525078695586528,-0.002460226643885981
50.71269487750557,0,0,2.5,30,0,12,4.864071946276208,2.5,30,4.864071946276213e-05,-0.1982922814788976,0.000976557756302798,0.001498391678312741,-0.002465395415145028
50.91314031180401,0,0,2.5,30,0,12,4.864071946276208,2.5,30,4.864071946276213e-05,-0.1832461695110483,0.001008406601157453,0.001471480216615549,-0.00247006343811098
51.113585746102444,0,0,2.5,30,0,12,4.864071946276208,2.5,30,4.864071946276213e-05,-0.1656022719204386,0.001039936192378022,0.001444347098839218,-0.002474217780684981
51.31403118040089,0,0,2.5,30,0,12,4.864071946276208,2.5,30,4.864071946276213e-05,-0.1456964022859065,0.001071138311690462,0.00141698540640547,-0.002477845452528816
51.51447661469933,0,0,2.5,30,0,12,4.864071946276208,2.5,30,4.864071946276213e-05,-0.1238717453214483,0.001102011304094053,0.001389380609414089,-0.002480931864090003
51.71492204899777,0,0,2.5,30,0,12,4.864071946276208,2.5,30,4.864071946276213e-05,-0.1004932207270814,0.001132558145464093,0.001361515612343513,-0.0024834639408979
51.91536748329621,0,0,2.5,30,0,12,4.864071946276208,2.5,30,4.864071946276213e-05,-0.07590727538281407,0.001162781392069468,0.001333378135460336,-0.002485432936002391
52.3162583518931,0,0,2.5,30,0,12,4.864071946276208,2.5,30,4.864071946276213e-05,-0.02444329024009418,0.001222251765074075,0.001276258379205919,-0.002487652962523508
52.11581291759465,0,0,2.5,30,0,12,4.864071946276208,2.5,30,4.864071946276213e-05,-0.05044867902376476,0.001192679006265774,0.001304961363124309,-0.002486831044795756
52.71714922048997,0,0,2.5,30,0,12,4.864071946276208,2.5,30,4.864071946276213e-05,0.0280865993995955,0.00128044089596378,0.001217963633683516,-0.002487557997807909
52.91759465478842,0,0,2.5,30,0,12,4.864071946276208,2.5,30,4.864071946276213e-05,0.05405145721816088,0.001309074810188648,0.001188353606086489,-0.002486640332174995
52.516703786191535,0,0,2.5,30,0,12,4.864071946276208,2.5,30,4.864071946276213e-05,0.001829187434636798,0.001251503570609654,0.001247261849528947,-0.002487895768643725
53.11804008908686,0,0,2.5,30,0,12,4.864071946276208,2.5,30,4.864071946276213e-05,0.07944082028182033,0.001337423176716324,0.001158417918545439,-0.002485146082029765
53.3184855233853,0,0,2.5,30,0,12,4.864071946276208,2.5,30,4.864071946276213e-05,0.103948266722633,0.00136550493491498,0.001128144588460078,-0.002483081412278034
53.518930957683736,0,0,2.5,30,0,12,4.864071946276208,2.5,30,4.864071946276213e-05,0.1272442942726756,0.001393334010196392,0.001097529584253202,-0.002480455424709179
53.71937639198218,0,0,2.5,30,0,12,4.864071946276208,2.5,30,4.864071946276213e-05,0.14897098073083,0.001420920499470589,0.001066573269984183,-0.002477277679482159
53.919821826280625,0,0,2.5,30,0,12,4.864071946276208,2.5,30,4.864071946276213e-05,0.1687501180537948,0.001448269531329936,0.001035285382760533,-0.00247356165701665
54.12026726057906,0,0,2.5,30,0,12,4.864071946276208,2.5,30,4.864071946276213e-05,0.1862063582073467,0.00147538449473572,0.001003676817973323,-0.002469319764618986
54.3207126948775,0,0,2.5,30,0,12,4.864071946276208,2.5,30,4.864071946276213e-05,0.2009967439902694,0.001502267870296193,0.0009717598861053982,-0.00246456450810663
54.521158129175944,0,0,2.5,30,0,12,4.864071946276208,2.5,30,4.864071946276213e-05,0.2128239231909126,0.00152892091654852,0.0009395500754403822,-0.002459309830657939
54.72160356347439,0,0,2.5,30,0,12,4.864071946276208,2.5,30,4.864071946276213e-05,0.2214358269358174,0.001555342507456579,0.0009070601032247863,-0.002453564217219475
54.922048997772826,0,0,2.5,30,0,12,4.864071946276208,2.5,30,4.864071946276213e-05,0.2266629623990041,0.00158152728319282,0.00087430328642404,-0.002447331999632983
55.122494432071264,0,0,2.5,30,0,12,4.864071946276208,2.5,30,4.864071946276213e-05,0.2284200490536808,0.001607466089407434,0.0008412898224458988,-0.002440610166128623
55.32293986636971,0,0,2.5,30,0,12,4.864071946276208,2.5,30,4.864071946276213e-05,0.2267607778086213,0.001633148797852513,0.0008080343604131349,-0.002433400025306884
55.52338530066815,0,0,2.5,30,0,12,4.864071946276208,2.5,30,4.864071946276213e-05,0.2218593964205778,0.001658566983297484,0.000774562071786494,-0.002425717649308418
55.72383073496659,0,0,2.5,30,0,12,4.864071946276208,2.5,30,4.864071946276213e-05,0.2140261721606253,0.001683714904838128,0.0007409008366662767,-0.002417585950782974
55.92427616926503,0,0,2.5,30,0,12,4.864071946276208,2.5,30,4.864071946276213e-05,0.203660285310642,0.001708589497417461,0.0007070838253138146,-0.002409037033996297
56.32516703786192,0,0,2.5,30,0,12,4.864071946276208,2.5,30,4.864071946276213e-05,0.1773128473370768,0.001757508056820113,0.0006391436131889772,-0.002390848543241734
56.12472160356347,0,0,2.5,30,0,12,4.864071946276208,2.5,30,4.864071946276213e-05,0.1912469403226556,0.001733189168581911,0.0006731536917396004,-0.002400115107483379
56.525612472160354,0,0,2.5,30,0,12,4.864071946276208,2.5,30,4.864071946276213e-05,0.1624392160970221,0.001781521976568313,0.000605058233265109,-0.002381211793368998
57.32739420935412,0,0,2.5,30,0,12,4.864071946276208,2.5,30,4.864071946276213e-05,0.1038365290045254,0.001873974519779612,0.0004676178824111368,-0.002337877611947284
56.72605790645879,0,0,2.5,30,0,12,4.864071946276208,2.5,30,4.864071946276213e-05,0.1471943349622188,0.001805203057653455,0.0005708865770519735,-0.002371157266005289
56.926503340757236,0,0,2.5,30,0,12,4.864071946276208,2.5,30,4.864071946276213e-05,0.1320807915643976,0.001828519513544039,0.000536603859057375,-0.002360617689690152
57.12694877505568,0,0,2.5,30,0,12,4.864071946276208,2.5,30,4.864071946276213e-05,0.1175332374815055,0.001851443235504926,0.0005021802145339462,-0.002349524365998263
57.527839643652555,0,0,2.5,30,0,12,4.864071946276208,2.5,30,4.864071946276213e-05,0.09113637536524334,0.001896126679924463,0.0004329348432160843,-0.002325710343587934
57.728285077951,0,0,2.5,30,0,12,4.864071946276208,2.5,30,4.864071946276213e-05,0.07949001187434773,0.001917919176783935,0.0003981540646821514,-0.002313068437914708
58.32962138084632,0,0,2.5,30,0,12,4.864071946276208,2.5,30,4.864071946276213e-05,0.05040438613027345,0.001981215208617106,0.0002935442611913383,-0.002272741673564183
58.12917594654788,0,0,2.5,30,0,12,4.864071946276208,2.5,30,4.864071946276213e-05,0.05918986125606619,0.00196047831427314,0.0003284450766715604,-0.002286584139772778
58.73051224944321,0,0,2.5,30,0,12,4.864071946276208,2.5,30,4.864071946276213e-05,0.03532821809489713,0.002021502634857202,0.0002235036695167641,-0.002243573484487685
57.928730512249444,0,0,2.5,30,0,12,4.864071946276208,2.5,30,4.864071946276213e-05,0.06886987358889073,0.001939369527526683,0.0003633113572248618,-0.002300011268376372
58.530066815144764,0,0,2.5,30,0,12,4.864071946276208,2.5,30,4.864071946276213e-05,0.04247696974291713,0.002001554476700766,0.0002585695046269351,-0.002258409574741673
58.930957683741646,0,0,2.5,30,0,12,4.864071946276208,2.5,30,4.864071946276213e-05,0.02883389795317905,0.002041082604218667,0.0001883563860447966,-0.002228267866496404
59.13140311804008,0,0,2.5,30,0,12,4.864071946276208,2.5,30,4.864071946276213e-05,0.0228665338420872,0.002060318591403492,0.0001531439472999731,-0.002212536573728597
59.33184855233853,0,0,2.5,30,0,12,4.864071946276208,2.5,30,4.864071946276213e-05,0.01730661296087972,0.00207923142722416,0.000117892182508868,-0.002196430784525102
59.53229398663697,0,0,2.5,30,0,12,4.864071946276208,2.5,30,4.864071946276213e-05,0.01201323336986456,0.002097835669608733,8.26359750040113e-05,-0.002180005325281119
59.73273942093541,0,0,2.5,30,0,12,4.864071946276208,2.5,30,4.864071946276213e-05,0.006853678953270712,0.002116095463955537,4.740880874267296e-05,-0.002163259535887447
59.93318485523385,0,0,2.5,30,0,12,4.864071946276208,2.5,30,4.864071946276213e-05,0.001760338331244041,0.00213395164624161,1.221521731505136e-05,-0.00214613720177978
60.13363028953229,0,0,2.5,30,0,12,4.864071946276208,2.5,30,4.864071946276213e-05,-0.003303109600670483,0.002151377948414696,-2.297823128566781e-05,-0.002128582951046287
60.334075723830736,0,0,2.5,30,0,12,4.864071946276208,2.5,30,4.864071946276213e-05,-0.008402955508449312,0.002168380804292463,-5.817420128665513e-05,-0.002110606944699889
60.534521158129174,0,0,2.5,30,0,12,4.864071946276208,2.5,30,4.864071946276213e-05,-0.01356444635064437,0.002185030568186871,-9.341248005535784e-05,-0.002092242295330547
60.73496659242761,0,0,2.5,30,0,12,4.864071946276208,2.5,30,4.864071946276213e-05,-0.01891202808771577,0.002201372166643849,-0.0001286731824719776,-0.002073551405599141
60.935412026726056,0,0,2.5,30,0,12,4.864071946276208,2.5,30,4.864071946276213e-05,-0.02458703556345399,0.00221738184777229,-0.0001639209220543166,-0.002054549376244308
61.1358574610245,0,0,2.5,30,0,12,4.864071946276208,2.5,30,4.864071946276213e-05,-0.03073014128244891,0.002232999576817273,-0.0001991214143363966,-0.002035216151655977
61.33630289532294,0,0,2.5,30,0,12,4.864071946276208,2.5,30,4.864071946276213e-05,-0.03746826208960476,0.002248172780005491,-0.0002342496565119252,-0.002015528846672546
61.73719376391982,0,0,2.5,30,0,12,4.864071946276208,2.5,30,4.864071946276213e-05,-0.05315083104390443,0.002277040044700997,-0.0003042456335298383,-0.001974999636992158
61.536748329621375,0,0,2.5,30,0,12,4.864071946276208,2.5,30,4.864071946276213e-05,-0.04490848737773973,0.002262860532316456,-0.0002692920246535523,-0.001995463090082231
61.937639198218264,0,0,2.5,30,0,12,4.864071946276208,2.5,30,4.864071946276213e-05,-0.06225664077647659,0.002290754002522899,-0.000339140366073423,-0.001954144587249225
62.1380846325167,0,0,2.5,30,0,12,4.864071946276208,2.5,30,4.864071946276213e-05,-0.07227345784689189,0.002304076965766566,-0.0003740097187941638,-0.001932930431176178
62.33853006681514,0,0,2.5,30,0,12,4.864071946276208,2.5,30,4.864071946276213e-05,-0.08327171112653173,0.00231702565257462,-0.0004088482829533846,-0.001911378366163527
62.53897550111358,0,0,2.5,30,0,12,4.864071946276208,2.5,30,4.864071946276213e-05,-0.09532584259235684,0.002329539771493952,-0.0004436122956724185,-0.001889479414559647
62.73942093541203,0,0,2.5,30,0,12,4.864071946276208,2.5,30,4.864071946276213e-05,-0.1084387433179988,0.002341559036917181,-0.000478268196448247,-0.001867212349989504
62.939866369710465,0,0,2.5,30,0,12,4.864071946276208,2.5,30,4.864071946276213e-05,-0.1225062473103639,0.002353038617680994,-0.0005127927222616304,-0.001844558729166168
63.34075723830735,0,0,2.5,30,0,12,4.864071946276208,2.5,30,4.864071946276213e-05,-0.1525455860190353,0.002374326163801472,-0.0005814136981690161,-0.001798070358342623
63.1403118040089,0,0,2.5,30,0,12,4.864071946276208,2.5,30,4.864071946276213e-05,-0.1373190888249501,0.002363952715506022,-0.0005471714546822024,-0.001821507970357296
63.54120267260579,0,0,2.5,30,0,12,4.864071946276208,2.5,30,4.864071946276213e-05,-0.1677282317536143,0.002384236019992267,-0.0006155517692211883,-0.001774278776106511
63.74164810690423,0,0,2.5,30,0,12,4.864071946276208,2.5,30,4.864071946276213e-05,-0.1823538877832425,0.002393743304467813,-0.0006496054299049859,-0.001750164322663636
63.94209354120267,0,0,2.5,30,0,12,4.864071946276208,2.5,30,4.864071946276213e-05,-0.195860075520288,0.002402890076283166,-0.0006835804676235352,-0.001725755151447221
64.14253897550111,0,0,2.5,30,0,12,4.864071946276208,2.5,30,4.864071946276213e-05,-0.2076848853287849,0.002411687084605823,-0.0007174639024463186,-0.001701070839688235
64.34298440979956,0,0,2.5,30,0,12,4.864071946276208,2.5,30,4.864071946276213e-05,-0.217316170472811,0.002420094478553768,-0.0007512160096950805,-0.001676113854963137
64.543429844098,0,0,2.5,30,0,12,4.864071946276208,2.5,30,4.864071946276213e-05,-0.2243003648840232,0.002428072874878061,-0.0007847967539207417,-0.001650887681295034
64.94432071269487,0,0,2.5,30,0,12,4.864071946276208,2.5,30,4.864071946276213e-05,-0.2289501145485404,0.002442635665671951,-0.0008513220970347473,-0.001599648663712362
64.74387527839643,0,0,2.5,30,0,12,4.864071946276208,2.5,30,4.864071946276213e-05,-0.2282690156142933,0.002435593235435893,-0.0008181735228617438,-0.001625397647599556
65.14476614699332,0,0,2.5,30,0,12,4.864071946276208,2.5,30,4.864071946276213e-05,-0.2261875190197159,0.002449189101185392,-0.0008842239710880988,-0.00157364700649768
65.34521158129175,0,0,2.5,30,0,12,4.864071946276208,2.5,30,4.864071946276213e-05,-0.2199564722953678,0.002455255208171133,-0.0009168682032059115,-0.001547401591351102
65.5456570155902,0,0,2.5,30,0,12,4.864071946276208,2.5,30,4.864071946276213e-05,-0.2103567219679266,0.002460834166535118,-0.0009492451488480081,-0.001520918321947877
65.74610244988864,0,0,2.5,30,0,12,4.864071946276208,2.5,30,4.864071946276213e-05,-0.197575987175945,0.00246592078618622,-0.0009813427296942409,-0.001494200642480076
65.94654788418708,0,0,2.5,30,0,12,4.864071946276208,2.5,30,4.864071946276213e-05,-0.1818974593332064,0.002470504431229706,-0.001013146414446501,-0.001467249322040196
66.14699331848553,0,0,2.5,30,0,12,4.864071946276208,2.5,30,4.864071946276213e-05,-0.1636544666050969,0.002474572452575418,-0.001044639461507852,-0.001440065574973729
66.34743875278396,0,0,2.5,30,0,12,4.864071946276208,2.5,30,4.864071946276213e-05,-0.1432183653912592,0.002478111277796043,-0.001075806151716677,-0.001412649206303687
66.5478841870824,0,0,2.5,30,0,12,4.864071946276208,2.5,30,4.864071946276213e-05,-0.1209554829275411,0.002481107100114885,-0.001106635655232916,-0.001384995660176561
66.94877505567928,0,0,2.5,30,0,12,4.864071946276208,2.5,30,4.864071946276213e-05,-0.07237003222982753,0.002485423870842234,-0.001167283696480985,-0.001328926747113675
66.74832962138085,0,0,2.5,30,0,12,4.864071946276208,2.5,30,4.864071946276213e-05,-0.09723373626831458,0.002483547729660968,-0.001137125438751351,-0.001357094285084051
67.34966592427617,0,0,2.5,30,0,12,4.864071946276208,2.5,30,4.864071946276213e-05,-0.02050805216214629,0.002487461354746107,-0.001226643632689565,-0.001271730635913199
67.14922048997772,0,0,2.5,30,0,12,4.864071946276208,2.5,30,4.864071946276213e-05,-0.04669057004821108,0.002486729757308716,-0.001197121215683639,-0.001300475647448141
67.55011135857461,0,0,2.5,30,0,12,4.864071946276208,2.5,30,4.864071946276213e-05,0.005883761990647485,0.002487616409318031,-0.001255855926659618,-0.001242684092707006
67.75055679287306,0,0,2.5,30,0,12,4.864071946276208,2.5,30,4.864071946276213e-05,0.03218809559523606,0.002487194125185751,-0.001284763608864757,-0.001213329610042901
67.95100222717149,0,0,2.5,30,0,12,4.864071946276208,2.5,30,4.864071946276213e-05,0.05812252596985135,0.002486195665533865,-0.00131337346689268,-0.001183661813394106
68.15144766146993,0,0,2.5,30,0,12,4.864071946276208,2.5,30,4.864071946276213e-05,0.083384108271419,0.002484623771334503,-0.001341694201107805,-0.001153675282982729
68.35189309576838,0,0,2.5,30,0,12,4.864071946276208,2.5,30,4.864071946276213e-05,0.1076778467599856,0.002482483981748674,-0.001369740440826748,-0.001123361715921013
68.5523385300668,0,0,2.5,30,0,12,4.864071946276208,2.5,30,4.864071946276213e-05,0.1306746765050691,0.002479783963797354,-0.001397531052493838,-0.001092710812835059
68.75278396436525,0,0,2.5,30,0,12,4.864071946276208,2.5,30,4.864071946276213e-05,0.1520374090150127,0.002476534392095719,-0.001425081387021172,-0.001061718780663014
68.9532293986637,0,0,2.5,30,0,12,4.864071946276208,2.5,30,4.864071946276213e-05,0.1714177800023208,0.002472747911028336,-0.001452399322763035,-0.001030391586683497
69.15367483296214,0,0,2.5,30,0,12,4.864071946276208,2.5,30,4.864071946276213e-05,0.1884377710658246,0.002468437430137619,-0.00147948715476826,-0.0009987417404184577
69.35412026726058,0,0,2.5,30,0,12,4.864071946276208,2.5,30,4.864071946276213e-05,0.2027492299153858,0.002463615137556417,-0.001506343704307529,-0.0009667851534688166
69.55456570155901,0,0,2.5,30,0,12,4.864071946276208,2.5,30,4.864071946276213e-05,0.2140416518022268,0.002458292513610972,-0.001532967754040708,-0.0009345374976188806
69.75501113585746,0,0,2.5,30,0,12,4.864071946276208,2.5,30,4.864071946276213e-05,0.2220691380935873,0.002452477914290006,-0.001559357582293259,-0.0009020121251638699
70.15590200445433,0,0,2.5,30,0,12,4.864071946276208,2.5,30,4.864071946276213e-05,0.2278599966377052,0.002439384269919586,-0.001611408672235436,-0.000836180903295867
69.9554565701559,0,0,2.5,30,0,12,4.864071946276208,2.5,30,4.864071946276213e-05,0.2266878491238591,0.002446176084458488,-0.001585507565353297,-0.0008692231548045632
70.35634743875278,0,0,2.5,30,0,12,4.864071946276208,2.5,30,4.864071946276213e-05,0.2256679811877426,0.002432103993689182,-0.001637052197210963,-0.0008028981352095482
70.75723830734967,0,0,2.5,30,0,12,4.864071946276208,2.5,30,4.864071946276213e-05,0.2120881466199175,0.002416156479404445,-0.001687541093207268,-0.0007357146182732778
70.55679287305122,0,0,2.5,30,0,12,4.864071946276208,2.5,30,4.864071946276213e-05,0.2203071078353201,0.002424352583012146,-0.001662431512870632,-0.0007693990644293438
70.95768374164811,0,0,2.5,30,0,12,4.864071946276208,2.5,30,4.864071946276213e-05,0.201434657138285,0.002407549230476712,-0.001712376859461472,-0.000701880136352363
71.15812917594654,0,0,2.5,30,0,12,4.864071946276208,2.5,30,4.864071946276213e-05,0.1888262945794364,0.002398574502066273,-0.00173693771475478,-0.0006679370670358226
71.35857461024499,0,0,2.5,30,0,12,4.864071946276208,2.5,30,4.864071946276213e-05,0.1747833713796883,0.002389252201115334,-0.001761214646545494,-0.0006339143999983738
71.55902004454343,0,0,2.5,30,0,12,4.864071946276208,2.5,30,4.864071946276213e-05,0.1598702432238508,0.00237955134360556,-0.001785182787105564,-0.0005998126910423294
71.75946547884186,0,0,2.5,30,0,12,4.864071946276208,2.5,30,4.864071946276213e-05,0.1446465698397921,0.002369421000811074,-0.001808813320155625,-0.0005656188643428592
71.9599109131403,0,0,2.5,30,0,12,4.864071946276208,2.5,30,4.864071946276213e-05,0.1296127373262755,0.002358790971351534,-0.001832073744757127,-0.0005313065209494941
72.16035634743875,0,0,2.5,30,0,12,4.864071946276208,2.5,30,4.864071946276213e-05,0.1151928071700015,0.002347600331555499,-0.001854938572723773,-0.000496850140306322
72.3608017817372,0,0,2.5,30,0,12,4.864071946276208,2.5,30,4.864071946276213e-05,0.1016461196219291,0.002335856717892641,-0.00187741035872249,-0.0004622560963727205
72.56124721603564,0,0,2.5,30,0,12,4.864071946276208,2.5,30,4.864071946276213e-05,0.08910445775907364,0.002323594427454349,-0.001899503488643173,-0.0004275424008411868
72.76169265033407,0,0,2.5,30,0,12,4.864071946276208,2.5,30,4.864071946276213e-05,0.0776125348592499,0.002310864947208875,-0.001921238670594748,-0.0003927357625186733
72.96213808463251,0,0,2.5,30,0,12,4.864071946276208,2.5,30,4.864071946276213e-05,0.06711787426249408,0.002297731674888466,-0.001942633404107994,-0.0003578753567388425
73.16258351893096,0,0,2.5,30,0,12,4.864071946276208,2.5,30,4.864071946276213e-05,0.05754316070371907,0.002284227678331641,-0.001963683697877161,-0.0003229933174886191
73.36302895322939,0,0,2.5,30,0,12,4.864071946276208,2.5,30,4.864071946276213e-05,0.04885070518324495,0.002270297265894725,-0.001984356872253868,-0.0002880721548653078
73.56347438752783,0,0,2.5,30,0,12,4.864071946276208,2.5,30,4.864071946276213e-05,0.04102064554811569,0.00225587036400748,-0.002004630432360104,-0.0002530732390735048
73.76391982182628,0,0,2.5,30,0,12,4.864071946276208,2.5,30,4.864071946276213e-05,0.03396826453776381,0.002240944636131755,-0.002024514995763583,-0.0002179860556178839
73.96436525612472,0,0,2.5,30,0,12,4.864071946276208,2.5,30,4.864071946276213e-05,0.02757772557210528,0.002225555049164392,-0.002044034352042445,-0.0001828198920374059
74.16481069042317,0,0,2.5,30,0,12,4.864071946276208,2.5,30,4.864071946276213e-05,0.02171057436787638,0.002209746851706358,-0.00206321196720529,-0.0001475929150619796
74.3652561247216,0,0,2.5,30,0,12,4.864071946276208,2.5,30,4.864071946276213e-05,0.01622937210854838,0.0021935731733944,-0.002082068554766569,-0.0001123324219635567
74.56570155902004,0,0,2.5,30,0,12,4.864071946276208,2.5,30,4.864071946276213e-05,0.01099856726386467,0.002177085420623375,-0.002100613262108799,-7.70755783536521e-05
74.76614699331849,0,0,2.5,30,0,12,4.864071946276208,2.5,30,4.864071946276213e-05,0.005890170493387843,0.002160270533347305,-0.002118802542190953,-4.185280563948925e-05
74.96659242761692,0,0,2.5,30,0,12,4.864071946276208,2.5,30,4.864071946276213e-05,0.0008541757118065097,0.002143065432600022,-0.002136585427434943,-6.652455682557663e-06
75.16703786191536,0,0,2.5,30,0,12,4.864071946276208,2.5,30,4.864071946276213e-05,-0.004161784580483943,0.002125427919001454,-0.002153936380235337,2.854696677167233e-05
75.3674832962138,0,0,2.5,30,0,12,4.864071946276208,2.5,30,4.864071946276213e-05,-0.009225764532975215,0.002107370947752978,-0.002170872785000883,6.375666447566188e-05
75.56792873051225,0,0,2.5,30,0,12,4.864071946276208,2.5,30,4.864071946276213e-05,-0.01437826430051283,0.002088934200512379,-0.002187464293075181,9.900811245867555e-05
75.7683741648107,0,0,2.5,30,0,12,4.864071946276208,2.5,30,4.864071946276213e-05,-0.01973579875158001,0.002070178988656887,-0.002203748713013099,0.0001342753510986495
75.96881959910912,0,0,2.5,30,0,12,4.864071946276208,2.5,30,4.864071946276213e-05,-0.02542296437943182,0.002051110440501557,-0.002219694469609195,0.0001695258871154761
76.16926503340757,0,0,2.5,30,0,12,4.864071946276208,2.5,30,4.864071946276213e-05,-0.03158990594973099,0.002031708443631464,-0.002235242532198178,0.0002047262719834539
76.36971046770601,0,0,2.5,30,0,12,4.864071946276208,2.5,30,4.864071946276213e-05,-0.03835952783553942,0.002011949449192687,-0.002250341924680464,0.0002398536110826553
76.77060133630289,0,0,2.5,30,0,12,4.864071946276208,2.5,30,4.864071946276213e-05,-0.05421305941748131,0.001971270531126776,-0.002279055439955398,0.0003098474742367659
76.57015590200444,0,0,2.5,30,0,12,4.864071946276208,2.5,30,4.864071946276213e-05,-0.04586540538802921,0.001991809468144839,-0.002264952867267052,0.0002748946259999011
76.97104677060133,0,0,2.5,30,0,12,4.864071946276208,2.5,30,4.864071946276213e-05,-0.06345771943038968,0.001950343014709393,-0.002292700035699905,0.0003447447329891837
77.17149220489978,0,0,2.5,30,0,12,4.864071946276208,2.5,30,4.864071946276213e-05,-0.07362487923415972,0.001929061138230134,-0.002305958537801085,0.0003796162090266709
77.57238307349665,0,0,2.5,30,0,12,4.864071946276208,2.5,30,4.864071946276213e-05,-0.09696428677058362,0.001885476684678463,-0.002331271952655191,0.0004492031186486403
77.7728285077951,0,0,2.5,30,0,12,4.864071946276208,2.5,30,4.864071946276213e-05,-0.1101608676589651,0.001863141081513549,-0.002343207554464792,0.0004838446127429174
77.37193763919822,0,0,2.5,30,0,12,4.864071946276208,2.5,30,4.864071946276213e-05,-0.08477674515439622,0.001907442871839044,-0.002318836295311539,0.0004144498511370063
78.57461024498886,0,0,2.5,30,0,12,4.864071946276208,2.5,30,4.864071946276213e-05,-0.1691972641793415,0.001769951366851685,-0.002385577602111228,0.0006210753555610465
78.17371937639197,0,0,2.5,30,0,12,4.864071946276208,2.5,30,4.864071946276213e-05,-0.1390450817580362,0.001817300285405938,-0.00236543248198328,0.0005527166358367518
77.97327394209354,0,0,2.5,30,0,12,4.864071946276208,2.5,30,4.864071946276213e-05,-0.1242563653749167,0.001840418635456372,-0.002354601938585752,0.0005183534699860135
78.7750556792873,0,0,2.5,30,0,12,4.864071946276208,2.5,30,4.864071946276213e-05,-0.1835687397762843,0.001745783224660601,-0.002395026185399777,0.0006551207128267763
79.17594654788418,0,0,2.5,30,0,12,4.864071946276208,2.5,30,4.864071946276213e-05,-0.2080817719141685,0.001696590826773809,-0.002412858714217809,0.0007229584465148082
78.37416481069042,0,0,2.5,30,0,12,4.864071946276208,2.5,30,4.864071946276213e-05,-0.1541776350466253,0.001793800450002642,-0.002375732804924418,0.0005869470607792482
79.37639198218262,0,0,2.5,30,0,12,4.864071946276208,2.5,30,4.864071946276213e-05,-0.2171653409453327,0.001671584538429552,-0.00242120541799987,0.0007566952211670171
78.97550111358575,0,0,2.5,30,0,12,4.864071946276208,2.5,30,4.864071946276213e-05,-0.196715263216505,0.001721323973302601,-0.002404118222943286,0.000689086900742289
79.57683741648107,0,0,2.5,30,0,12,4.864071946276208,2.5,30,4.864071946276213e-05,-0.2235303459554938,0.001646306656594614,-0.002429118895749792,0.0007902589420934586
79.7772828507795,0,0,2.5,30,0,12,4.864071946276208,2.5,30,4.864071946276213e-05,-0.2268278011997713,0.001620761106872659,-0.002436569997814274,0.0008236181779901319
79.97772828507794,0,0,2.5,30,0,12,4.864071946276208,2.5,30,4.864071946276213e-05,-0.2268385544676348,0.001594952187511553,-0.002443537945864919,0.0008567482845085002
80.17817371937639,0,0,2.5,30,0,12,4.864071946276208,2.5,30,4.864071946276213e-05,-0.2234559347239325,0.001568887736204342,-0.002450012997125132,0.0008896303160334252
80.37861915367483,0,0,2.5,30,0,12,4.864071946276208,2.5,30,4.864071946276213e-05,-0.2166699574059767,0.001542577712692999,-0.00245599986574479,0.0009222553211857214
80.57906458797328,0,0,2.5,30,0,12,4.864071946276208,2.5,30,4.864071946276213e-05,-0.2065873799716547,0.001516030036883318,-0.002461498765330574,0.0009546117487591918
80.77951002227171,0,0,2.5,30,0,12,4.864071946276208,2.5,30,4.864071946276213e-05,-0.1934080992352529,0.001489248530878501,-0.002466502916160497,0.0009866855164265696
80.97995545657015,0,0,2.5,30,0,12,4.864071946276208,2.5,30,4.864071946276213e-05,-0.1774020910125027,0.001462233380790422,-0.002471001704901006,0.001018462778447536
81.1804008908686,0,0,2.5,30,0,12,4.864071946276208,2.5,30,4.864071946276213e-05,-0.1589040869783382,0.001434982267571874,-0.002474982729642474,0.001049930819532154
81.38084632516703,0,0,2.5,30,0,12,4.864071946276208,2.5,30,4.864071946276213e-05,-0.138247849054238,0.001407492661318397,-0.002478433529804749,0.001081077531352489
81.58129175946547,0,0,2.5,30,0,12,4.864071946276208,2.5,30,4.864071946276213e-05,-0.115830451766053,0.001379762538209108,-0.002481340195514364,0.001111889298201509
81.78173719376392,0,0,2.5,30,0,12,4.864071946276208,2.5,30,4.864071946276213e-05,-0.09201435456636597,0.001351785534334305,-0.002483691203353485,0.001142359824187348
81.98218262806236,0,0,2.5,30,0,12,4.864071946276208,2.5,30,4.864071946276213e-05,-0.06714641265978366,0.001323549386504276,-0.002485477865443607,0.001172491895482809
82.1826280623608,0,0,2.5,30,0,12,4.864071946276208,2.5,30,4.864071946276213e-05,-0.04155198145057647,0.001295039117966639,-0.002486692379235746,0.001202291885597418
82.38307349665924,0,0,2.5,30,0,12,4.864071946276208,2.5,30,4.864071946276213e-05,-0.01551379724740849,0.001266235666110096,-0.002487329816253992,0.001231773170345838
82.58351893095768,0,0,2.5,30,0,12,4.864071946276208,2.5,30,4.864071946276213e-05,0.01069600612595568,0.001237122908165978,-0.002487387697053562,0.00126094879409674
82.78396436525613,0,0,2.5,30,0,12,4.864071946276208,2.5,30,4.864071946276213e-05,0.03680888629050799,0.001207691014957302,-0.002486865122755883,0.001289827580276902
82.98440979955456,0,0,2.5,30,0,12,4.864071946276208,2.5,30,4.864071946276213e-05,0.06253326796563115,0.001177936679553402,-0.002485764042413116,0.001318415227538236
83.184855233853,0,0,2.5,30,0,12,4.864071946276208,2.5,30,4.864071946276213e-05,0.08756621944301872,0.001147858048630294,-0.002484088347049223,0.001346718161857823
83.38530066815144,0,0,2.5,30,0,12,4.864071946276208,2.5,30,4.864071946276213e-05,0.1115880490701794,0.001117455758025879,-0.002481845347588134,0.001374743950737281
83.58574610244989,0,0,2.5,30,0,12,4.864071946276208,2.5,30,4.864071946276213e-05,0.1342673749345822,0.001086731151504395,-0.002479043836752951,0.001402501063476676
83.78619153674833,0,0,2.5,30,0,12,4.864071946276208,2.5,30,4.864071946276213e-05,0.155251478076116,0.00105568044782424,-0.002475694321934414,0.001430004713207856
83.98663697104676,0,0,2.5,30,0,12,4.864071946276208,2.5,30,4.864071946276213e-05,0.1741965066283645,0.00102430282109296,-0.002471810599055908,0.001457270822763254
84.18708240534521,0,0,2.5,30,0,12,4.864071946276208,2.5,30,4.864071946276213e-05,0.1907478074802704,0.0009925977561185012,-0.002467404126170591,0.001484313201645752
84.38752783964365,0,0,2.5,30,0,12,4.864071946276208,2.5,30,4.864071946276213e-05,0.2045855648181251,0.0009605794920330374,-0.002462488006809142,0.001511133267042754
84.58797327394208,0,0,2.5,30,0,12,4.864071946276208,2.5,30,4.864071946276213e-05,0.2154061341856454,0.0009282686165533436,-0.002457074133472244,0.001537725521600241
84.78841870824053,0,0,2.5,30,0,12,4.864071946276208,2.5,30,4.864071946276213e-05,0.2229805197666776,0.000895680552783478,-0.002451168679713748,0.001564084154763264
84.98886414253897,0,0,2.5,30,0,12,4.864071946276208,2.5,30,4.864071946276213e-05,0.2271593078160059,0.0008628292799660911,-0.002444773282384967,0.001590200636787948
85.18930957683742,0,0,2.5,30,0,12,4.864071946276208,2.5,30,4.864071946276213e-05,0.2278923064995691,0.0008297254296577372,-0.002437884787006559,0.001616065128936697
85.38975501113586,0,0,2.5,30,0,12,4.864071946276208,2.5,30,4.864071946276213e-05,0.2252542616801716,0.0007963881672696715,-0.00243051224781614,0.001641669526118933
85.59020044543429,0,0,2.5,30,0,12,4.864071946276208,2.5,30,4.864071946276213e-05,0.2194613016103452,0.0007628443483545563,-0.002422676718598044,0.001667007892272655
85.79064587973274,0,0,2.5,30,0,12,4.864071946276208,2.5,30,4.864071946276213e-05,0.21084125059878,0.0007291235484701579,-0.002414405392091644,0.001692076380965324
85.99109131403118,0,0,2.5,30,0,12,4.864071946276208,2.5,30,4.864071946276213e-05,0.1998127900391478,0.0006952634854607162,-0.002405735973858044,0.00171687249842098
86.19153674832961,0,0,2.5,30,0,12,4.864071946276208,2.5,30,4.864071946276213e-05,0.1868824952124537,0.000661306226426638,-0.00239671254612713,0.001741395149021315
86.39198218262806,0,0,2.5,30,0,12,4.864071946276208,2.5,30,4.864071946276213e-05,0.1725956484349101,0.0006272730734397121,-0.002387340820268321,0.001765630602434049
86.99331848552339,0,0,2.5,30,0,12,4.864071946276208,2.5,30,4.864071946276213e-05,0.1272769600789463,0.0005246242937223655,-0.002356672404726751,0.001836329223864464
86.5924276169265,0,0,2.5,30,0,12,4.864071946276208,2.5,30,4.864071946276213e-05,0.1575365381461832,0.0005931614402554268,-0.002377583778122118,0.001789551873692723
86.79287305122494,0,0,2.5,30,0,12,4.864071946276208,2.5,30,4.864071946276213e-05,0.1422663566043347,0.0005589554496226303,-0.002367386046192884,0.001813129020253616
87.19376391982182,0,0,2.5,30,0,12,4.864071946276208,2.5,30,4.864071946276213e-05,0.1129559400050035,0.000490147702015023,-0.002345394517911629,0.001859132530021764
87.39420935412026,0,0,2.5,30,0,12,4.864071946276208,2.5,30,4.864071946276213e-05,0.09954790410610734,0.0004555356411145477,-0.002333568853682921,0.001881545639671905
87.59465478841871,0,0,2.5,30,0,12,4.864071946276208,2.5,30,4.864071946276213e-05,0.08716475907458636,0.0004208088639917092,-0.002321235223530168,0.001903585106357949
87.79510022271714,0,0,2.5,30,0,12,4.864071946276208,2.5,30,4.864071946276213e-05,0.07583243049992472,0.0003859971858160895,-0.002308449873129697,0.001925272645831984
87.99554565701558,0,0,2.5,30,0,12,4.864071946276208,2.5,30,4.864071946276213e-05,0.06549348770931061,0.0003511419236922162,-0.002295275642347672,0.001946622593312768
88.19599109131403,0,0,2.5,30,0,12,4.864071946276208,2.5,30,4.864071946276213e-05,0.0560845186954136,0.0003162647470615438,-0.002281725344192367,0.001967623348366129
88.39643652561247,0,0,2.5,30,0,12,4.864071946276208,2.5,30,4.864071946276213e-05,0.04756494567835853,0.0002813396572478065,-0.002267732731899727,0.001988241639582129
88.59688195991092,0,0,2.5,30,0,12,4.864071946276208,2.5,30,4.864071946276213e-05,0.03989401907434185,0.0002463286824143554,-0.002253236046757565,0.002008462224195511
88.79732739420935,0,0,2.5,30,0,12,4.864071946276208,2.5,30,4.864071946276213e-05,0.03297966119714452,0.0002112282768106972,-0.002238245106908123,0.002028299362279091
88.99777282850779,0,0,2.5,30,0,12,4.864071946276208,2.5,30,4.864071946276213e-05,0.02668235530805227,0.000176050460460997,-0.002222796299437387,0.002047775123134996
89.19821826280624,0,0,2.5,30,0,12,4.864071946276208,2.5,30,4.864071946276213e-05,0.02087969228673456,0.0001408162694422218,-0.002206937846030602,0.002066912627762728
89.39866369710467,0,0,2.5,30,0,12,4.864071946276208,2.5,30,4.864071946276213e-05,0.0154442696038971,0.0001055552556741786,-0.0021907258654089,0.00208573319107868
89.59910913140311,0,0,2.5,30,0,12,4.864071946276208,2.5,30,4.864071946276213e-05,0.01023134648129606,7.030222166032275e-05,-0.002174203139436803,0.00210424004576985
89.79955456570156,0,0,2.5,30,0,12,4.864071946276208,2.5,30,4.864071946276213e-05,0.005128066910620299,3.508460663967144e-05,-0.00215734243105935,0.002122379459475229
90.0,0,0,2.5,30,0,12,4.864071946276208,2.5,30,4.864071946276213e-05,8.240880858174793e-05,-1.161471428804371e-07,-0.002140079049437149,0.002140105232963143
