degel,degmech,irms,magnet_depth,i,magnet_width,magarea,torque_airgap,flux_a,flux_b,flux_c
1.6035634743875278,45.40089086859688,16.970562748477143,2.85,12,9.384142172063498,4.91540910939748e-05,1.033029489465198,0.0007480568651525089,0.001600450677799267,-0.002344560286362938
2.4053452115812917,45.60133630289532,16.970562748477143,2.85,12,9.384142172063498,4.91540910939748e-05,1.034990313337141,0.0007833039205868426,0.001572059297097822,-0.002351267440940462
3.2071269487750556,45.801781737193764,16.970562748477143,2.85,12,9.384142172063498,4.91540910939748e-05,1.036443470914405,0.0008184409741199896,0.00154362484572548,-0.002357815110462544
4.008908685968819,46.00222717149221,16.970562748477143,2.85,12,9.384142172063498,4.91540910939748e-05,1.03741587432863,0.0008534622529651035,0.001515157247844889,-0.002364208012641016
4.810690423162583,46.202672605790646,16.970562748477143,2.85,12,9.384142172063498,4.91540910939748e-05,1.03791485237917,0.000888361907944683,0.001486668969682278,-0.0023704543380174
0.0,45.0,16.970562748477143,2.85,12,9.384142172063498,4.91540910939748e-05,1.027522915215433,0.0006772863688301781,0.001657054429699328,-0.002330673590536233
5.612472160356347,46.40311804008908,16.970562748477143,2.85,12,9.384142172063498,4.91540910939748e-05,1.037937992175163,0.000923131003696964,0.001458176234755875,-0.002376563487407486
0.8017817371937639,45.200445434298445,16.970562748477143,2.85,12,9.384142172063498,4.91540910939748e-05,1.030543406309769,0.0007127119343176861,0.001628786909810674,-0.002337694208150689
7.216035634743875,46.80400890868597,16.970562748477143,2.85,12,9.384142172063498,4.91540910939748e-05,1.036461930458277,0.0009922221096963723,0.001401236421450826,-0.002388384175910041
6.414253897550111,46.60356347438753,16.970562748477143,2.85,12,9.384142172063498,4.91540910939748e-05,1.037463154458057,0.0009577575033095927,0.001429694028973196,-0.002382541014416414
8.819599109131403,47.20489977728285,16.970562748477143,2.85,12,9.384142172063498,4.91540910939748e-05,1.032872843127513,0.00106061357103467,0.001344396178702362,-0.002399624184690564
8.017817371937639,47.00445434298441,16.970562748477143,2.85,12,9.384142172063498,4.91540910939748e-05,1.034930623128927,0.001026510887740607,0.001372806214746164,-0.002394083864542221
10.42316258351893,47.605790645879736,16.970562748477143,2.85,12,9.384142172063498,4.91540910939748e-05,1.027133231195626,0.001128179986914144,0.001287598002252026,-0.002410110235901182
12.828507795100222,48.207126948775056,16.970562748477143,2.85,12,9.384142172063498,4.91540910939748e-05,1.014251507975104,0.001227442335577277,0.001202326430539032,-0.00242373643497208
13.630289532293986,48.4075723830735,16.970562748477143,2.85,12,9.384142172063498,4.91540910939748e-05,1.008894038227188,0.001259842509636416,0.001173841546637872,-0.002427547012949815
11.224944320712694,47.806236080178174,16.970562748477143,2.85,12,9.384142172063498,4.91540910939748e-05,1.023412450017975,0.001161579809231919,0.001259193461676034,-0.00241497603414764
12.026726057906458,48.00668151447661,16.970562748477143,2.85,12,9.384142172063498,4.91540910939748e-05,1.019108538094547,0.001194678217292347,0.001230773046239173,-0.00241953239793874
9.621380846325167,47.40534521158129,16.970562748477143,2.85,12,9.384142172063498,4.91540910939748e-05,1.030281073610518,0.001094512897373725,0.00131599640873796,-0.002404978814333175
14.43207126948775,48.60801781737194,16.970562748477143,2.85,12,9.384142172063498,4.91540910939748e-05,1.003132379899022,0.001291857168187951,0.001145302479460163,-0.00243092727163036
15.233853006681514,48.808463251670375,16.970562748477143,2.85,12,9.384142172063498,4.91540910939748e-05,0.9970986327422615,0.001323470819449533,0.001116690245949112,-0.002433843483898126
16.035634743875278,49.00890868596882,16.970562748477143,2.85,12,9.384142172063498,4.91540910939748e-05,0.990946915067508,0.001354670775053476,0.001087986591373195,-0.0024362658013729
16.83741648106904,49.209354120267264,16.970562748477143,2.85,12,9.384142172063498,4.91540910939748e-05,0.9848337898958224,0.001385446156725789,0.001059176033034978,-0.002438169169319251
17.639198218262806,49.4097995545657,16.970562748477143,2.85,12,9.384142172063498,4.91540910939748e-05,0.9788838439243246,0.001415779896072669,0.001030251752100667,-0.002439531166097848
18.44097995545657,49.61024498886414,16.970562748477143,2.85,12,9.384142172063498,4.91540910939748e-05,0.9732204007781088,0.001445657353342095,0.001001206879941522,-0.002440331531004879
19.242761692650333,49.81069042316258,16.970562748477143,2.85,12,9.384142172063498,4.91540910939748e-05,0.9679229790338766,0.001475066224488426,0.0009720382402895088,-0.002440555705433457
20.044543429844097,50.01113585746103,16.970562748477143,2.85,12,9.384142172063498,4.91540910939748e-05,0.9630365590772422,0.001503997865681132,0.0009427432699285727,-0.002440193378044736
20.84632516703786,50.211581291759465,16.970562748477143,2.85,12,9.384142172063498,4.91540910939748e-05,0.9585946480647705,0.001532456337298559,0.0009133121643395093,-0.002439239551349671
21.648106904231625,50.4120267260579,16.970562748477143,2.85,12,9.384142172063498,4.91540910939748e-05,0.954571655472763,0.001560444043613565,0.0008837398520775771,-0.002437692221704184
23.251670378619153,50.81291759465479,16.970562748477143,2.85,12,9.384142172063498,4.91540910939748e-05,0.9474585768878245,0.001615010623128447,0.0008241677671069314,-0.00243281897693935
22.44988864142539,50.61247216035635,16.970562748477143,2.85,12,9.384142172063498,4.91540910939748e-05,0.9508907095851711,0.001587960591796363,0.0008540259919567715,-0.002435551251871964
24.053452115812917,51.01336302895323,16.970562748477143,2.85,12,9.384142172063498,4.91540910939748e-05,0.9441433913892443,0.001641595349597361,0.0007941670800247862,-0.002429499137443911
24.85523385300668,51.21380846325167,16.970562748477143,2.85,12,9.384142172063498,4.91540910939748e-05,0.9407897698254222,0.001667713844257848,0.0007640315074441281,-0.002425599094962234
25.657015590200444,51.41425389755011,16.970562748477143,2.85,12,9.384142172063498,4.91540910939748e-05,0.9372547566601047,0.001693369129019311,0.0007337710094721317,-0.002421132700025902
26.45879732739421,51.614699331848556,16.970562748477143,2.85,12,9.384142172063498,4.91540910939748e-05,0.9333912742029892,0.001718570400866438,0.0007033976517829176,-0.002416122412021351
27.260579064587972,51.81514476614699,16.970562748477143,2.85,12,9.384142172063498,4.91540910939748e-05,0.9290766764277026,0.001743330514658595,0.0006729297627871827,-0.002410600959396751
28.062360801781736,52.01559020044543,16.970562748477143,2.85,12,9.384142172063498,4.91540910939748e-05,0.9241740833566677,0.001767657828100107,0.0006423967058906624,-0.002404607976020033
28.8641425389755,52.216035634743875,16.970562748477143,2.85,12,9.384142172063498,4.91540910939748e-05,0.918616964039029,0.001791565232942549,0.0006118235887169228,-0.002398183751824924
31.26948775055679,52.817371937639194,16.970562748477143,2.85,12,9.384142172063498,4.91540910939748e-05,0.8991889584248566,0.001860658077758749,0.0005199884996865076,-0.002376330487828937
32.071269487750556,53.01781737193764,16.970562748477143,2.85,12,9.384142172063498,4.91540910939748e-05,0.892843935254294,0.001882724065065127,0.0004893154222013485,-0.002368061825676861
29.665924276169264,52.41648106904232,16.970562748477143,2.85,12,9.384142172063498,4.91540910939748e-05,0.91245258732516,0.001815051922356679,0.0005812274506587523,-0.002391344894297262
32.87305122494432,53.21826280623608,16.970562748477143,2.85,12,9.384142172063498,4.91540910939748e-05,0.8871675029626972,0.001904255552638339,0.0004585702495136931,-0.002359196055729741
30.467706013363028,52.61692650334076,16.970562748477143,2.85,12,9.384142172063498,4.91540910939748e-05,0.9058608414845617,0.001838091665691022,0.0005506186356666587,-0.002384073377776132
33.67483296213808,53.41870824053452,16.970562748477143,2.85,12,9.384142172063498,4.91540910939748e-05,0.8824062435811202,0.001925222001881425,0.0004277211219985069,-0.002349663062908198
34.47661469933185,53.61915367483296,16.970562748477143,2.85,12,9.384142172063498,4.91540910939748e-05,0.8786739617137003,0.001945600374836885,0.0003967557342271406,-0.002339425405439587
36.080178173719375,54.02004454342985,16.970562748477143,2.85,12,9.384142172063498,4.91540910939748e-05,0.8741955956185261,0.001984532000977304,0.0003344609121446693,-0.002316760304052703
36.88195991091314,54.220489977728285,16.970562748477143,2.85,12,9.384142172063498,4.91540910939748e-05,0.8732601233451875,0.002003095792667234,0.0003031249410163834,-0.002304339506885595
37.6837416481069,54.42093541202672,16.970562748477143,2.85,12,9.384142172063498,4.91540910939748e-05,0.8729972518964505,0.002021082784106273,0.0002716667575065126,-0.002291224173871853
35.27839643652561,53.8195991091314,16.970562748477143,2.85,12,9.384142172063498,4.91540910939748e-05,0.8759655022442724,0.001965371604397628,0.0003656706094052603,-0.002328460393049947
38.48552338530067,54.62138084632517,16.970562748477143,2.85,12,9.384142172063498,4.91540910939748e-05,0.8732756491087055,0.002038492665335393,0.0002400635374938277,-0.00227738442970908
40.089086859688194,55.02227171492205,16.970562748477143,2.85,12,9.384142172063498,4.91540910939748e-05,0.8753348552832075,0.002071520456739434,0.0001762422099847059,-0.002247239937277214
40.89086859688196,55.222717149220486,16.970562748477143,2.85,12,9.384142172063498,4.91540910939748e-05,0.8771085344537397,0.002087143674108104,0.000143987582688569,-0.002230893795897202
41.69265033407572,55.42316258351893,16.970562748477143,2.85,12,9.384142172063498,4.91540910939748e-05,0.8794113461347344,0.002102187402972856,0.0001115148005739957,-0.002213727126186047
42.494432071269486,55.623608017817375,16.970562748477143,2.85,12,9.384142172063498,4.91540910939748e-05,0.8822430274817814,0.00211665931506698,7.885562195440042e-05,-0.0021957856001673
39.28730512249443,54.82182628062361,16.970562748477143,2.85,12,9.384142172063498,4.91540910939748e-05,0.8740569173068021,0.002055307479359969,0.0002082666784814284,-0.00226273976627389
43.29621380846325,55.82405345211581,16.970562748477143,2.85,12,9.384142172063498,4.91540910939748e-05,0.8856062977017808,0.002130563376597605,4.606240257765809e-05,-0.002177131099529806
44.89977728285078,56.224944320712694,16.970562748477143,2.85,12,9.384142172063498,4.91540910939748e-05,0.8943274251948823,0.00215668861060623,-2.005704249812946e-05,-0.002137564114102152
44.097995545657014,56.02449888641425,16.970562748477143,2.85,12,9.384142172063498,4.91540910939748e-05,0.8895868588714603,0.002143905214700474,1.311161346634144e-05,-0.002157745288927235
47.30512249443207,56.826280623608014,16.970562748477143,2.85,12,9.384142172063498,4.91540910939748e-05,0.9136687809090129,0.002192140512643508,-0.0001211251103387465,-0.002072463636419369
45.70155902004454,56.42538975501114,16.970562748477143,2.85,12,9.384142172063498,4.91540910939748e-05,0.8999210747801709,0.002168951020122031,-5.348349213546711e-05,-0.002116584043173865
46.503340757238306,56.625835189309576,16.970562748477143,2.85,12,9.384142172063498,4.91540910939748e-05,0.9063955084803221,0.00218075525769619,-8.718608328920644e-05,-0.002094856204611322
48.10690423162583,57.02672605790646,16.970562748477143,2.85,12,9.384142172063498,4.91540910939748e-05,0.9216618158276751,0.00220312957248818,-0.0001552796314019254,-0.002049452925427964
48.9086859688196,57.2271714922049,16.970562748477143,2.85,12,9.384142172063498,4.91540910939748e-05,0.9302499246149036,0.002213732196681683,-0.0001896383543078069,-0.002025845454229406
50.512249443207125,57.62806236080178,16.970562748477143,2.85,12,9.384142172063498,4.91540910939748e-05,0.9485311733121897,0.002233807601904702,-0.0002589309669935526,-0.001976907021062713
52.91759465478842,58.229398663697104,16.970562748477143,2.85,12,9.384142172063498,4.91540910939748e-05,0.9757393504383821,0.002261313747102787,-0.0003640928334990169,-0.00189963577027728
52.11581291759465,58.02895322939867,16.970562748477143,2.85,12,9.384142172063498,4.91540910939748e-05,0.9669806611299613,0.002252460408565198,-0.0003289151801383384,-0.001925831809655569
49.71046770601336,57.42761692650334,16.970562748477143,2.85,12,9.384142172063498,4.91540910939748e-05,0.9392657948019107,0.002223955418074549,-0.000224190282285757,-0.002001659373903448
51.31403118040089,57.82850779510022,16.970562748477143,2.85,12,9.384142172063498,4.91540910939748e-05,0.9578459568749538,0.002243301446180219,-0.0002938499601635125,-0.001951611472603002
53.71937639198218,58.42984409799554,16.970562748477143,2.85,12,9.384142172063498,4.91540910939748e-05,0.9839779830225365,0.002269888574730397,-0.0003993593900136219,-0.001873075388178173
54.521158129175944,58.630289532293986,16.970562748477143,2.85,12,9.384142172063498,4.91540910939748e-05,0.991624158446028,0.002278215655688139,-0.0004347060157672722,-0.001846188863987811
55.32293986636971,58.83073496659243,16.970562748477143,2.85,12,9.384142172063498,4.91540910939748e-05,0.9986496483199218,0.002286326974108214,-0.0004701249533288888,-0.001819014177582008
56.12472160356347,59.03118040089087,16.970562748477143,2.85,12,9.384142172063498,4.91540910939748e-05,1.005032286046895,0.002294253935157599,-0.000505604633827295,-0.001791593023393175
56.926503340757236,59.231625835189305,16.970562748477143,2.85,12,9.384142172063498,4.91540910939748e-05,1.010769006149817,0.002302018259893087,-0.0005411264773863158,-0.001763965298490562
58.530066815144764,59.632516703786195,16.970562748477143,2.85,12,9.384142172063498,4.91540910939748e-05,1.020357888855562,0.002317099764137483,-0.0006122164156664231,-0.001708214627163705
59.33184855233853,59.83296213808463,16.970562748477143,2.85,12,9.384142172063498,4.91540910939748e-05,1.024265831463114,0.002324420919481017,-0.0006477409763167968,-0.001680141911554321
60.13363028953229,60.03340757238307,16.970562748477143,2.85,12,9.384142172063498,4.91540910939748e-05,1.027639392618994,0.002331592514042346,-0.0006832244738826668,-0.001651963764767894
61.73719376391982,60.43429844097996,16.970562748477143,2.85,12,9.384142172063498,4.91540910939748e-05,1.032865205109875,0.002345476716433225,-0.0007539884506879626,-0.001595365249033304
60.935412026726056,60.233853006681514,16.970562748477143,2.85,12,9.384142172063498,4.91540910939748e-05,1.03049592897787,0.002338612269879007,-0.0007186462559116228,-0.001623699753734786
57.728285077951,59.43207126948775,16.970562748477143,2.85,12,9.384142172063498,4.91540910939748e-05,1.015873135528724,0.002309631843817172,-0.0005766713073201447,-0.001736162813301031
62.53897550111358,60.634743875278396,16.970562748477143,2.85,12,9.384142172063498,4.91540910939748e-05,1.034741355219458,0.002352182108148567,-0.0007892338822450494,-0.001566974462417663
63.34075723830735,60.83518930957683,16.970562748477143,2.85,12,9.384142172063498,4.91540910939748e-05,1.03613031078202,0.002358728947278404,-0.0008243718426399958,-0.001538539172800201
64.14253897550111,61.03563474387528,16.970562748477143,2.85,12,9.384142172063498,4.91540910939748e-05,1.037049197013275,0.00236512279384394,-0.0008593956300707443,-0.001510070993836191
64.94432071269487,61.23608017817372,16.970562748477143,2.85,12,9.384142172063498,4.91540910939748e-05,1.037500705364412,0.002371373031158698,-0.0008942982980187671,-0.001481584637230375
67.34966592427617,61.83741648106904,16.970562748477143,2.85,12,9.384142172063498,4.91540910939748e-05,1.035958322681757,0.002389315310300823,-0.0009981816704365326,-0.001396144702065696
65.74610244988864,61.43652561247216,16.970562748477143,2.85,12,9.384142172063498,4.91540910939748e-05,1.037476311246017,0.002377487426123637,-0.0009290724624983772,-0.001453093120592817
66.5478841870824,61.6369710467706,16.970562748477143,2.85,12,9.384142172063498,4.91540910939748e-05,1.036971228489379,0.002383469309259686,-0.0009637073605295686,-0.001424608033209499
68.15144766146993,62.037861915367486,16.970562748477143,2.85,12,9.384142172063498,4.91540910939748e-05,1.034400081009749,0.002395015037671634,-0.00103247659160974,-0.00136770923077909
68.9532293986637,62.238307349665924,16.970562748477143,2.85,12,9.384142172063498,4.91540910939748e-05,1.032266376327957,0.00240054906673366,-0.001066569725940262,-0.001339302875929751
69.75501113585746,62.43875278396436,16.970562748477143,2.85,12,9.384142172063498,4.91540910939748e-05,1.029542118507324,0.002405887934194588,-0.001100437836365563,-0.001310918813125782
71.35857461024499,62.83964365256125,16.970562748477143,2.85,12,9.384142172063498,4.91540910939748e-05,1.022323259680317,0.002415817389085407,-0.001167407784167814,-0.001254146106793757
70.55679287305122,62.639198218262806,16.970562748477143,2.85,12,9.384142172063498,4.91540910939748e-05,1.026224444615921,0.002410991846739766,-0.001134058921224612,-0.001282539278107507
73.76391982182628,63.44097995545657,16.970562748477143,2.85,12,9.384142172063498,4.91540910939748e-05,1.007411712569074,0.002428213234391283,-0.001265521994635344,-0.001168771123202386
72.16035634743875,63.04008908685969,16.970562748477143,2.85,12,9.384142172063498,4.91540910939748e-05,1.017857906604777,0.002420323531740704,-0.001200456299042764,-0.001225726353997727
74.56570155902004,63.641425389755014,16.970562748477143,2.85,12,9.384142172063498,4.91540910939748e-05,1.001588285472799,0.002431519055520959,-0.001297476786467204,-0.001140218960623583
72.96213808463251,63.240534521158125,16.970562748477143,2.85,12,9.384142172063498,4.91540910939748e-05,1.012868664689144,0.00242446893608564,-0.001233172385925119,-0.001197270336071575
75.3674832962138,63.84187082405345,16.970562748477143,2.85,12,9.384142172063498,4.91540910939748e-05,0.9955046488326608,0.002434352503934644,-0.001329015401702181,-0.001111600507058144
76.16926503340757,64.04231625835189,16.970562748477143,2.85,12,9.384142172063498,4.91540910939748e-05,0.9893114035535748,0.002436684781139829,-0.001360124729091032,-0.001082899190405028
76.97104677060133,64.24276169265033,16.970562748477143,2.85,12,9.384142172063498,4.91540910939748e-05,0.983154669734201,0.002438493096184578,-0.001390801170164233,-0.001054094623596537
80.17817371937639,65.0445434298441,16.970562748477143,2.85,12,9.384142172063498,4.91540910939748e-05,0.9614552180703627,0.002440104752709182,-0.001509001552646457,-0.0009376094166802497
77.7728285077951,64.44320712694878,16.970562748477143,2.85,12,9.384142172063498,4.91540910939748e-05,0.9771759019613646,0.002439756221955844,-0.00142103793508095,-0.001025170787160029
78.57461024498886,64.64365256124722,16.970562748477143,2.85,12,9.384142172063498,4.91540910939748e-05,0.9715069970849932,0.002440454758125684,-0.001450823893198745,-0.000996117893216889
80.97995545657015,65.24498886414254,16.970562748477143,2.85,12,9.384142172063498,4.91540910939748e-05,0.9571350127985156,0.002439043270886952,-0.001537384008657896,-0.0009081488227855461
79.37639198218262,64.84409799554565,16.970562748477143,2.85,12,9.384142172063498,4.91540910939748e-05,0.9662471731452779,0.002440574040887478,-0.00148014779127103,-0.0009669314313617855
81.78173719376392,65.44543429844097,16.970562748477143,2.85,12,9.384142172063498,4.91540910939748e-05,0.9532335428117453,0.002437389214569215,-0.001565296023862776,-0.000878547845498751
82.58351893095768,65.64587973273942,16.970562748477143,2.85,12,9.384142172063498,4.91540910939748e-05,0.9496758739128008,0.002435143387658416,-0.001592736944028272,-0.0008488073421395121
84.18708240534521,66.0467706013363,16.970562748477143,2.85,12,9.384142172063498,4.91540910939748e-05,0.9430529799399172,0.002428886162017408,-0.001646207997855806,-0.0007889122675520475
83.38530066815144,65.84632516703786,16.970562748477143,2.85,12,9.384142172063498,4.91540910939748e-05,0.9463327393618278,0.002432307686198144,-0.001619707584687624,-0.0008189277254998722
84.98886414253897,66.24721603563475,16.970562748477143,2.85,12,9.384142172063498,4.91540910939748e-05,0.9396926372356852,0.002424887947187485,-0.001672240279169878,-0.00075876720946401
85.79064587973274,66.44766146993318,16.970562748477143,2.85,12,9.384142172063498,4.91540910939748e-05,0.9361053560907842,0.002420328978026035,-0.001697809951493689,-0.0007285019980209855
86.5924276169265,66.64810690423162,16.970562748477143,2.85,12,9.384142172063498,4.91540910939748e-05,0.9321434152053182,0.002415233789109465,-0.001722925771360126,-0.0006981311364601317
87.39420935412026,66.84855233853007,16.970562748477143,2.85,12,9.384142172063498,4.91540910939748e-05,0.9276782533718287,0.002409636101862973,-0.001747602144600706,-0.000667672303499753
88.19599109131403,67.0489977728285,16.970562748477143,2.85,12,9.384142172063498,4.91540910939748e-05,0.9226180895185302,0.002403575641135926,-0.001771854355155015,-0.0006371479048824608
88.99777282850779,67.24944320712694,16.970562748477143,2.85,12,9.384142172063498,4.91540910939748e-05,0.916916200834099,0.002397089906778504,-0.001795692955634889,-0.0006065827621653125
89.79955456570156,67.44988864142539,16.970562748477143,2.85,12,9.384142172063498,4.91540910939748e-05,0.9106760234372706,0.002390188428804081,-0.001819112964695969,-0.0005759915261320263
90.60133630289532,67.65033407572383,16.970562748477143,2.85,12,9.384142172063498,4.91540910939748e-05,0.9041296989905097,0.002382848695673059,-0.001842089075187431,-0.0005453793370093807
91.40311804008908,67.85077951002228,16.970562748477143,2.85,12,9.384142172063498,4.91540910939748e-05,0.8976349747710242,0.002375029746454801,-0.001864592987366085,-0.0005147375207719436
92.20489977728285,68.05122494432071,16.970562748477143,2.85,12,9.384142172063498,4.91540910939748e-05,0.8915396387825452,0.002366673466541952,-0.001886593667490608,-0.0004840450338797866
93.00668151447661,68.25167037861915,16.970562748477143,2.85,12,9.384142172063498,4.91540910939748e-05,0.8861748593070877,0.002357706450053443,-0.001908056369403643,-0.0004532716141461724
93.80846325167037,68.4521158129176,16.970562748477143,2.85,12,9.384142172063498,4.91540910939748e-05,0.8817504275539512,0.00234806352072368,-0.001928948932748364,-0.000422391111695564
94.61024498886414,68.65256124721603,16.970562748477143,2.85,12,9.384142172063498,4.91540910939748e-05,0.8783531378279074,0.002337710832675947,-0.001949246281716051,-0.0003913962395383022
95.4120267260579,68.85300668151447,16.970562748477143,2.85,12,9.384142172063498,4.91540910939748e-05,0.8759654880075114,0.00232662869521194,-0.001968931931949455,-0.0003602835289575773
96.21380846325167,69.05345211581292,16.970562748477143,2.85,12,9.384142172063498,4.91540910939748e-05,0.8744845203010673,0.002314814411809594,-0.001988002600150053,-0.0003290526175745225
97.01559020044543,69.25389755011136,16.970562748477143,2.85,12,9.384142172063498,4.91540910939748e-05,0.8737596955227629,0.002302285501779615,-0.002006475466945625,-0.0002977020006225263
97.8173719376392,69.4543429844098,16.970562748477143,2.85,12,9.384142172063498,4.91540910939748e-05,0.8736402228765154,0.002289063908713367,-0.002024370132578828,-0.0002662328031610792
98.61915367483296,69.65478841870824,16.970562748477143,2.85,12,9.384142172063498,4.91540910939748e-05,0.8740165174034563,0.002275108731348052,-0.002041683280234911,-0.0002346158700135643
99.42093541202672,69.85523385300668,16.970562748477143,2.85,12,9.384142172063498,4.91540910939748e-05,0.8748500224655441,0.002260339676254465,-0.002058397257142902,-0.0002028023928369211
100.22271714922049,70.05567928730513,16.970562748477143,2.85,12,9.384142172063498,4.91540910939748e-05,0.8761471377146961,0.002244715924290344,-0.002074511096716621,-0.0001707602562795743
101.02449888641425,70.25612472160356,16.970562748477143,2.85,12,9.384142172063498,4.91540910939748e-05,0.8779197757374574,0.002228249257587597,-0.002090036887781579,-0.0001384889337389103
101.82628062360801,70.456570155902,16.970562748477143,2.85,12,9.384142172063498,4.91540910939748e-05,0.8801970815454233,0.00221096921794209,-0.002104982310386359,-0.0001060063121793911
102.62806236080178,70.65701559020044,16.970562748477143,2.85,12,9.384142172063498,4.91540910939748e-05,0.8829929833661685,0.002192924669576235,-0.00211935372348232,-7.33485506331834e-05
103.42984409799554,70.85746102449889,16.970562748477143,2.85,12,9.384142172063498,4.91540910939748e-05,0.8863106337863483,0.002174167547486896,-0.00213315279910239,-4.056109450147662e-05
104.2316258351893,71.05790645879733,16.970562748477143,2.85,12,9.384142172063498,4.91540910939748e-05,0.8902747845200472,0.002154663528589345,-0.002146386666932921,-7.604152084773746e-06
106.6369710467706,71.65924276169265,16.970562748477143,2.85,12,9.384142172063498,4.91540910939748e-05,0.9072685064348318,0.002091410942731607,-0.002182956392535969,9.276498930385644e-05
105.03340757238307,71.25835189309576,16.970562748477143,2.85,12,9.384142172063498,4.91540910939748e-05,0.8950307839427744,0.002134355046463878,-0.002159062708047633,2.557925169023737e-05
107.43875278396436,71.85968819599108,16.970562748477143,2.85,12,9.384142172063498,4.91540910939748e-05,0.9146604331726222,0.002068912764519461,-0.002194268792892476,0.0001267345054152414
109.04231625835189,72.26057906458797,16.970562748477143,2.85,12,9.384142172063498,4.91540910939748e-05,0.9314548318013893,0.002022083447260605,-0.002215724396601902,0.0001953186096109652
108.24053452115812,72.06013363028953,16.970562748477143,2.85,12,9.384142172063498,4.91540910939748e-05,0.9227678851270447,0.00204579669959805,-0.00220518929565972,0.0001609236737403011
109.84409799554565,72.46102449888642,16.970562748477143,2.85,12,9.384142172063498,4.91540910939748e-05,0.9405350829550928,0.00199778803444191,-0.002225879319931401,0.0002299095303917614
105.83518930957683,71.45879732739421,16.970562748477143,2.85,12,9.384142172063498,4.91540910939748e-05,0.9006875380731463,0.002113251486709689,-0.002171232273498956,5.90326496112326e-05
110.64587973273942,72.66146993318486,16.970562748477143,2.85,12,9.384142172063498,4.91540910939748e-05,0.9498446837465974,0.001972926208695065,-0.002235663785522751,0.0002646897798791745
111.44766146993318,72.86191536748329,16.970562748477143,2.85,12,9.384142172063498,4.91540910939748e-05,0.9591660832860097,0.001947530639041456,-0.002245092661748091,0.0002996419972130488
112.24944320712694,73.06236080178174,16.970562748477143,2.85,12,9.384142172063498,4.91540910939748e-05,0.9682758334645593,0.00192166094297403,-0.002254189321415644,0.0003347338925583557
113.05122494432071,73.26280623608018,16.970562748477143,2.85,12,9.384142172063498,4.91540910939748e-05,0.9769996895446502,0.001895379223204033,-0.002262981203810441,0.0003699350770666787
115.456570155902,73.8641425389755,16.970562748477143,2.85,12,9.384142172063498,4.91540910939748e-05,0.9997642456280326,0.001814536858185608,-0.002287821768476201,0.0004760108015039384
114.65478841870824,73.66369710467706,16.970562748477143,2.85,12,9.384142172063498,4.91540910939748e-05,0.9928019313397302,0.001841776982686952,-0.00227976545594502,0.000440583342533081
117.86191536748329,74.46547884187082,16.970562748477143,2.85,12,9.384142172063498,4.91540910939748e-05,1.016782435150621,0.001731530045662782,-0.002310982967289333,0.0005825632057042898
116.25835189309576,74.06458797327394,16.970562748477143,2.85,12,9.384142172063498,4.91540910939748e-05,1.006074437476049,0.001787059395716666,-0.002295696978672037,0.0005114929337288058
117.06013363028953,74.26503340757239,16.970562748477143,2.85,12,9.384142172063498,4.91540910939748e-05,1.011731700861132,0.001759379877353541,-0.002303412911686933,0.0005470161673454383
118.66369710467706,74.66592427616926,16.970562748477143,2.85,12,9.384142172063498,4.91540910939748e-05,1.021253941448826,0.001703538932088566,-0.002318411262565061,0.0006181104973342781
113.85300668151447,73.46325167037861,16.970562748477143,2.85,12,9.384142172063498,4.91540910939748e-05,0.9852044999845744,0.001868737164866021,-0.002271496309265738,0.0004052225275717643
119.46547884187082,74.86636971046771,16.970562748477143,2.85,12,9.384142172063498,4.91540910939748e-05,1.025178503011647,0.001675426749216687,-0.002325694295135331,0.0006536357984080366
120.26726057906458,75.06681514476614,16.970562748477143,2.85,12,9.384142172063498,4.91540910939748e-05,1.028557735952288,0.001647217507080432,-0.002332829605578979,0.0006891139720336128
121.06904231625835,75.26726057906458,16.970562748477143,2.85,12,9.384142172063498,4.91540910939748e-05,1.031406321891451,0.001618930800877414,-0.002339814946359464,0.0007245242713180892
121.87082405345211,75.46770601336303,16.970562748477143,2.85,12,9.384142172063498,4.91540910939748e-05,1.033734546273599,0.001590579413483295,-0.002346644934756738,0.0007598493382119605
122.67260579064587,75.66815144766147,16.970562748477143,2.85,12,9.384142172063498,4.91540910939748e-05,1.035540579505607,0.001562177369896463,-0.002353316142645934,0.0007950723904521473
123.47438752783964,75.86859688195992,16.970562748477143,2.85,12,9.384142172063498,4.91540910939748e-05,1.036857728277185,0.00153373475409464,-0.00235982843245942,0.00083018353469756
124.2761692650334,76.06904231625835,16.970562748477143,2.85,12,9.384142172063498,4.91540910939748e-05,1.03770380074258,0.001505261867563218,-0.002366187493045133,0.0008651772634309387
125.87973273942093,76.46993318485524,16.970562748477143,2.85,12,9.384142172063498,4.91540910939748e-05,1.037975297843194,0.001448278898860299,-0.002378479096528601,0.0009347846987541179
128.28507795100222,77.07126948775056,16.970562748477143,2.85,12,9.384142172063498,4.91540910939748e-05,1.034584102790352,0.00136287623789007,-0.002395894030053362,0.001038090478942795
126.6815144766147,76.67037861915367,16.970562748477143,2.85,12,9.384142172063498,4.91540910939748e-05,1.037373515115189,0.001419792123955697,-0.002384424491449964,0.0009693834558398532
125.07795100222717,76.26948775055679,16.970562748477143,2.85,12,9.384142172063498,4.91540910939748e-05,1.038081144298611,0.001476772485012606,-0.002372401318186005,0.0009000460459038685
130.6904231625835,77.67260579064587,16.970562748477143,2.85,12,9.384142172063498,4.91540910939748e-05,1.026237619870136,0.001277673594707404,-0.002411744985742432,0.001139574668623477
127.48329621380846,76.87082405345211,16.970562748477143,2.85,12,9.384142172063498,4.91540910939748e-05,1.036249181541922,0.001391322316664767,-0.002390233200598097,0.001003825443115413
129.086859688196,77.271714922049,16.970562748477143,2.85,12,9.384142172063498,4.91540910939748e-05,1.03237850845834,0.001334456497043285,-0.00240138814735342,0.001072155443144846
129.88864142538975,77.47216035634744,16.970562748477143,2.85,12,9.384142172063498,4.91540910939748e-05,1.029603262405637,0.001306058795131586,-0.002406685180891497,0.001105993649366741
131.49220489977728,77.87305122494432,16.970562748477143,2.85,12,9.384142172063498,4.91540910939748e-05,1.022287574046146,0.001249285028865877,-0.002416524679699445,0.001172871610635158
133.89755011135856,78.47438752783964,16.970562748477143,2.85,12,9.384142172063498,4.91540910939748e-05,1.007218051282668,0.001163917496786483,-0.002428763133406686,0.001270814779796566
132.29398663697106,78.07349665924276,16.970562748477143,2.85,12,9.384142172063498,4.91540910939748e-05,1.017767376639779,0.001220873140736352,-0.002420982023817039,0.001205861826645668
133.0957683741648,78.2739420935412,16.970562748477143,2.85,12,9.384142172063498,4.91540910939748e-05,1.012721886777823,0.00119242162735935,-0.002425074783056847,0.001238518686584427
134.69933184855233,78.67483296213808,16.970562748477143,2.85,12,9.384142172063498,4.91540910939748e-05,1.001353286386916,0.001135349041645766,-0.002432010762762632,0.001302724846962576
136.30289532293986,79.07572383073497,16.970562748477143,2.85,12,9.384142172063498,4.91540910939748e-05,0.9890441950222104,0.001077983868363034,-0.00243705313183716,0.001365288052895889
135.5011135857461,78.87527839643653,16.970562748477143,2.85,12,9.384142172063498,4.91540910939748e-05,0.995243368858699,0.001106707979439754,-0.002434783809236641,0.001334222467558758
137.1046770601336,79.2761692650334,16.970562748477143,2.85,12,9.384142172063498,4.91540910939748e-05,0.9828848090922356,0.001049167683798808,-0.002438793610244463,0.001395904375812944
137.9064587973274,79.47661469933185,16.970562748477143,2.85,12,9.384142172063498,4.91540910939748e-05,0.9769150034231641,0.001020243775909921,-0.002439983821242992,0.001426064150952961
140.31180400890867,80.07795100222717,16.970562748477143,2.85,12,9.384142172063498,4.91540910939748e-05,0.9612089804906274,0.0009326874820701805,-0.002440104549656208,0.00151378153887895
138.70824053452117,79.67706013363029,16.970562748477143,2.85,12,9.384142172063498,4.91540910939748e-05,0.9712642612837624,0.000991193921815228,-0.002440606649958202,0.001455767072218048
141.11358574610244,80.27839643652561,16.970562748477143,2.85,12,9.384142172063498,4.91540910939748e-05,0.9568573078624831,0.0009032236471008271,-0.002438966833745394,0.001542086077200006
141.91536748329622,80.47884187082406,16.970562748477143,2.85,12,9.384142172063498,4.91540910939748e-05,0.9529225334164013,0.0008736181069060846,-0.002437235037761723,0.001569919721221763
142.71714922048997,80.6792873051225,16.970562748477143,2.85,12,9.384142172063498,4.91540910939748e-05,0.9493122483794101,0.0008438702470838747,-0.002434909917816282,0.001597283276920249
139.51002227171492,79.87750556792872,16.970562748477143,2.85,12,9.384142172063498,4.91540910939748e-05,0.9660155589510071,0.0009620095501570692,-0.002440649686125676,0.001485008228998583
143.51893095768372,80.87973273942093,16.970562748477143,2.85,12,9.384142172063498,4.91540910939748e-05,0.9459329765757301,0.0008139771062850854,-0.002431994453911107,0.001624182175321688
144.3207126948775,81.08017817371937,16.970562748477143,2.85,12,9.384142172063498,4.91540910939748e-05,0.9426358635339297,0.0007839422816219037,-0.002428493590692164,0.001650617125304854
145.12249443207128,81.28062360801782,16.970562748477143,2.85,12,9.384142172063498,4.91540910939748e-05,0.9392735828069028,0.0007537735492140367,-0.00242441623748973,0.001676588411786254
145.92427616926503,81.48106904231625,16.970562748477143,2.85,12,9.384142172063498,4.91540910939748e-05,0.9357027182442574,0.0007234811944197479,-0.002419778579739345,0.001702100868163002
146.72605790645878,81.6815144766147,16.970562748477143,2.85,12,9.384142172063498,4.91540910939748e-05,0.9317730860251973,0.0006930788198031747,-0.002414606140751266,0.001727165057270779
147.52783964365256,81.88195991091314,16.970562748477143,2.85,12,9.384142172063498,4.91540910939748e-05,0.9273697277636461,0.0006625883674533675,-0.00240893361652178,0.001751792079060394
148.32962138084633,82.08240534521158,16.970562748477143,2.85,12,9.384142172063498,4.91540910939748e-05,0.9223603148224835,0.0006320395040250466,-0.002402800981471858,0.001775990207549104
149.13140311804008,82.28285077951003,16.970562748477143,2.85,12,9.384142172063498,4.91540910939748e-05,0.9167148606357234,0.0006014539639187134,-0.002396243994683727,0.001799771454060815
149.93318485523383,82.48329621380846,16.970562748477143,2.85,12,9.384142172063498,4.91540910939748e-05,0.9105067734431951,0.000570847980059727,-0.002389267337769736,0.001823124863420435
150.7349665924276,82.6837416481069,16.970562748477143,2.85,12,9.384142172063498,4.91540910939748e-05,0.9039763754281578,0.0005402273475669198,-0.002381845411269123,0.001846021639437027
151.5367483296214,82.88418708240535,16.970562748477143,2.85,12,9.384142172063498,4.91540910939748e-05,0.897502015151772,0.0005095777677156305,-0.002373934403878029,0.001868436585336365
152.33853006681514,83.08463251670378,16.970562748477143,2.85,12,9.384142172063498,4.91540910939748e-05,0.8914580739550535,0.0004788757947142941,-0.002365474083611821,0.001890339409160162
153.1403118040089,83.28507795100222,16.970562748477143,2.85,12,9.384142172063498,4.91540910939748e-05,0.8861676378179235,0.0004480896884573774,-0.002356389953903782,0.001911695972013457
153.94209354120267,83.48552338530067,16.970562748477143,2.85,12,9.384142172063498,4.91540910939748e-05,0.8818417328687438,0.0004171933427870982,-0.002346621810033027,0.001932478098578036
154.74387527839644,83.68596881959911,16.970562748477143,2.85,12,9.384142172063498,4.91540910939748e-05,0.8785321012544675,0.0003861797096391806,-0.00233613908242664,0.001952663296128805
155.5456570155902,83.88641425389756,16.970562748477143,2.85,12,9.384142172063498,4.91540910939748e-05,0.8762162618680326,0.0003550463984634884,-0.002324925507496027,0.001972237145847576
156.34743875278394,84.08685968819599,16.970562748477143,2.85,12,9.384142172063498,4.91540910939748e-05,0.8748018650747074,0.0003237895856870673,-0.002312982735775483,0.001991203883275981
157.9510022271715,84.48775055679288,16.970562748477143,2.85,12,9.384142172063498,4.91540910939748e-05,0.8741441604613697,0.0002609027499958322,-0.002286983187425827,0.002027385921566881
158.75278396436525,84.6881959910913,16.970562748477143,2.85,12,9.384142172063498,4.91540910939748e-05,0.874637427963217,0.0002292371928361415,-0.00227288575072899,0.002044606000498455
159.554565701559,84.88864142538975,16.970562748477143,2.85,12,9.384142172063498,4.91540910939748e-05,0.8756262536020314,0.0001973645850718815,-0.002257959224694452,0.00206122419760808
157.14922048997772,84.28730512249443,16.970562748477143,2.85,12,9.384142172063498,4.91540910939748e-05,0.8741624451525654,0.0002924089302629477,-0.002300330730608752,0.002009581733783081
160.35634743875278,85.0890868596882,16.970562748477143,2.85,12,9.384142172063498,4.91540910939748e-05,0.8770944057068317,0.0001652635863698351,-0.002242176745834398,0.002077241250221986
161.15812917594656,85.28953229398664,16.970562748477143,2.85,12,9.384142172063498,4.91540910939748e-05,0.8790378659366909,0.000132935050232621,-0.00222555370044768,0.002092670702434468
161.9599109131403,85.48997772828508,16.970562748477143,2.85,12,9.384142172063498,4.91540910939748e-05,0.8814923812889146,0.0001003972171427595,-0.002208124064182749,0.002107523242263145
162.76169265033406,85.69042316258351,16.970562748477143,2.85,12,9.384142172063498,4.91540910939748e-05,0.8844417730083551,6.769141803725653e-05,-0.002189943158400428,0.002121806356080321
163.56347438752783,85.89086859688196,16.970562748477143,2.85,12,9.384142172063498,4.91540910939748e-05,0.8879084559505681,3.485432763902867e-05,-0.002171054755326141,0.002135523578433389
164.3652561247216,86.0913140311804,16.970562748477143,2.85,12,9.384142172063498,4.91540910939748e-05,0.8920311210616164,1.837383862756336e-06,-0.002151411484460154,0.002148679459272176
165.16703786191536,86.29175946547883,16.970562748477143,2.85,12,9.384142172063498,4.91540910939748e-05,0.896937224430339,-3.141519866607128e-05,-0.002130962294290828,0.002161285908093444
167.57238307349667,86.89309576837417,16.970562748477143,2.85,12,9.384142172063498,4.91540910939748e-05,0.9167566790504278,-0.0001327370293304081,-0.002065183553254069,0.002196324682931032
168.37416481069042,87.09354120267261,16.970562748477143,2.85,12,9.384142172063498,4.91540910939748e-05,0.9248666017770404,-0.0001669616475078121,-0.002041975358369714,0.002207188595543449
169.17594654788417,87.29398663697104,16.970562748477143,2.85,12,9.384142172063498,4.91540910939748e-05,0.9335276642054782,-0.0002013834955271556,-0.002018175702290806,0.002217664008393277
169.97772828507794,87.49443207126949,16.970562748477143,2.85,12,9.384142172063498,4.91540910939748e-05,0.9425674035157346,-0.0002359943907096296,-0.001993799491394372,0.002227757799952165
165.9688195991091,86.49220489977728,16.970562748477143,2.85,12,9.384142172063498,4.91540910939748e-05,0.9027122089794944,-6.493743487612099e-05,-0.002109729552631916,0.002173396344182299
170.77951002227172,87.69487750556793,16.970562748477143,2.85,12,9.384142172063498,4.91540910939748e-05,0.9517989346555771,-0.0002707899655967035,-0.001968861930965737,0.002237481360275571
166.7706013363029,86.69265033407572,16.970562748477143,2.85,12,9.384142172063498,4.91540910939748e-05,0.9093451875564639,-9.872392234338451e-05,-0.002087778875405854,0.002185065486211479
171.58129175946547,87.89532293986636,16.970562748477143,2.85,12,9.384142172063498,4.91540910939748e-05,0.9610159211103985,-0.0003057536684792011,-0.001943397566864459,0.00224685197788296
173.98663697104678,88.4966592427617,16.970562748477143,2.85,12,9.384142172063498,4.91540910939748e-05,0.9865633718965776,-0.0004113400286553334,-0.001864476197295854,0.002273127560345903
173.184855233853,88.29621380846325,16.970562748477143,2.85,12,9.384142172063498,4.91540910939748e-05,0.9785440524717626,-0.0003760530951466539,-0.001891149154088431,0.002264645943696568
172.38307349665922,88.0957683741648,16.970562748477143,2.85,12,9.384142172063498,4.91540910939748e-05,0.9699894255642938,-0.0003408520971313117,-0.001917471554746591,0.002255897142088896
176.39198218262806,89.09799554565701,16.970562748477143,2.85,12,9.384142172063498,4.91540910939748e-05,1.007015198940714,-0.0005176320836070612,-0.001782739648792497,0.002297287067755687
177.19376391982183,89.29844097995546,16.970562748477143,2.85,12,9.384142172063498,4.91540910939748e-05,1.012579137978501,-0.0005531586629725683,-0.001755053362254674,0.002304998596107681
174.78841870824053,88.69710467706014,16.970562748477143,2.85,12,9.384142172063498,4.91540910939748e-05,0.993996782164456,-0.0004467053793166095,-0.001837490132164012,0.002281373646855378
175.59020044543428,88.89755011135857,16.970562748477143,2.85,12,9.384142172063498,4.91540910939748e-05,1.000818599371399,-0.000482140728747231,-0.001810230690186021,0.002289417210344702
177.99554565701558,89.49888641425389,16.970562748477143,2.85,12,9.384142172063498,4.91540910939748e-05,1.017519049685598,-0.0005887005331707843,-0.001727201259947119,0.002312560084808154
178.79732739420933,89.69933184855233,16.970562748477143,2.85,12,9.384142172063498,4.91540910939748e-05,1.021844376705105,-0.0006242334295107496,-0.001699210145119544,0.002319972576195339
179.5991091314031,89.89977728285078,16.970562748477143,2.85,12,9.384142172063498,4.91540910939748e-05,1.025590720263721,-0.0006597371995687552,-0.001671098872718383,0.002327233346790848
180.4008908685969,90.10022271714922,16.970562748477143,2.85,12,9.384142172063498,4.91540910939748e-05,1.028799189533203,-0.0006951912538403154,-0.001642887552135644,0.002334340638008957
181.20267260579064,90.30066815144767,16.970562748477143,2.85,12,9.384142172063498,4.91540910939748e-05,1.031490162060584,-0.00073057557381112,-0.001614595400828968,0.002341292610838127
182.0044543429844,90.5011135857461,16.970562748477143,2.85,12,9.384142172063498,4.91540910939748e-05,1.033682419884097,-0.0007658738702496161,-0.001586236719176451,0.00234808644860401
182.80623608017817,90.70155902004454,16.970562748477143,2.85,12,9.384142172063498,4.91540910939748e-05,1.035381744902118,-0.0008010703708111046,-0.001557826127514151,0.00235472029766941
183.60801781737194,90.90200445434299,16.970562748477143,2.85,12,9.384142172063498,4.91540910939748e-05,1.036601464368864,-0.0008361568896945681,-0.00152937475735864,0.00236119699701237
184.4097995545657,91.10244988864142,16.970562748477143,2.85,12,9.384142172063498,4.91540910939748e-05,1.037354915027686,-0.0008711285146799981,-0.001500895510689781,0.00236752566914245
185.21158129175944,91.30289532293986,16.970562748477143,2.85,12,9.384142172063498,4.91540910939748e-05,1.037630574782789,-0.0009059761511338623,-0.001472404595762984,0.002373715330194159
186.01336302895322,91.5033407572383,16.970562748477143,2.85,12,9.384142172063498,4.91540910939748e-05,1.037433785231975,-0.0009406903726429934,-0.001443915753191798,0.002379772775131229
186.815144766147,91.70378619153675,16.970562748477143,2.85,12,9.384142172063498,4.91540910939748e-05,1.036734968790342,-0.000975252719513656,-0.001415445389745836,0.002385698612253419
187.61692650334075,91.9042316258352,16.970562748477143,2.85,12,9.384142172063498,4.91540910939748e-05,1.035502690644477,-0.001009643408121248,-0.001387004550741628,0.002391486376255309
188.4187082405345,92.10467706013362,16.970562748477143,2.85,12,9.384142172063498,4.91540910939748e-05,1.033732980258322,-0.001043851597030355,-0.001358588644642655,0.002397122499751436
189.22048997772828,92.30512249443207,16.970562748477143,2.85,12,9.384142172063498,4.91540910939748e-05,1.03139934879424,-0.001077863185650131,-0.001330188394619229,0.002402584886424314
190.02227171492206,92.50556792873051,16.970562748477143,2.85,12,9.384142172063498,4.91540910939748e-05,1.028499700511421,-0.001111656324073219,-0.00130179155683512,0.002407839875643487
190.8240534521158,92.70601336302894,16.970562748477143,2.85,12,9.384142172063498,4.91540910939748e-05,1.0250178219998,-0.001145197707246652,-0.001273389087899737,0.002412845316438087
191.62583518930956,92.90645879732739,16.970562748477143,2.85,12,9.384142172063498,4.91540910939748e-05,1.020950801050672,-0.001178451825336202,-0.001244973350717531,0.002417558105101395
192.42761692650333,93.10690423162583,16.970562748477143,2.85,12,9.384142172063498,4.91540910939748e-05,1.01632084248185,-0.001211387473749278,-0.001216534478635972,0.002421937262994751
193.2293986636971,93.30734966592428,16.970562748477143,2.85,12,9.384142172063498,4.91540910939748e-05,1.011172804819669,-0.001243973156615889,-0.001188062493617934,0.002425941752538514
194.8329621380846,93.70824053452115,16.970562748477143,2.85,12,9.384142172063498,4.91540910939748e-05,0.9996580012157783,-0.001307989426244539,-0.001130969160417126,0.002432674120115761
194.03118040089086,93.50779510022272,16.970562748477143,2.85,12,9.384142172063498,4.91540910939748e-05,1.005574560817621,-0.001276180199969655,-0.001159546471447964,0.00242953261778883
195.6347438752784,93.9086859688196,16.970562748477143,2.85,12,9.384142172063498,4.91540910939748e-05,0.9935576494940845,-0.001339388379629618,-0.001102310592572284,0.002435334752941036
198.04008908685967,94.51002227171492,16.970562748477143,2.85,12,9.384142172063498,4.91540910939748e-05,0.9755624426727859,-0.001431009679201825,-0.001015701576980769,0.002440184570141279
196.43652561247217,94.10913140311804,16.970562748477143,2.85,12,9.384142172063498,4.91540910939748e-05,0.9874139942091991,-0.001370365737837302,-0.001073554442771663,0.002437488072594464
197.23830734966592,94.30957683741647,16.970562748477143,2.85,12,9.384142172063498,4.91540910939748e-05,0.9813735342340361,-0.001400910901444206,-0.001044687614417822,0.002439111776156164
198.84187082405344,94.71046770601336,16.970562748477143,2.85,12,9.384142172063498,4.91540910939748e-05,0.9700941246386385,-0.001460647604807841,-0.0009865914306604238,0.002440688176949619
199.64365256124722,94.9109131403118,16.970562748477143,2.85,12,9.384142172063498,4.91540910939748e-05,0.9650513958578603,-0.001489816846061931,-0.0009573507773503466,0.002440609363894505
200.44543429844097,95.11135857461025,16.970562748477143,2.85,12,9.384142172063498,4.91540910939748e-05,0.9604672707174906,-0.001518514129658378,-0.0009279749793411977,0.002439940996361018
201.24721603563472,95.31180400890868,16.970562748477143,2.85,12,9.384142172063498,4.91540910939748e-05,0.9563359383135058,-0.001546741242198795,-0.0008984590343574303,0.002438680462717903
202.0489977728285,95.51224944320712,16.970562748477143,2.85,12,9.384142172063498,4.91540910939748e-05,0.9525869230952142,-0.001574496715974848,-0.000868803610439733,0.00243682751943867
202.85077951002228,95.71269487750557,16.970562748477143,2.85,12,9.384142172063498,4.91540910939748e-05,0.9491245336522315,-0.001601780570055307,-0.0008390088652317796,0.00243438289703442
203.65256124721603,95.913140311804,16.970562748477143,2.85,12,9.384142172063498,4.91540910939748e-05,0.9458112287053194,-0.001628593208331442,-0.0008090761557375493,0.002431348960107289
204.45434298440978,96.11358574610244,16.970562748477143,2.85,12,9.384142172063498,4.91540910939748e-05,0.9425062063832721,-0.001654934206527341,-0.000779010533263022,0.002427731003114796
205.25612472160356,96.31403118040089,16.970562748477143,2.85,12,9.384142172063498,4.91540910939748e-05,0.9390518868000022,-0.001680807124079196,-0.0007488186591842795,0.002423539993032788
206.05790645879733,96.51447661469933,16.970562748477143,2.85,12,9.384142172063498,4.91540910939748e-05,0.9353083531855619,-0.001706218137704807,-0.0007185119515946148,0.002418794500157514
206.85968819599108,96.71492204899778,16.970562748477143,2.85,12,9.384142172063498,4.91540910939748e-05,0.931149832714989,-0.001731177676193135,-0.0006881065704791952,0.002413522466437348
207.66146993318483,96.91536748329621,16.970562748477143,2.85,12,9.384142172063498,4.91540910939748e-05,0.9264467032220696,-0.001755701810323418,-0.0006576212454656186,0.002407760482121919
208.4632516703786,97.11581291759465,16.970562748477143,2.85,12,9.384142172063498,4.91540910939748e-05,0.9211230621319376,-0.001779804180034197,-0.0006270810182088618,0.002401549410928933
210.8685968819599,97.71714922048997,16.970562748477143,2.85,12,9.384142172063498,4.91540910939748e-05,0.9021390748201972,-0.001849563977338827,-0.0005352987085813602,0.002380377313450635
209.2650334075724,97.3162583518931,16.970562748477143,2.85,12,9.384142172063498,4.91540910939748e-05,0.9151797388967489,-0.0018034925909859,-0.000596508333788556,0.00239492130177882
210.06681514476614,97.51670378619153,16.970562748477143,2.85,12,9.384142172063498,4.91540910939748e-05,0.9087549727708875,-0.001826754521535175,-0.0005659144529252521,0.002387873780128817
212.47216035634744,98.11804008908686,16.970562748477143,2.85,12,9.384142172063498,4.91540910939748e-05,0.8897530094083455,-0.001893704322461111,-0.0004739396113426851,0.002363833710430488
211.67037861915367,97.91759465478842,16.970562748477143,2.85,12,9.384142172063498,4.91540910939748e-05,0.8956862616832456,-0.001871890719235874,-0.0005046489480052257,0.002372384897702457
213.2739420935412,98.3184855233853,16.970562748477143,2.85,12,9.384142172063498,4.91540910939748e-05,0.8846411911024976,-0.001914969100038617,-0.0004431386723945234,0.00235464722244932
214.07572383073494,98.51893095768374,16.970562748477143,2.85,12,9.384142172063498,4.91540910939748e-05,0.8805115098297407,-0.001935655574799863,-0.0004122267074271288,0.002344771650877647
214.87750556792872,98.71937639198218,16.970562748477143,2.85,12,9.384142172063498,4.91540910939748e-05,0.8774259706105785,-0.001955741227839092,-0.0003811981245198595,0.002334178134085476
215.6792873051225,98.91982182628063,16.970562748477143,2.85,12,9.384142172063498,4.91540910939748e-05,0.8753210170935776,-0.001975212883399468,-0.0003500501356980139,0.002322851034408183
216.48106904231625,99.12026726057906,16.970562748477143,2.85,12,9.384142172063498,4.91540910939748e-05,0.8740773602763536,-0.001994075188022386,-0.000318780800368755,0.002310794185592545
217.28285077951,99.3207126948775,16.970562748477143,2.85,12,9.384142172063498,4.91540910939748e-05,0.8735341398101751,-0.002012348532588501,-0.0002873926085466456,0.002298033041443325
218.08463251670378,99.52115812917594,16.970562748477143,2.85,12,9.384142172063498,4.91540910939748e-05,0.8735350627626405,-0.002030047201766131,-0.0002558808322464498,0.002284576278203536
218.88641425389756,99.72160356347439,16.970562748477143,2.85,12,9.384142172063498,4.91540910939748e-05,0.8740008372914315,-0.002047160062710012,-0.0002242055368131303,0.002270361347503098
219.6881959910913,99.92204899777283,16.970562748477143,2.85,12,9.384142172063498,4.91540910939748e-05,0.8749272974390835,-0.002063670648437406,-0.0001923181324383635,0.002255309778861485
220.48997772828506,100.12249443207126,16.970562748477143,2.85,12,9.384142172063498,4.91540910939748e-05,0.8763223912859524,-0.002079586312922635,-0.0001601988694060718,0.002239404798030581
221.29175946547883,100.32293986636971,16.970562748477143,2.85,12,9.384142172063498,4.91540910939748e-05,0.878214314567941,-0.002094916646683407,-0.0001278549719481515,0.002222664761202109
222.0935412026726,100.52338530066815,16.970562748477143,2.85,12,9.384142172063498,4.91540910939748e-05,0.8806456791503795,-0.002109669319662115,-9.5306838698336e-05,0.00220512284660695
222.89532293986636,100.72383073496658,16.970562748477143,2.85,12,9.384142172063498,4.91540910939748e-05,0.8836186566116524,-0.002123849257327899,-6.260064197303924e-05,0.002186836742727509
223.6971046770601,100.92427616926503,16.970562748477143,2.85,12,9.384142172063498,4.91540910939748e-05,0.8871553999135179,-0.002137459210565154,-2.976488357620279e-05,0.002167840786191136
226.90423162583517,101.72605790645879,16.970562748477143,2.85,12,9.384142172063498,4.91540910939748e-05,0.9094216910828702,-0.002186608222264847,0.0001038882056283336,0.002084088830697211
227.70601336302894,101.92650334075724,16.970562748477143,2.85,12,9.384142172063498,4.91540910939748e-05,0.9171012497641684,-0.00219778747081868,0.0001379314941946216,0.002061383138011037
224.4988864142539,101.12472160356347,16.970562748477143,2.85,12,9.384142172063498,4.91540910939748e-05,0.8914064666786276,-0.0021505068535576,3.261220180839538e-06,0.002148077582805472
225.30066815144767,101.32516703786192,16.970562748477143,2.85,12,9.384142172063498,4.91540910939748e-05,0.8965009577121734,-0.00216300900047562,3.652905890788801e-05,0.002127505842496711
228.50779510022272,102.12694877505568,16.970562748477143,2.85,12,9.384142172063498,4.91540910939748e-05,0.9254470994039046,-0.002208576933231825,0.0001721901185784681,0.0020380660625808
229.30957683741647,102.32739420935411,16.970562748477143,2.85,12,9.384142172063498,4.91540910939748e-05,0.934305044079037,-0.002218983194885223,0.0002066500990492645,0.002014158388126162
226.10244988864142,101.52561247216036,16.970562748477143,2.85,12,9.384142172063498,4.91540910939748e-05,0.9025177225667235,-0.002175025450940153,7.007523021827925e-05,0.002106153309430136
230.11135857461022,102.52783964365256,16.970562748477143,2.85,12,9.384142172063498,4.91540910939748e-05,0.9435021867526914,-0.002229013197859168,0.0002413036600052048,0.001989674656366529
230.913140311804,102.728285077951,16.970562748477143,2.85,12,9.384142172063498,4.91540910939748e-05,0.9528564861608699,-0.002238677924639373,0.0002761441813075175,0.001964631827954766
231.71492204899778,102.92873051224944,16.970562748477143,2.85,12,9.384142172063498,4.91540910939748e-05,0.9621558379610762,-0.002247993689401387,0.0003111481784343049,0.001939071183571284
232.51670378619153,103.12917594654789,16.970562748477143,2.85,12,9.384142172063498,4.91540910939748e-05,0.9711754484607111,-0.002256985660068805,0.0003462809661481349,0.001913057188130593
233.31848552338528,103.32962138084632,16.970562748477143,2.85,12,9.384142172063498,4.91540910939748e-05,0.9797481734523056,-0.002265681278197989,0.0003815141849055882,0.001886649168371381
234.12026726057906,103.53006681514476,16.970562748477143,2.85,12,9.384142172063498,4.91540910939748e-05,0.9877615880174255,-0.002274109594336102,0.0004168281950907645,0.001859895404657394
234.92204899777283,103.73051224944321,16.970562748477143,2.85,12,9.384142172063498,4.91540910939748e-05,0.9951414081644921,-0.002282302088507024,0.0004522134601911504,0.001832835218543051
235.72383073496658,103.93095768374164,16.970562748477143,2.85,12,9.384142172063498,4.91540910939748e-05,1.00187811611933,-0.002290291529706482,0.0004876616028944425,0.00180550821529246
239.7327394209354,104.93318485523385,16.970562748477143,2.85,12,9.384142172063498,4.91540910939748e-05,1.026246926042559,-0.002327896719328129,0.0006653015886128361,0.001666120962258053
236.52561247216033,104.13140311804008,16.970562748477143,2.85,12,9.384142172063498,4.91540910939748e-05,1.007952601202435,-0.002298107490663769,0.0005231593666283637,0.001777956355422673
240.53452115812917,105.13363028953229,16.970562748477143,2.85,12,9.384142172063498,4.91540910939748e-05,1.029451105594536,-0.002334982192145418,0.000700761982150297,0.001637881505118356
237.3273942093541,104.33184855233853,16.970562748477143,2.85,12,9.384142172063498,4.91540910939748e-05,1.013389648972497,-0.002305769119126827,0.0005586933319030333,0.001750212510733063
238.1291759465479,104.53229398663697,16.970562748477143,2.85,12,9.384142172063498,4.91540910939748e-05,1.018234308403653,-0.00231328773678299,0.0005942436018482102,0.00172230903548814
241.33630289532294,105.33407572383074,16.970562748477143,2.85,12,9.384142172063498,4.91540910939748e-05,1.032119373637478,-0.002341916903642932,0.0007361484328611641,0.001609570019526922
238.93095768374164,104.73273942093542,16.970562748477143,2.85,12,9.384142172063498,4.91540910939748e-05,1.022509985753518,-0.002320664449967286,0.0006297870973661296,0.001694271488330469
242.1380846325167,105.53452115812917,16.970562748477143,2.85,12,9.384142172063498,4.91540910939748e-05,1.034262911681035,-0.002348695044329949,0.000771443332998682,0.001581199103680541
242.93986636971044,105.73496659242761,16.970562748477143,2.85,12,9.384142172063498,4.91540910939748e-05,1.035890773438383,-0.00235531416435469,0.0008066317925738615,0.001552781920094668
243.74164810690422,105.93541202672606,16.970562748477143,2.85,12,9.384142172063498,4.91540910939748e-05,1.037030627831383,-0.002361775688056238,0.0008417062514738088,0.001524327484606566
244.543429844098,106.1358574610245,16.970562748477143,2.85,12,9.384142172063498,4.91540910939748e-05,1.037699630160368,-0.00236808617923632,0.0008766603225537348,0.001495847497719613
245.34521158129175,106.33630289532294,16.970562748477143,2.85,12,9.384142172063498,4.91540910939748e-05,1.037896090772831,-0.002374254414926849,0.0009114867897291948,0.001467356085656748
247.75055679287306,106.93763919821826,16.970562748477143,2.85,12,9.384142172063498,4.91540910939748e-05,1.035510322821295,-0.002391948108629292,0.001015096147753313,0.001381936549954837
246.1469933184855,106.53674832962137,16.970562748477143,2.85,12,9.384142172063498,4.91540910939748e-05,1.037614813924156,-0.002380288165682942,0.0009461788738848115,0.001438865558411898
249.35412026726056,107.33853006681514,16.970562748477143,2.85,12,9.384142172063498,4.91540910939748e-05,1.031230447727069,-0.002402985517749794,0.001083259286875959,0.001325115550532369
248.5523385300668,107.1380846325167,16.970562748477143,2.85,12,9.384142172063498,4.91540910939748e-05,1.033650844107679,-0.002397554729627187,0.001049282870376496,0.001353512462561002
250.15590200445433,107.53897550111358,16.970562748477143,2.85,12,9.384142172063498,4.91540910939748e-05,1.028246204462307,-0.002408206203432569,0.001117001516439938,0.001296735224154106
246.94877505567928,106.73719376391982,16.970562748477143,2.85,12,9.384142172063498,4.91540910939748e-05,1.036828374601988,-0.002386188231857025,0.0009807220273565875,0.001410388681125798
251.75946547884186,107.93986636971047,16.970562748477143,2.85,12,9.384142172063498,4.91540910939748e-05,1.020542147547401,-0.002417851162665218,0.001183688760534312,0.00123995315901153
250.9576837416481,107.73942093541203,16.970562748477143,2.85,12,9.384142172063498,4.91540910939748e-05,1.024684307812101,-0.00241317594785081,0.001150486967990524,0.001268353332620043
253.3630289532294,108.34075723830735,16.970562748477143,2.85,12,9.384142172063498,4.91540910939748e-05,1.010659512737358,-0.002426146414842131,0.001249111987954219,0.001183054311131323
254.16481069042317,108.54120267260579,16.970562748477143,2.85,12,9.384142172063498,4.91540910939748e-05,1.005015011984946,-0.002429685010022376,0.001281270209629984,0.0011545361791635
254.96659242761692,108.74164810690422,16.970562748477143,2.85,12,9.384142172063498,4.91540910939748e-05,0.9990454617916745,-0.002432769616696095,0.001313026253044303,0.001125956584786262
252.5612472160356,108.1403118040089,16.970562748477143,2.85,12,9.384142172063498,4.91540910939748e-05,1.015858612783347,-0.002422188742238484,0.001216575045535279,0.001211523153368036
255.76837416481067,108.94209354120267,16.970562748477143,2.85,12,9.384142172063498,4.91540910939748e-05,0.9928828321122883,-0.002435367908994666,0.001344360370045596,0.001097302107867597
256.57015590200444,109.14253897550111,16.970562748477143,2.85,12,9.384142172063498,4.91540910939748e-05,0.9866821782794202,-0.002437453300528205,0.001375266370020738,0.001068551331674177
259.7772828507795,109.94432071269487,16.970562748477143,2.85,12,9.384142172063498,4.91540910939748e-05,0.9641537124057664,-0.002440254119859054,0.001494408477709227,0.0009523457673484095
257.3719376391982,109.34298440979956,16.970562748477143,2.85,12,9.384142172063498,4.91540910939748e-05,0.980584119286563,-0.002439003244623091,0.00140573502681029,0.001039689514259195
258.173719376392,109.543429844098,16.970562748477143,2.85,12,9.384142172063498,4.91540910939748e-05,0.9747397053987917,-0.002439996693999649,0.001435755940965497,0.001010704397923562
258.9755011135857,109.74387527839643,16.970562748477143,2.85,12,9.384142172063498,4.91540910939748e-05,0.9692448819204641,-0.002440417667588959,0.00146531863310544,0.0009815892435797728
260.5790645879733,110.14476614699332,16.970562748477143,2.85,12,9.384142172063498,4.91540910939748e-05,0.9595105051842081,-0.002439499544890981,0.001523022922053641,0.0009229693342554464
261.380846325167,110.34521158129175,16.970562748477143,2.85,12,9.384142172063498,4.91540910939748e-05,0.95531949947128,-0.002438151699544722,0.001551166402326805,0.000893452623910651
262.1826280623608,110.5456570155902,16.970562748477143,2.85,12,9.384142172063498,4.91540910939748e-05,0.9515150612555605,-0.002436210153285278,0.001578839367936866,0.0008637941119432003
262.98440979955456,110.74610244988864,16.970562748477143,2.85,12,9.384142172063498,4.91540910939748e-05,0.9480058695371786,-0.002433676554554332,0.001606044913346306,0.00083399173658434
263.78619153674833,110.94654788418708,16.970562748477143,2.85,12,9.384142172063498,4.91540910939748e-05,0.9446792503294813,-0.002430554403498989,0.001632786115453237,0.0008040452749762332
264.5879732739421,111.14699331848553,16.970562748477143,2.85,12,9.384142172063498,4.91540910939748e-05,0.9413709552691676,-0.002426849576177523,0.001659062826857917,0.0007739599829169586
265.38975501113583,111.34743875278396,16.970562748477143,2.85,12,9.384142172063498,4.91540910939748e-05,0.9379426355024283,-0.002422573803849465,0.001684876294219616,0.0007437454520869835
266.1915367483296,111.5478841870824,16.970562748477143,2.85,12,9.384142172063498,4.91540910939748e-05,0.9342442907746097,-0.002417746349991014,0.001710233821669683,0.0007134124846377413
266.9933184855234,111.74832962138085,16.970562748477143,2.85,12,9.384142172063498,4.91540910939748e-05,0.9301382895922187,-0.002412396345960523,0.001735147827760239,0.0006829763385024146
267.7951002227171,111.94877505567928,16.970562748477143,2.85,12,9.384142172063498,4.91540910939748e-05,0.92549283216272,-0.002406561342656467,0.001759628217697421,0.000652462905026941
268.5968819599109,112.14922048997772,16.970562748477143,2.85,12,9.384142172063498,4.91540910939748e-05,0.9202037510286968,-0.002400282352911909,0.001783685843961895,0.0006219001513602759
269.39866369710467,112.34966592427617,16.970562748477143,2.85,12,9.384142172063498,4.91540910939748e-05,0.9142709506137929,-0.002393586707298631,0.00180732759303496,0.0005913072153882668
270.20044543429844,112.55011135857461,16.970562748477143,2.85,12,9.384142172063498,4.91540910939748e-05,0.907844032640769,-0.002386466088353417,0.001830533071373133,0.0005606976987027854
271.0022271714922,112.75055679287306,16.970562748477143,2.85,12,9.384142172063498,4.91540910939748e-05,0.901213262492058,-0.002378887984223436,0.001853272846539129,0.0005300716143213922
272.6057906458797,113.15144766146993,16.970562748477143,2.85,12,9.384142172063498,4.91540910939748e-05,0.8888833840718702,-0.002362145197475937,0.001897247097957247,0.0004686860130438939
271.80400890868594,112.95100222717149,16.970562748477143,2.85,12,9.384142172063498,4.91540910939748e-05,0.8947647159918022,-0.002370802896042518,0.001875521781047735,0.0004994095896013438
273.4075723830735,113.35189309576838,16.970562748477143,2.85,12,9.384142172063498,4.91540910939748e-05,0.8838437540640934,-0.002352839381650148,0.001918414927450151,0.0004378679081311931
274.2093541202672,113.5523385300668,16.970562748477143,2.85,12,9.384142172063498,4.91540910939748e-05,0.8798049265730012,-0.002342838786132726,0.001939001557230174,0.0004069360444750206
275.011135857461,113.75278396436525,16.970562748477143,2.85,12,9.384142172063498,4.91540910939748e-05,0.8767860921677156,-0.002332117254994649,0.001958985655917503,0.0003758859647915357
276.61469933184856,114.15367483296214,16.970562748477143,2.85,12,9.384142172063498,4.91540910939748e-05,0.8735881022278764,-0.002308480361801452,0.001997123822772401,0.0003134190531188823
275.8129175946548,113.9532293986637,16.970562748477143,2.85,12,9.384142172063498,4.91540910939748e-05,0.874746524360579,-0.00232066239343882,0.001978356876736705,0.0003447149021342199
277.41648106904233,114.35412026726058,16.970562748477143,2.85,12,9.384142172063498,4.91540910939748e-05,0.8731565371287885,-0.002295595765260679,0.002015306672370711,0.0002820004781018094
279.02004454342983,114.75501113585746,16.970562748477143,2.85,12,9.384142172063498,4.91540910939748e-05,0.8739924849699882,-0.002267633756310998,0.002049931573119666,0.0002187202524040088
278.21826280623605,114.55456570155901,16.970562748477143,2.85,12,9.384142172063498,4.91540910939748e-05,0.8733187694785353,-0.002282003293953585,0.002032913824175794,0.0002504485457287995
279.8218262806236,114.9554565701559,16.970562748477143,2.85,12,9.384142172063498,4.91540910939748e-05,0.8751668264357568,-0.00225241767364313,0.002066345700293365,0.0001867725820647032
280.62360801781733,115.15590200445433,16.970562748477143,2.85,12,9.384142172063498,4.91540910939748e-05,0.8768336158102641,-0.002236349316359109,0.002082165297153096,0.000154593540067137
282.2271714922049,115.55679287305122,16.970562748477143,2.85,12,9.384142172063498,4.91540910939748e-05,0.8816681927449037,-0.002201761742890293,0.00211206505079413,8.959095459562844e-05
281.4253897550111,115.35634743875278,16.970562748477143,2.85,12,9.384142172063498,4.91540910939748e-05,0.8789942563343053,-0.002219450878575739,0.002097402096003434,0.0001221913501301549
283.02895322939867,115.75723830734967,16.970562748477143,2.85,12,9.384142172063498,4.91540910939748e-05,0.8848448402536108,-0.00218334137114156,0.002126158412988992,5.684131089915625e-05
283.83073496659244,115.95768374164811,16.970562748477143,2.85,12,9.384142172063498,4.91540910939748e-05,0.8885713486044495,-0.002164203874553095,0.002139686824899131,2.394996624562439e-05
284.63251670378617,116.15812917594654,16.970562748477143,2.85,12,9.384142172063498,4.91540910939748e-05,0.8930071315378156,-0.002144287310630029,0.002152652413290548,-9.141244129563324e-06
285.43429844097994,116.35857461024499,16.970562748477143,2.85,12,9.384142172063498,4.91540910939748e-05,0.8982696730099202,-0.002123563329611373,0.00216507937806199,-4.248026391876965e-05
287.8396436525612,116.9599109131403,16.970562748477143,2.85,12,9.384142172063498,4.91540910939748e-05,0.9191169441431688,-0.002057082082365624,0.002199674817588202,-0.0001440475037302105
288.641425389755,117.16035634743875,16.970562748477143,2.85,12,9.384142172063498,4.91540910939748e-05,0.9274928294882113,-0.002033671064317246,0.002210407478527407,-0.0001783402984561027
289.4432071269488,117.3608017817372,16.970562748477143,2.85,12,9.384142172063498,4.91540910939748e-05,0.9363661037290724,-0.00200967518683405,0.002220757814929861,-0.0002128297602762371
287.03786191536744,116.75946547884186,16.970562748477143,2.85,12,9.384142172063498,4.91540910939748e-05,0.9113832889233761,-0.002079890061844046,0.002188553154931923,-0.0001099625550935709
286.2360801781737,116.55902004454343,16.970562748477143,2.85,12,9.384142172063498,4.91540910939748e-05,0.9044031425204879,-0.002102071377819884,0.002177030765207258,-7.60965874855753e-05
290.24498886414256,117.56124721603564,16.970562748477143,2.85,12,9.384142172063498,4.91540910939748e-05,0.9455483982426786,-0.001985107428813929,0.002230732530200103,-0.000247509263792032
291.0467706013363,117.76169265033407,16.970562748477143,2.85,12,9.384142172063498,4.91540910939748e-05,0.9548497833710461,-0.001959986236044141,0.002240342917268653,-0.0002823711616162723
292.65033407572383,118.16258351893096,16.970562748477143,2.85,12,9.384142172063498,4.91540910939748e-05,0.9729313141440937,-0.001908296411169935,0.002258561910573877,-0.0003525323190429808
291.84855233853006,117.96213808463251,16.970562748477143,2.85,12,9.384142172063498,4.91540910939748e-05,0.964046414044429,-0.001934360031136408,0.002249609743841009,-0.0003173901723223089
293.45211581291755,118.36302895322939,16.970562748477143,2.85,12,9.384142172063498,4.91540910939748e-05,0.9813410171632843,-0.001881854332930519,0.00226722693428098,-0.0003877688443772884
294.25389755011133,118.56347438752783,16.970562748477143,2.85,12,9.384142172063498,4.91540910939748e-05,0.9891919905111283,-0.001855073863708856,0.002275634305266743,-0.000423088272687371
295.0556792873051,118.76391982182628,16.970562748477143,2.85,12,9.384142172063498,4.91540910939748e-05,0.9964265859920434,-0.001827993050937103,0.002283815971934895,-0.000458482786614433
295.8574610244989,118.96436525612472,16.970562748477143,2.85,12,9.384142172063498,4.91540910939748e-05,1.003032804259872,-0.001800652464226138,0.002291804465226009,-0.00049394286982322
296.65924276169267,119.16481069042317,16.970562748477143,2.85,12,9.384142172063498,4.91540910939748e-05,1.008998436637059,-0.001773093564986943,0.002299625688580193,-0.0005294522283012242
297.4610244988864,119.3652561247216,16.970562748477143,2.85,12,9.384142172063498,4.91540910939748e-05,1.014322205631617,-0.001745349909512604,0.002307293265665557,-0.0005649914112496503
298.26280623608017,119.56570155902004,16.970562748477143,2.85,12,9.384142172063498,4.91540910939748e-05,1.019020630716778,-0.001717451436901259,0.002314814112922527,-0.0006005385750501895
299.86636971046767,119.96659242761692,16.970562748477143,2.85,12,9.384142172063498,4.91540910939748e-05,1.026682823469268,-0.001661279880556951,0.002329411164155173,-0.0006715684717685174
299.06458797327394,119.76614699331849,16.970562748477143,2.85,12,9.384142172063498,4.91540910939748e-05,1.02312777524599,-0.001689422111146798,0.002322187807376734,-0.0006360708283897099
300.66815144766144,120.16703786191536,16.970562748477143,2.85,12,9.384142172063498,4.91540910939748e-05,1.029715034225192,-0.001633044856737913,0.002336482108865248,-0.0007070105425475778
302.271714922049,120.56792873051225,16.970562748477143,2.85,12,9.384142172063498,4.91540910939748e-05,1.034304929182483,-0.001576361188947305,0.002350155715508226,-0.0007776559453037966
301.4699331848552,120.3674832962138,16.970562748477143,2.85,12,9.384142172063498,4.91540910939748e-05,1.032256915372447,-0.001604734073608734,0.002343398096559804,-0.0007423784678396383
303.0734966592428,120.7683741648107,16.970562748477143,2.85,12,9.384142172063498,4.91540910939748e-05,1.035873731097827,-0.001547940364417065,0.002356753875332329,-0.0008128283551672492
303.8752783964365,120.96881959910912,16.970562748477143,2.85,12,9.384142172063498,4.91540910939748e-05,1.036967518500348,-0.001519481957661496,0.002363196540716931,-0.0008478890953222756
304.6770601336303,121.16926503340757,16.970562748477143,2.85,12,9.384142172063498,4.91540910939748e-05,1.037593117786867,-0.001490999965857151,0.002369492698422947,-0.0008828317406542154
305.47884187082406,121.36971046770601,16.970562748477143,2.85,12,9.384142172063498,4.91540910939748e-05,1.037744198797499,-0.00146250848543723,0.002375651046542132,-0.0009176489181111707
307.88418708240533,121.97104677060133,16.970562748477143,2.85,12,9.384142172063498,4.91540910939748e-05,1.035232893423293,-0.00137708337947086,0.002393321228148493,-0.001021239467180608
306.2806236080178,121.57015590200444,16.970562748477143,2.85,12,9.384142172063498,4.91540910939748e-05,1.037419188297625,-0.001434017319840069,0.002381677310505881,-0.000952334198207349
307.08240534521155,121.77060133630289,16.970562748477143,2.85,12,9.384142172063498,4.91540910939748e-05,1.036596425915001,-0.001405539101317827,0.002387570082288063,-0.0009868710662532156
308.6859688195991,122.17149220489978,16.970562748477143,2.85,12,9.384142172063498,4.91540910939748e-05,1.03331464568105,-0.001348653821578473,0.002398914811798309,-0.001055417737784883
310.2895322939866,122.57238307349665,16.970562748477143,2.85,12,9.384142172063498,4.91540910939748e-05,1.02769736873672,-0.001291859287449508,0.002409513411364908,-0.001123098290160284
309.4877505567929,122.37193763919822,16.970562748477143,2.85,12,9.384142172063498,4.91540910939748e-05,1.030810632008426,-0.001320249120987313,0.002404324647870983,-0.001089379812261112
311.0913140311804,122.7728285077951,16.970562748477143,2.85,12,9.384142172063498,4.91540910939748e-05,1.023990554551849,-0.001263471685199335,0.002414438154014647,-0.001156543071138885
311.89309576837417,122.97327394209354,16.970562748477143,2.85,12,9.384142172063498,4.91540910939748e-05,1.019699083709273,-0.001235068572575073,0.00241905735032069,-0.001189690303013919
313.49665924276167,123.37416481069042,16.970562748477143,2.85,12,9.384142172063498,4.91540910939748e-05,1.009553024638223,-0.001178147302134214,0.002427217902833507,-0.00125499722509957
312.6948775055679,123.17371937639197,16.970562748477143,2.85,12,9.384142172063498,4.91540910939748e-05,1.014863876989357,-0.001206631424502571,0.002423330666297478,-0.001222517649373369
314.29844097995544,123.57461024498886,16.970562748477143,2.85,12,9.384142172063498,4.91540910939748e-05,1.003843243669619,-0.001149606670476371,0.002430680721292139,-0.001287099604181504
315.1002227171492,123.7750556792873,16.970562748477143,2.85,12,9.384142172063498,4.91540910939748e-05,0.9978445671717395,-0.001120999030760586,0.00243368404314981,-0.001318799447676169
315.902004454343,123.97550111358575,16.970562748477143,2.85,12,9.384142172063498,4.91540910939748e-05,0.9916796944305758,-0.001092315964437193,0.002436196172578328,-0.001350072587215239
316.7037861915367,124.17594654788418,16.970562748477143,2.85,12,9.384142172063498,4.91540910939748e-05,0.9854902484320894,-0.001063547469716481,0.002438191603538541,-0.001380902581802326
317.5055679287305,124.37639198218262,16.970562748477143,2.85,12,9.384142172063498,4.91540910939748e-05,0.9794156243995626,-0.00103467901665718,0.002439648147886961,-0.00141128042779902
318.3073496659243,124.57683741648107,16.970562748477143,2.85,12,9.384142172063498,4.91540910939748e-05,0.9735981382047938,-0.001005691605388592,0.002440545864947235,-0.001441203611900867
319.109131403118,124.7772828507795,16.970562748477143,2.85,12,9.384142172063498,4.91540910939748e-05,0.9681726091320363,-0.0009765699051310472,0.002440869552705308,-0.001470670978133037
319.9109131403118,124.97772828507794,16.970562748477143,2.85,12,9.384142172063498,4.91540910939748e-05,0.9632036137276088,-0.0009473049711651903,0.002440608720306497,-0.001499679972284985
320.71269487750556,125.17817371937639,16.970562748477143,2.85,12,9.384142172063498,4.91540910939748e-05,0.9587170520962375,-0.0009178975823379832,0.002439756988257352,-0.001528222744085158
321.51447661469933,125.37861915367483,16.970562748477143,2.85,12,9.384142172063498,4.91540910939748e-05,0.9546769485996938,-0.000888349046438002,0.002438312549883432,-0.001556295757949273
322.3162583518931,125.57906458797328,16.970562748477143,2.85,12,9.384142172063498,4.91540910939748e-05,0.9510022058466144,-0.0008586611393633797,0.002436275572484653,-0.001583896871758387
323.11804008908683,125.77951002227171,16.970562748477143,2.85,12,9.384142172063498,4.91540910939748e-05,0.9475902932299847,-0.0008288339589200664,0.002433647354962963,-0.001611026730821266
323.9198218262806,125.97995545657015,16.970562748477143,2.85,12,9.384142172063498,4.91540910939748e-05,0.9443079128902401,-0.000798868779653178,0.00243043114804209,-0.001637686708639363
324.7216035634744,126.1804008908686,16.970562748477143,2.85,12,9.384142172063498,4.91540910939748e-05,0.9409967213555638,-0.0007687709525521521,0.002426633965885468,-0.001663877749748056
325.5233853006681,126.38084632516703,16.970562748477143,2.85,12,9.384142172063498,4.91540910939748e-05,0.9375034882027304,-0.0007385477089350433,0.002422268919253497,-0.001689604813411128
326.3251670378619,126.58129175946547,16.970562748477143,2.85,12,9.384142172063498,4.91540910939748e-05,0.9337030050971449,-0.0007082124780823295,0.002417357124561696,-0.001714874422107236
327.12694877505567,126.78173719376392,16.970562748477143,2.85,12,9.384142172063498,4.91540910939748e-05,0.929456029075957,-0.0006777821133133616,0.002411929130414481,-0.001739698752649917
327.92873051224944,126.98218262806236,16.970562748477143,2.85,12,9.384142172063498,4.91540910939748e-05,0.9246558042496285,-0.0006472769065573492,0.002406022444673596,-0.001764093115541391
328.7305122494432,127.1826280623608,16.970562748477143,2.85,12,9.384142172063498,4.91540910939748e-05,0.9192358511088166,-0.0006167223417708947,0.002399676949084525,-0.00178806969482402
329.53229398663694,127.38307349665924,16.970562748477143,2.85,12,9.384142172063498,4.91540910939748e-05,0.9132362879134825,-0.000586137639907683,0.002392915256512845,-0.001811630887891071
330.3340757238307,127.58351893095768,16.970562748477143,2.85,12,9.384142172063498,4.91540910939748e-05,0.9068453280440623,-0.0005555308505596125,0.002385724703765559,-0.001834757762669129
331.1358574610245,127.78396436525613,16.970562748477143,2.85,12,9.384142172063498,4.91540910939748e-05,0.9003666922282006,-0.0005248985786975756,0.002378069894848924,-0.001857421699859637
331.9376391982182,127.98440979955456,16.970562748477143,2.85,12,9.384142172063498,4.91540910939748e-05,0.8941694343517007,-0.0004942236059373008,0.002369898623833018,-0.001879593078302546
332.739420935412,128.184855233853,16.970562748477143,2.85,12,9.384142172063498,4.91540910939748e-05,0.8885982635741619,-0.0004634782912041222,0.002361142416085853,-0.001901238677244169
333.5412026726058,128.38530066815144,16.970562748477143,2.85,12,9.384142172063498,4.91540910939748e-05,0.8838922252607343,-0.0004326323136806343,0.002351727435221849,-0.001922323316349127
334.34298440979956,128.5857461024499,16.970562748477143,2.85,12,9.384142172063498,4.91540910939748e-05,0.8802047795770144,-0.0004016728672647018,0.002341610934460515,-0.001942820022823083
335.14476614699333,128.78619153674833,16.970562748477143,2.85,12,9.384142172063498,4.91540910939748e-05,0.8775390520850054,-0.0003705965087084365,0.002330769279866807,-0.001962708716705644
335.94654788418705,128.98663697104678,16.970562748477143,2.85,12,9.384142172063498,4.91540910939748e-05,0.8757932486237215,-0.0003394025093998497,0.002319195521367957,-0.001981982241467283
336.74832962138083,129.18708240534522,16.970562748477143,2.85,12,9.384142172063498,4.91540910939748e-05,0.8748580090541312,-0.0003080886518169335,0.0023069018694771,-0.002000653561686519
337.5501113585746,129.38752783964367,16.970562748477143,2.85,12,9.384142172063498,4.91540910939748e-05,0.8745622092493235,-0.0002766576544812109,0.002293914113332805,-0.00201874352741198
338.35189309576833,129.58797327394208,16.970562748477143,2.85,12,9.384142172063498,4.91540910939748e-05,0.8747669963825087,-0.0002450928677873293,0.002280215047785268,-0.002036256216232494
339.1536748329621,129.78841870824053,16.970562748477143,2.85,12,9.384142172063498,4.91540910939748e-05,0.8754319999911153,-0.0002133489155481999,0.002265729407719273,-0.002053174833978178
339.9554565701559,129.98886414253897,16.970562748477143,2.85,12,9.384142172063498,4.91540910939748e-05,0.8765526290421672,-0.0001813840445425168,0.002250393995941255,-0.002069489123467547
343.9643652561247,130.99109131403117,16.970562748477143,2.85,12,9.384142172063498,4.91540910939748e-05,0.8894860786323197,-1.853550889443488e-05,0.002161643488205733,-0.002142321838110761
340.75723830734967,130.18930957683742,16.970562748477143,2.85,12,9.384142172063498,4.91540910939748e-05,0.8781208472879289,-0.0001491894892468838,0.002234208797698591,-0.002085209805845454
341.55902004454344,130.38975501113586,16.970562748477143,2.85,12,9.384142172063498,4.91540910939748e-05,0.8801801216400711,-0.0001167753603955876,0.002217197194002557,-0.00210034690727033
342.36080178173717,130.59020044543428,16.970562748477143,2.85,12,9.384142172063498,4.91540910939748e-05,0.8827472246124025,-8.417116999969416e-05,0.002199402691045336,-0.002114908356706329
343.16258351893094,130.79064587973272,16.970562748477143,2.85,12,9.384142172063498,4.91540910939748e-05,0.885824625216625,-5.142606999589515e-05,0.002180884862683957,-0.002128898641747162
344.76614699331844,131.1915367483296,16.970562748477143,2.85,12,9.384142172063498,4.91540910939748e-05,0.8938970344223155,1.456744162670718e-05,0.002141613022292474,-0.002155185818390025
346.369710467706,131.5924276169265,16.970562748477143,2.85,12,9.384142172063498,4.91540910939748e-05,0.9053902810497599,8.156875991332084e-05,0.002099185904101953,-0.00217939937058235
347.97327394209356,131.9933184855234,16.970562748477143,2.85,12,9.384142172063498,4.91540910939748e-05,0.9202621872536753,0.0001495790827253563,0.002054002420116775,-0.002201907751482568
348.7750556792873,132.19376391982183,16.970562748477143,2.85,12,9.384142172063498,4.91540910939748e-05,0.9287089445824548,0.0001839054478666158,0.002030489420363327,-0.002212571073488017
347.1714922048998,131.79287305122494,16.970562748477143,2.85,12,9.384142172063498,4.91540910939748e-05,0.9124449444970592,0.0001154614274021388,0.002076909432983136,-0.002190853043079187
345.5679287305122,131.39198218262806,16.970562748477143,2.85,12,9.384142172063498,4.91540910939748e-05,0.8991828351496545,4.792669286965593e-05,0.00212077908848315,-0.002167523484133756
349.57683741648106,132.39420935412028,16.970562748477143,2.85,12,9.384142172063498,4.91540910939748e-05,0.9376066972115559,0.0002184270708278646,0.002006389397723999,-0.002222848400814377
350.37861915367483,132.59465478841872,16.970562748477143,2.85,12,9.384142172063498,4.91540910939748e-05,0.9468111446199758,0.0002531385496629176,0.001981716592707077,-0.002232748989589686
351.18040089086855,132.79510022271714,16.970562748477143,2.85,12,9.384142172063498,4.91540910939748e-05,0.9561030988653728,0.0002880296905671577,0.001956495237216282,-0.002242287309486539
351.98218262806233,132.99554565701558,16.970562748477143,2.85,12,9.384142172063498,4.91540910939748e-05,0.9652629133756737,0.0003230718619566484,0.001930776614654298,-0.002251483473911495
352.7839643652561,133.19599109131403,16.970562748477143,2.85,12,9.384142172063498,4.91540910939748e-05,0.9741114439138505,0.0003582335695320801,0.001904624643237109,-0.002260365158390176
353.5857461024499,133.39643652561247,16.970562748477143,2.85,12,9.384142172063498,4.91540910939748e-05,0.9824694355582887,0.0003934881076201594,0.001878096150949816,-0.002268960331122526
354.38752783964367,133.59688195991092,16.970562748477143,2.85,12,9.384142172063498,4.91540910939748e-05,0.9902591671928056,0.0004288196085962221,0.001851236725939318,-0.002277299909040419
358.39643652561244,134.5991091314031,16.970562748477143,2.85,12,9.384142172063498,4.91540910939748e-05,1.019829297912396,0.0006062699344833882,0.001713316955450702,-0.002316182697979942
355.1893095768374,133.79732739420933,16.970562748477143,2.85,12,9.384142172063498,4.91540910939748e-05,0.997429384358578,0.0004642210685339689,0.001824084317752747,-0.002285416636724482
356.79287305122494,134.19821826280622,16.970562748477143,2.85,12,9.384142172063498,4.91540910939748e-05,1.009859360942428,0.0005351889208581669,0.001769064375529108,-0.002301104953095207
355.99109131403117,133.99777282850778,16.970562748477143,2.85,12,9.384142172063498,4.91540910939748e-05,1.003962440497972,0.0004996822143726441,0.001796680594317063,-0.002293343280815084
359.1982182628062,134.79955456570156,16.970562748477143,2.85,12,9.384142172063498,4.91540910939748e-05,1.023952994731557,0.0006417981158071647,0.001685238756842438,-0.002323502756138106
357.59465478841867,134.39866369710467,16.970562748477143,2.85,12,9.384142172063498,4.91540910939748e-05,1.01513859891633,0.0005707260635612822,0.001741266083458099,-0.002308716067046825
360.0,135.0,16.970562748477143,2.85,12,9.384142172063498,4.91540910939748e-05,1.027522915215394,0.000677286368830156,0.001657054429699352,-0.002330673590536233
