degel,degmech,irms,magnet_depth,ratio,halbach_side,i,angle,x,y,magarea,torque_airgap,flux_a,flux_b,flux_c
0.0,45.0,16.970562748477143,3,0.4,A,12,0,3,0.4,6.880545781267383e-05,1.135817441460302,0.0004188768512081634,0.002036083654525429,-0.002448118574912004
0.8017817371937639,45.200445434298445,16.970562748477143,3,0.4,A,12,0,3,0.4,6.880545781267383e-05,1.132360219207172,0.0004590019238078458,0.002008380145145026,-0.002459985915473221
1.6035634743875278,45.40089086859688,16.970562748477143,3,0.4,A,12,0,3,0.4,6.880545781267383e-05,1.128657979622891,0.0004990588648641929,0.001980445840078795,-0.002471562142661011
2.4053452115812917,45.60133630289532,16.970562748477143,3,0.4,A,12,0,3,0.4,6.880545781267383e-05,1.12490627594032,0.000539031157798708,0.001952319848285815,-0.002482878097903209
3.2071269487750556,45.801781737193764,16.970562748477143,3,0.4,A,12,0,3,0.4,6.880545781267383e-05,1.121203189916586,0.0005788690956574806,0.001924054419936795,-0.002493932353999389
4.008908685968819,46.00222717149221,16.970562748477143,3,0.4,A,12,0,3,0.4,6.880545781267383e-05,1.117600578946261,0.0006185143088132084,0.001895693912789453,-0.002504701960283528
4.810690423162583,46.202672605790646,16.970562748477143,3,0.4,A,12,0,3,0.4,6.880545781267383e-05,1.114214020655445,0.000657924386742077,0.001867256478755144,-0.00251515878284679
5.612472160356347,46.40311804008908,16.970562748477143,3,0.4,A,12,0,3,0.4,6.880545781267383e-05,1.111153258399321,0.00069706780083076,0.001838747793368136,-0.002525275442734689
6.414253897550111,46.60356347438753,16.970562748477143,3,0.4,A,12,0,3,0.4,6.880545781267383e-05,1.108547510368411,0.0007359335811566967,0.001810157070769472,-0.002535027493174916
7.216035634743875,46.80400890868597,16.970562748477143,3,0.4,A,12,0,3,0.4,6.880545781267383e-05,1.10651230814218,0.0007745087147564549,0.001781484215906024,-0.002544400686476961
8.017817371937639,47.00445434298441,16.970562748477143,3,0.4,A,12,0,3,0.4,6.880545781267383e-05,1.105157550405176,0.0008127788392654357,0.001752745985734165,-0.002553401693554739
8.819599109131403,47.20489977728285,16.970562748477143,3,0.4,A,12,0,3,0.4,6.880545781267383e-05,1.104561732465083,0.0008507358800934266,0.001723959101205516,-0.00256204430677278
9.621380846325167,47.40534521158129,16.970562748477143,3,0.4,A,12,0,3,0.4,6.880545781267383e-05,1.104808403626192,0.0008883819913797548,0.001695128554581539,-0.002570339723449243
10.42316258351893,47.605790645879736,16.970562748477143,3,0.4,A,12,0,3,0.4,6.880545781267383e-05,1.105889529375254,0.0009257151782539483,0.001666258129522201,-0.002578293790036219
11.224944320712694,47.806236080178174,16.970562748477143,3,0.4,A,12,0,3,0.4,6.880545781267383e-05,1.10770086084726,0.0009627211410474218,0.001637352904537275,-0.002585902023827329
12.026726057906458,48.00668151447661,16.970562748477143,3,0.4,A,12,0,3,0.4,6.880545781267383e-05,1.11008281033088,0.0009993801517415317,0.001608416033308415,-0.002593151129262756
12.828507795100222,48.207126948775056,16.970562748477143,3,0.4,A,12,0,3,0.4,6.880545781267383e-05,1.112800365464274,0.001035674197476273,0.001579444260594941,-0.002600021912719616
13.630289532293986,48.4075723830735,16.970562748477143,3,0.4,A,12,0,3,0.4,6.880545781267383e-05,1.115597576164235,0.001071582462156034,0.001550437985230304,-0.002606495809445164
15.233853006681514,48.808463251670375,16.970562748477143,3,0.4,A,12,0,3,0.4,6.880545781267383e-05,1.120275478535466,0.001142167299409242,0.001492326027624401,-0.002618189658604823
14.43207126948775,48.60801781737194,16.970562748477143,3,0.4,A,12,0,3,0.4,6.880545781267383e-05,1.118192458918326,0.001107085421618861,0.001521398927146431,-0.0026125568717939
16.035634743875278,49.00890868596882,16.970562748477143,3,0.4,A,12,0,3,0.4,6.880545781267383e-05,1.121619378188172,0.00117682794177738,0.001463204021676573,-0.002623379785607307
17.639198218262806,49.4097995545657,16.970562748477143,3,0.4,A,12,0,3,0.4,6.880545781267383e-05,1.121191376379333,0.001244886212881871,0.001404753809196317,-0.002632378654956079
16.83741648106904,49.209354120267264,16.970562748477143,3,0.4,A,12,0,3,0.4,6.880545781267383e-05,1.121990067009937,0.001211068235355953,0.001434017813084076,-0.002628114082040362
18.44097995545657,49.61024498886414,16.970562748477143,3,0.4,A,12,0,3,0.4,6.880545781267383e-05,1.119040370204607,0.001278270707713473,0.001375405623545964,-0.002636157997349223
20.044543429844097,50.01113585746103,16.970562748477143,3,0.4,A,12,0,3,0.4,6.880545781267383e-05,1.110076964070627,0.001343682292112306,0.001316435713692586,-0.002642191405017751
19.242761692650333,49.81069042316258,16.970562748477143,3,0.4,A,12,0,3,0.4,6.880545781267383e-05,1.115365783291256,0.001311207814612807,0.001345967660313663,-0.002639434735600138
20.84632516703786,50.211581291759465,16.970562748477143,3,0.4,A,12,0,3,0.4,6.880545781267383e-05,1.103163271200616,0.001375682260231284,0.001286804374652423,-0.00264441239454622
21.648106904231625,50.4120267260579,16.970562748477143,3,0.4,A,12,0,3,0.4,6.880545781267383e-05,1.09470190657915,0.001407209852806714,0.001257059644668643,-0.002646086972694771
22.44988864142539,50.61247216035635,16.970562748477143,3,0.4,A,12,0,3,0.4,6.880545781267383e-05,1.084874828347405,0.001438270682949151,0.001227188214870612,-0.002647208330900539
24.053452115812917,51.01336302895323,16.970562748477143,3,0.4,A,12,0,3,0.4,6.880545781267383e-05,1.062114761475445,0.001499000522737561,0.001167035825443849,-0.002647773396787006
24.85523385300668,51.21380846325167,16.970562748477143,3,0.4,A,12,0,3,0.4,6.880545781267383e-05,1.049792134818357,0.00152866211823135,0.001136755517771713,-0.00264721072343403
23.251670378619153,50.81291759465479,16.970562748477143,3,0.4,A,12,0,3,0.4,6.880545781267383e-05,1.073920230861305,0.001468868767059424,0.001197180610241694,-0.002647771854843006
25.657015590200444,51.41425389755011,16.970562748477143,3,0.4,A,12,0,3,0.4,6.880545781267383e-05,1.037304765603702,0.001557853056592074,0.001106341670632362,-0.002646084986876839
28.8641425389755,52.216035634743875,16.970562748477143,3,0.4,A,12,0,3,0.4,6.880545781267383e-05,0.9929276419966109,0.001670071625343557,0.0009833895814935936,-0.002636132210707813
27.260579064587972,51.81514476614699,16.970562748477143,3,0.4,A,12,0,3,0.4,6.880545781267383e-05,1.013355000417604,0.001614848526762285,0.0010451204506884,-0.002642173598585003
29.665924276169264,52.41648106904232,16.970562748477143,3,0.4,A,12,0,3,0.4,6.880545781267383e-05,0.9844762390114864,0.001697070987011798,0.0009523297435033418,-0.002632358031616852
26.45879732739421,51.614699331848556,16.970562748477143,3,0.4,A,12,0,3,0.4,6.880545781267383e-05,1.025039763074664,0.001586578788625097,0.001075795901458133,-0.002644402472924332
28.062360801781736,52.01559020044543,16.970562748477143,3,0.4,A,12,0,3,0.4,6.880545781267383e-05,1.002575522942111,0.001642673245188205,0.001014318411333219,-0.002639411183272168
30.467706013363028,52.61692650334076,16.970562748477143,3,0.4,A,12,0,3,0.4,6.880545781267383e-05,0.977109710090817,0.001723704375908208,0.0009211310006781845,-0.002628111827662946
31.26948775055679,52.817371937639194,16.970562748477143,3,0.4,A,12,0,3,0.4,6.880545781267383e-05,0.9705764500270633,0.001750010332234536,0.0008897757745230732,-0.002623412996222149
32.87305122494432,53.21826280623608,16.970562748477143,3,0.4,A,12,0,3,0.4,6.880545781267383e-05,0.9590086348476881,0.001801752083550948,0.0008265044353496715,-0.002612675761673348
32.071269487750556,53.01781737193764,16.970562748477143,3,0.4,A,12,0,3,0.4,6.880545781267383e-05,0.9646059928681595,0.001776019124911662,0.0008582428738774789,-0.002618269810957062
33.67483296213808,53.41870824053452,16.970562748477143,3,0.4,A,12,0,3,0.4,6.880545781267383e-05,0.9537202220569844,0.00182721776439594,0.0007945318286287731,-0.002606611290651103
34.47661469933185,53.61915367483296,16.970562748477143,3,0.4,A,12,0,3,0.4,6.880545781267383e-05,0.9488716076514568,0.001852417029396137,0.0007622963024027531,-0.002600049294550081
35.27839643652561,53.8195991091314,16.970562748477143,3,0.4,A,12,0,3,0.4,6.880545781267383e-05,0.9446748973462533,0.001877344826094629,0.000729775434810467,-0.002592962681340428
36.080178173719375,54.02004454342985,16.970562748477143,3,0.4,A,12,0,3,0.4,6.880545781267383e-05,0.9414562425935545,0.001901994395738069,0.000696950290320013,-0.002585325985734818
36.88195991091314,54.220489977728285,16.970562748477143,3,0.4,A,12,0,3,0.4,6.880545781267383e-05,0.9395350139288415,0.001926352044254142,0.0006638087489562898,-0.002577113140598841
37.6837416481069,54.42093541202672,16.970562748477143,3,0.4,A,12,0,3,0.4,6.880545781267383e-05,0.939171759278639,0.001950393200319517,0.0006303417305595244,-0.002568290260512994
38.48552338530067,54.62138084632517,16.970562748477143,3,0.4,A,12,0,3,0.4,6.880545781267383e-05,0.9405915316573314,0.001974086575026854,0.0005965398764648677,-0.002558815285170843
39.28730512249443,54.82182628062361,16.970562748477143,3,0.4,A,12,0,3,0.4,6.880545781267383e-05,0.9439545825250764,0.001997407777289417,0.0005623855964719535,-0.002548641128773677
40.089086859688194,55.02227171492205,16.970562748477143,3,0.4,A,12,0,3,0.4,6.880545781267383e-05,0.9493734960743139,0.002020338347422983,0.0005278547421194531,-0.002537715583036294
40.89086859688196,55.222717149220486,16.970562748477143,3,0.4,A,12,0,3,0.4,6.880545781267383e-05,0.9568874620792966,0.002042867914014617,0.0004929254333948815,-0.002525997073625909
41.69265033407572,55.42316258351893,16.970562748477143,3,0.4,A,12,0,3,0.4,6.880545781267383e-05,0.9664440742558469,0.002064999792954081,0.0004575950568765253,-0.002513482967665783
42.494432071269486,55.623608017817375,16.970562748477143,3,0.4,A,12,0,3,0.4,6.880545781267383e-05,0.9778635306161216,0.002086745958891303,0.0004218781419357008,-0.002500201267024632
43.29621380846325,55.82405345211581,16.970562748477143,3,0.4,A,12,0,3,0.4,6.880545781267383e-05,0.9908651009146433,0.002108113028599282,0.0003858079286575942,-0.002486200156301181
44.097995545657014,56.02449888641425,16.970562748477143,3,0.4,A,12,0,3,0.4,6.880545781267383e-05,1.005028656552236,0.002129089908047999,0.0003494427012627836,-0.002471541179946776
44.89977728285078,56.224944320712694,16.970562748477143,3,0.4,A,12,0,3,0.4,6.880545781267383e-05,1.019924671059355,0.002149638546102652,0.0003128100606330051,-0.002456215682350139
45.70155902004454,56.42538975501114,16.970562748477143,3,0.4,A,12,0,3,0.4,6.880545781267383e-05,1.035305167627825,0.002169716457670453,0.0002758720868514774,-0.002440122913242384
46.503340757238306,56.625835189309576,16.970562748477143,3,0.4,A,12,0,3,0.4,6.880545781267383e-05,1.05089960630293,0.002189347678426196,0.0002386033359117673,-0.002423245837319012
47.30512249443207,56.826280623608014,16.970562748477143,3,0.4,A,12,0,3,0.4,6.880545781267383e-05,1.066106313898783,0.002208605151203666,0.0002010962267731707,-0.002405772843571732
48.10690423162583,57.02672605790646,16.970562748477143,3,0.4,A,12,0,3,0.4,6.880545781267383e-05,1.080263996712042,0.002227509903665423,0.0001634749657426237,-0.002387881093363154
48.9086859688196,57.2271714922049,16.970562748477143,3,0.4,A,12,0,3,0.4,6.880545781267383e-05,1.093047456009426,0.002245951541429274,0.0001257148288862965,-0.002369415008199783
49.71046770601336,57.42761692650334,16.970562748477143,3,0.4,A,12,0,3,0.4,6.880545781267383e-05,1.104532257600455,0.002263768005451278,8.769104485301731e-05,-0.002350037363532696
50.512249443207125,57.62806236080178,16.970562748477143,3,0.4,A,12,0,3,0.4,6.880545781267383e-05,1.114725281081242,0.002280916240932815,4.935982621251398e-05,-0.002329637944800464
51.31403118040089,57.82850779510022,16.970562748477143,3,0.4,A,12,0,3,0.4,6.880545781267383e-05,1.12349065927597,0.002297519846799314,1.075191998785428e-05,-0.00230837908008261
52.11581291759465,58.02895322939867,16.970562748477143,3,0.4,A,12,0,3,0.4,6.880545781267383e-05,1.130659168556868,0.002313693225573344,-2.80703229892821e-05,-0.002286461426922457
52.91759465478842,58.229398663697104,16.970562748477143,3,0.4,A,12,0,3,0.4,6.880545781267383e-05,1.136291395968421,0.002329382450394738,-6.7122956175808e-05,-0.002263812632923925
53.71937639198218,58.42984409799554,16.970562748477143,3,0.4,A,12,0,3,0.4,6.880545781267383e-05,1.140573302399153,0.00234448003990503,-0.0001064402261761528,-0.002240277927092168
54.521158129175944,58.630289532293986,16.970562748477143,3,0.4,A,12,0,3,0.4,6.880545781267383e-05,1.143457784604939,0.002358963500894574,-0.0001459527662227603,-0.002215919258618705
55.32293986636971,58.83073496659243,16.970562748477143,3,0.4,A,12,0,3,0.4,6.880545781267383e-05,1.144897939613401,0.002372906849232201,-0.0001855844021053743,-0.002190902508767295
56.12472160356347,59.03118040089087,16.970562748477143,3,0.4,A,12,0,3,0.4,6.880545781267383e-05,1.145012022009999,0.00238645417276486,-0.0002253047326268159,-0.002165397970231053
57.728285077951,59.43207126948775,16.970562748477143,3,0.4,A,12,0,3,0.4,6.880545781267383e-05,1.142868177103218,0.002412735090060623,-0.0003052601455345968,-0.002112936517218333
58.530066815144764,59.632516703786195,16.970562748477143,3,0.4,A,12,0,3,0.4,6.880545781267383e-05,1.140960236512171,0.002425515434109243,-0.0003454559976790351,-0.002086073028047937
56.926503340757236,59.231625835189305,16.970562748477143,3,0.4,A,12,0,3,0.4,6.880545781267383e-05,1.144225679281425,0.002399711220871565,-0.0002651857299561965,-0.002139405748189757
59.33184855233853,59.83296213808463,16.970562748477143,3,0.4,A,12,0,3,0.4,6.880545781267383e-05,1.138438306896741,0.002438001847734867,-0.0003856753512356203,-0.002058888423253772
60.13363028953229,60.03340757238307,16.970562748477143,3,0.4,A,12,0,3,0.4,6.880545781267383e-05,1.135368069465758,0.002450150014998583,-0.0004258589737903691,-0.00203140788982349
60.935412026726056,60.233853006681514,16.970562748477143,3,0.4,A,12,0,3,0.4,6.880545781267383e-05,1.131906571646865,0.002461972855257748,-0.0004659866446418006,-0.002003659074344829
61.73719376391982,60.43429844097996,16.970562748477143,3,0.4,A,12,0,3,0.4,6.880545781267383e-05,1.128254398229768,0.002473510822832271,-0.0005060416541814916,-0.001975687630566547
62.53897550111358,60.634743875278396,16.970562748477143,3,0.4,A,12,0,3,0.4,6.880545781267383e-05,1.124570047944208,0.002484791181539497,-0.000546003183705555,-0.001947535030132562
64.94432071269487,61.23608017817372,16.970562748477143,3,0.4,A,12,0,3,0.4,6.880545781267383e-05,1.113995221988459,0.002516939069196589,-0.0006648082828572073,-0.001862424882077639
65.74610244988864,61.43652561247216,16.970562748477143,3,0.4,A,12,0,3,0.4,6.880545781267383e-05,1.110960129460744,0.002526993566651675,-0.0007039088543434155,-0.001833897353874918
63.34075723830735,60.83518930957683,16.970562748477143,3,0.4,A,12,0,3,0.4,6.880545781267383e-05,1.120933223685564,0.002495807875287792,-0.0005858242458540009,-0.001919248121639334
64.14253897550111,61.03563474387528,16.970562748477143,3,0.4,A,12,0,3,0.4,6.880545781267383e-05,1.117370284882576,0.002506534425064877,-0.0006254398422388414,-0.001890873526552595
66.5478841870824,61.6369710467706,16.970562748477143,3,0.4,A,12,0,3,0.4,6.880545781267383e-05,1.108431564092057,0.002536676203982412,-0.0007427334271074073,-0.001805279292669573
67.34966592427617,61.83741648106904,16.970562748477143,3,0.4,A,12,0,3,0.4,6.880545781267383e-05,1.106536408928906,0.002545977900717494,-0.000781268662386175,-0.001776575129351118
68.15144766146993,62.037861915367486,16.970562748477143,3,0.4,A,12,0,3,0.4,6.880545781267383e-05,1.105419903178284,0.002554911812421568,-0.0008195170663830643,-0.001747791959111591
68.9532293986637,62.238307349665924,16.970562748477143,3,0.4,A,12,0,3,0.4,6.880545781267383e-05,1.105117724357895,0.002563488871336023,-0.000857458008811323,-0.001718955414328154
69.75501113585746,62.43875278396436,16.970562748477143,3,0.4,A,12,0,3,0.4,6.880545781267383e-05,1.105638485743218,0.002571714878870599,-0.0008950748590700785,-0.001690082280246018
70.55679287305122,62.639198218262806,16.970562748477143,3,0.4,A,12,0,3,0.4,6.880545781267383e-05,1.106954195175726,0.002579593572461305,-0.0009323629497789189,-0.001661177130188315
71.35857461024499,62.83964365256125,16.970562748477143,3,0.4,A,12,0,3,0.4,6.880545781267383e-05,1.108957422239196,0.002587123890596887,-0.0009693139914050668,-0.001632243914385361
72.16035634743875,63.04008908685969,16.970562748477143,3,0.4,A,12,0,3,0.4,6.880545781267383e-05,1.111491370982452,0.002594296547783366,-0.001005913555418705,-0.001603285347229111
72.96213808463251,63.240534521158125,16.970562748477143,3,0.4,A,12,0,3,0.4,6.880545781267383e-05,1.114347590647399,0.002601095344517164,-0.001042148467751353,-0.001574296502154024
74.56570155902004,63.641425389755014,16.970562748477143,3,0.4,A,12,0,3,0.4,6.880545781267383e-05,1.119883120071348,0.00261350225501387,-0.00111346060256582,-0.001516216409641624
73.76391982182628,63.44097995545657,16.970562748477143,3,0.4,A,12,0,3,0.4,6.880545781267383e-05,1.117236988684751,0.002607503370344955,-0.001078001511126394,-0.001545276094177843
76.16926503340757,64.04231625835189,16.970562748477143,3,0.4,A,12,0,3,0.4,6.880545781267383e-05,1.123203101890846,0.002624195198798893,-0.001183130599671478,-0.001457960491685201
75.3674832962138,63.84187082405345,16.970562748477143,3,0.4,A,12,0,3,0.4,6.880545781267383e-05,1.121978022393296,0.002619072467262331,-0.001148510326960922,-0.001487111543997429
76.97104677060133,64.24276169265033,16.970562748477143,3,0.4,A,12,0,3,0.4,6.880545781267383e-05,1.123310099695652,0.002628852715115554,-0.001217304207520245,-0.001428760632443882
77.7728285077951,64.44320712694878,16.970562748477143,3,0.4,A,12,0,3,0.4,6.880545781267383e-05,1.122108986131905,0.002633027637024052,-0.001251025314811076,-0.001399498732712811
78.57461024498886,64.64365256124722,16.970562748477143,3,0.4,A,12,0,3,0.4,6.880545781267383e-05,1.119450121447362,0.002636704355897197,-0.001284294714789169,-0.001370156791889724
79.37639198218262,64.84409799554565,16.970562748477143,3,0.4,A,12,0,3,0.4,6.880545781267383e-05,1.115255009056088,0.00263986863981219,-0.001317110040382389,-0.001340721288627048
80.17817371937639,65.0445434298441,16.970562748477143,3,0.4,A,12,0,3,0.4,6.880545781267383e-05,1.109467636162294,0.002642506725178756,-0.001349462207437962,-0.001311186094631236
80.97995545657015,65.24498886414254,16.970562748477143,3,0.4,A,12,0,3,0.4,6.880545781267383e-05,1.102078393028456,0.002644606670416867,-0.001381344216049546,-0.001281544966436108
81.78173719376392,65.44543429844097,16.970562748477143,3,0.4,A,12,0,3,0.4,6.880545781267383e-05,1.093182727734686,0.002646158274637924,-0.00141275215564513,-0.001251790524715098
82.58351893095768,65.64587973273942,16.970562748477143,3,0.4,A,12,0,3,0.4,6.880545781267383e-05,1.082951539029592,0.002647152782600665,-0.001443689294983798,-0.001221909687800656
85.79064587973274,66.44766146993318,16.970562748477143,3,0.4,A,12,0,3,0.4,6.880545781267383e-05,1.034435131488123,0.002645485759834649,-0.001562820533691604,-0.001100944218963151
83.38530066815144,65.84632516703786,16.970562748477143,3,0.4,A,12,0,3,0.4,6.880545781267383e-05,1.071625419537494,0.002647584095072754,-0.001474161949482088,-0.001191889127654297
86.5924276169265,66.64810690423162,16.970562748477143,3,0.4,A,12,0,3,0.4,6.880545781267383e-05,1.022193246139296,0.002643671800992262,-0.00159145781917446,-0.001070348976382807
84.18708240534521,66.0467706013363,16.970562748477143,3,0.4,A,12,0,3,0.4,6.880545781267383e-05,1.059527307508828,0.002647449046432112,-0.001504175005809054,-0.001161719997136605
87.39420935412026,66.84855233853007,16.970562748477143,3,0.4,A,12,0,3,0.4,6.880545781267383e-05,1.010647652633238,0.002641319660695606,-0.001619650785012047,-0.001039621115999227
84.98886414253897,66.24721603563475,16.970562748477143,3,0.4,A,12,0,3,0.4,6.880545781267383e-05,1.047012310150638,0.002646748058517707,-0.001533728036490521,-0.001131403070964967
88.19599109131403,67.0489977728285,16.970562748477143,3,0.4,A,12,0,3,0.4,6.880545781267383e-05,1.00008341707865,0.002638445328118132,-0.001647413274366815,-0.001008764196820943
88.99777282850779,67.24944320712694,16.970562748477143,3,0.4,A,12,0,3,0.4,6.880545781267383e-05,0.9906781656669318,0.002635067923699316,-0.001674763881967328,-0.0009777803639250467
89.79955456570156,67.44988864142539,16.970562748477143,3,0.4,A,12,0,3,0.4,6.880545781267383e-05,0.9824655676666201,0.002631207669375033,-0.001701726688027958,-0.0009466674555319688
90.60133630289532,67.65033407572383,16.970562748477143,3,0.4,A,12,0,3,0.4,6.880545781267383e-05,0.9753088974211084,0.002626882365440444,-0.001728329049182027,-0.000915417481167958
91.40311804008908,67.85077951002228,16.970562748477143,3,0.4,A,12,0,3,0.4,6.880545781267383e-05,0.9689945798595687,0.002622104038554529,-0.001754600907042376,-0.0008840135314378059
92.20489977728285,68.05122494432071,16.970562748477143,3,0.4,A,12,0,3,0.4,6.880545781267383e-05,0.9632428766592956,0.002616875294830313,-0.001780570671020705,-0.000852430372100998
93.00668151447661,68.25167037861915,16.970562748477143,3,0.4,A,12,0,3,0.4,6.880545781267383e-05,0.9578621370203996,0.002611188758038363,-0.0018062621880876,-0.0008206368527089791
93.80846325167037,68.4521158129176,16.970562748477143,3,0.4,A,12,0,3,0.4,6.880545781267383e-05,0.9528206930988922,0.002605025833515963,-0.001831687320495158,-0.0007886021027043818
94.61024498886414,68.65256124721603,16.970562748477143,3,0.4,A,12,0,3,0.4,6.880545781267383e-05,0.9482337139822229,0.002598362038065492,-0.001856845484417596,-0.0007563016730898219
95.4120267260579,68.85300668151447,16.970562748477143,3,0.4,A,12,0,3,0.4,6.880545781267383e-05,0.9443679971403875,0.002591171075584986,-0.001881732585450302,-0.0007237130153361073
97.01559020044543,69.25389755011136,16.970562748477143,3,0.4,A,12,0,3,0.4,6.880545781267383e-05,0.9400212604774776,0.00257511099989392,-0.001930647840313811,-0.0006576198502471611
98.61915367483296,69.65478841870824,16.970562748477143,3,0.4,A,12,0,3,0.4,6.880545781267383e-05,0.9419662426204636,0.002556601217858168,-0.001978263411527618,-0.0005902515511853593
97.8173719376392,69.4543429844098,16.970562748477143,3,0.4,A,12,0,3,0.4,6.880545781267383e-05,0.9401030749278113,0.002566182100630878,-0.001954632960376808,-0.0006240991657090133
96.21380846325167,69.05345211581292,16.970562748477143,3,0.4,A,12,0,3,0.4,6.880545781267383e-05,0.9415241391953441,0.002583429483295853,-0.001906338395004709,-0.0006908227468865651
99.42093541202672,69.85523385300668,16.970562748477143,3,0.4,A,12,0,3,0.4,6.880545781267383e-05,0.9457504387739575,0.002546321154159787,-0.002001514890604125,-0.0005560603784017529
100.22271714922049,70.05567928730513,16.970562748477143,3,0.4,A,12,0,3,0.4,6.880545781267383e-05,0.9515407086439127,0.002535289273131871,-0.002024369607296742,-0.0005215009404832884
101.02449888641425,70.25612472160356,16.970562748477143,3,0.4,A,12,0,3,0.4,6.880545781267383e-05,0.9593652535091003,0.002523468940640907,-0.002046820847889451,-0.0004865514896003749
101.82628062360801,70.456570155902,16.970562748477143,3,0.4,A,12,0,3,0.4,6.880545781267383e-05,0.9691400366102708,0.002510860283034058,-0.00206887523028331,-0.0004512077690961158
102.62806236080178,70.65701559020044,16.970562748477143,3,0.4,A,12,0,3,0.4,6.880545781267383e-05,0.9806791956697299,0.002497494627262916,-0.002090546081228539,-0.0004154850694166923
103.42984409799554,70.85746102449889,16.970562748477143,3,0.4,A,12,0,3,0.4,6.880545781267383e-05,0.9936783824669558,0.002483422233625606,-0.002111833195386572,-0.000379423501195448
104.2316258351893,71.05790645879733,16.970562748477143,3,0.4,A,12,0,3,0.4,6.880545781267383e-05,1.007733196959988,0.002468695989481343,-0.002132727159310344,-0.0003430713940901729
105.03340757238307,71.25835189309576,16.970562748477143,3,0.4,A,12,0,3,0.4,6.880545781267383e-05,1.022474109513237,0.002453285393370144,-0.002153184629815105,-0.0003064432032179148
105.83518930957683,71.45879732739421,16.970562748477143,3,0.4,A,12,0,3,0.4,6.880545781267383e-05,1.037669814373389,0.002437091445518211,-0.002173170648483768,-0.0002694967246759549
106.6369710467706,71.65924276169265,16.970562748477143,3,0.4,A,12,0,3,0.4,6.880545781267383e-05,1.053015908172385,0.002420129005499377,-0.002192721853185992,-0.0002322208710060141
107.43875278396436,71.85968819599108,16.970562748477143,3,0.4,A,12,0,3,0.4,6.880545781267383e-05,1.067932955177294,0.002402595688038433,-0.002211908425832762,-0.0001947166200694418
108.24053452115812,72.06013363028953,16.970562748477143,3,0.4,A,12,0,3,0.4,6.880545781267383e-05,1.081778290522888,0.002384626330778726,-0.002230732673373536,-0.0001570916945119982
109.04231625835189,72.26057906458797,16.970562748477143,3,0.4,A,12,0,3,0.4,6.880545781267383e-05,1.094311640035137,0.002366020399175264,-0.002249066337782673,-0.0001193012191154823
109.84409799554565,72.46102449888642,16.970562748477143,3,0.4,A,12,0,3,0.4,6.880545781267383e-05,1.105589213064115,0.002346464244445313,-0.002266752197602303,-8.123670691773879e-05
110.64587973273942,72.66146993318486,16.970562748477143,3,0.4,A,12,0,3,0.4,6.880545781267383e-05,1.115544618233485,0.002325910797381159,-0.002283780105096044,-4.287796519350752e-05
111.44766146993318,72.86191536748329,16.970562748477143,3,0.4,A,12,0,3,0.4,6.880545781267383e-05,1.124068992098846,0.002304538524529521,-0.002300286150000368,-4.256251866622142e-06
112.24944320712694,73.06236080178174,16.970562748477143,3,0.4,A,12,0,3,0.4,6.880545781267383e-05,1.130973380678427,0.002282519579414535,-0.002316363648833019,3.457081723368773e-05
113.85300668151447,73.46325167037861,16.970562748477143,3,0.4,A,12,0,3,0.4,6.880545781267383e-05,1.140533518863654,0.002236059577562671,-0.002346928548510144,0.0001129879905672742
114.65478841870824,73.66369710467706,16.970562748477143,3,0.4,A,12,0,3,0.4,6.880545781267383e-05,1.143223908196422,0.002211589130471559,-0.00236130888730865,0.0001525107747435356
113.05122494432071,73.26280623608018,16.970562748477143,3,0.4,A,12,0,3,0.4,6.880545781267383e-05,1.136415879307789,0.002259730675727406,-0.002331942157600499,7.364829010258626e-05
115.456570155902,73.8641425389755,16.970562748477143,3,0.4,A,12,0,3,0.4,6.880545781267383e-05,1.144487827214535,0.002186488287532621,-0.002375170159034762,0.0001921470149775885
116.25835189309576,74.06458797327394,16.970562748477143,3,0.4,A,12,0,3,0.4,6.880545781267383e-05,1.144507697923275,0.002160895524775872,-0.002388654879827074,0.0002318910139319098
117.06013363028953,74.26503340757239,16.970562748477143,3,0.4,A,12,0,3,0.4,6.880545781267383e-05,1.143747621094714,0.002134796062030238,-0.002401865605583886,0.0002718255846431156
118.66369710467706,74.66592427616926,16.970562748477143,3,0.4,A,12,0,3,0.4,6.880545781267383e-05,1.140534357889772,0.002081304313602815,-0.002427592473072599,0.0003521707829199635
119.46547884187082,74.86636971046771,16.970562748477143,3,0.4,A,12,0,3,0.4,6.880545781267383e-05,1.137953403960517,0.002054072828881063,-0.002440029823196695,0.0003923893302545407
120.26726057906458,75.06681514476614,16.970562748477143,3,0.4,A,12,0,3,0.4,6.880545781267383e-05,1.13479475841231,0.002026552787765197,-0.002452121266347193,0.0004325571222646812
117.86191536748329,74.46547884187082,16.970562748477143,3,0.4,A,12,0,3,0.4,6.880545781267383e-05,1.1424432172028,0.002108233361874259,-0.002414851676562866,0.0003119502433405912
121.06904231625835,75.26726057906458,16.970562748477143,3,0.4,A,12,0,3,0.4,6.880545781267383e-05,1.131227855713731,0.001998775163781342,-0.00246388794342899,0.0004726581227683523
121.87082405345211,75.46770601336303,16.970562748477143,3,0.4,A,12,0,3,0.4,6.880545781267383e-05,1.127476829874147,0.001970778442198123,-0.002475374867978179,0.0005126872677798157
122.67260579064587,75.66815144766147,16.970562748477143,3,0.4,A,12,0,3,0.4,6.880545781267383e-05,1.123737439089986,0.001942608305417865,-0.002486610686871628,0.0005526216284442353
123.47438752783964,75.86859688195992,16.970562748477143,3,0.4,A,12,0,3,0.4,6.880545781267383e-05,1.120064819691573,0.001914316923109445,-0.002497587157682789,0.0005924081065147509
124.2761692650334,76.06904231625835,16.970562748477143,3,0.4,A,12,0,3,0.4,6.880545781267383e-05,1.116539342621156,0.001885940893463363,-0.002508274697608399,0.0006319884611619323
125.07795100222717,76.26948775055679,16.970562748477143,3,0.4,A,12,0,3,0.4,6.880545781267383e-05,1.113264351670132,0.00185749072739501,-0.002518638980046709,0.0006713209962697445
125.87973273942093,76.46993318485524,16.970562748477143,3,0.4,A,12,0,3,0.4,6.880545781267383e-05,1.110351868142554,0.001828961890304501,-0.00252864970749648,0.0007103827110589377
126.6815144766147,76.67037861915367,16.970562748477143,3,0.4,A,12,0,3,0.4,6.880545781267383e-05,1.107933156901978,0.001800347485473594,-0.002538283579340899,0.0007491596971139327
127.48329621380846,76.87082405345211,16.970562748477143,3,0.4,A,12,0,3,0.4,6.880545781267383e-05,1.106116453591307,0.001771655937073162,-0.00254753335630586,0.0007876351944841785
128.28507795100222,77.07126948775056,16.970562748477143,3,0.4,A,12,0,3,0.4,6.880545781267383e-05,1.105014193168182,0.001742901313301861,-0.002556412856786438,0.0008258044513191014
129.086859688196,77.271714922049,16.970562748477143,3,0.4,A,12,0,3,0.4,6.880545781267383e-05,1.104725371027925,0.001714095444890003,-0.002564937907988402,0.0008636664130847883
129.88864142538975,77.47216035634744,16.970562748477143,3,0.4,A,12,0,3,0.4,6.880545781267383e-05,1.105277755660425,0.001685252313708296,-0.00257312002081807,0.000901213185465227
130.6904231625835,77.67260579064587,16.970562748477143,3,0.4,A,12,0,3,0.4,6.880545781267383e-05,1.106641858273888,0.001656375219439901,-0.002580962527247693,0.00093844038739178
131.49220489977728,77.87305122494432,16.970562748477143,3,0.4,A,12,0,3,0.4,6.880545781267383e-05,1.10871096399423,0.001627462518355196,-0.002588458451059753,0.0009753392837474775
132.29398663697106,78.07349665924276,16.970562748477143,3,0.4,A,12,0,3,0.4,6.880545781267383e-05,1.111279221291551,0.001598516255149669,-0.002595590717562789,0.001011887972193528
133.0957683741648,78.2739420935412,16.970562748477143,3,0.4,A,12,0,3,0.4,6.880545781267383e-05,1.11410711276879,0.00156953666392391,-0.00260233846152387,0.001048062972814724
133.89755011135856,78.47438752783964,16.970562748477143,3,0.4,A,12,0,3,0.4,6.880545781267383e-05,1.116926837709477,0.001540518613192083,-0.00260868352378256,0.001083850226130432
134.69933184855233,78.67483296213808,16.970562748477143,3,0.4,A,12,0,3,0.4,6.880545781267383e-05,1.119471209221632,0.001511455065933504,-0.002614610137036005,0.00111924022946386
135.5011135857461,78.87527839643653,16.970562748477143,3,0.4,A,12,0,3,0.4,6.880545781267383e-05,1.121441386610051,0.001482344139860746,-0.002620102896117728,0.001154217584160133
136.30289532293986,79.07572383073497,16.970562748477143,3,0.4,A,12,0,3,0.4,6.880545781267383e-05,1.122572395293953,0.001453182290453297,-0.002625148248925773,0.001188770462648924
137.1046770601336,79.2761692650334,16.970562748477143,3,0.4,A,12,0,3,0.4,6.880545781267383e-05,1.122626907044227,0.001423965082895752,-0.002629734077564387,0.00122288957186536
137.9064587973274,79.47661469933185,16.970562748477143,3,0.4,A,12,0,3,0.4,6.880545781267383e-05,1.121396531463244,0.001394682490482556,-0.002633846354459471,0.001256569352024204
138.70824053452117,79.67706013363029,16.970562748477143,3,0.4,A,12,0,3,0.4,6.880545781267383e-05,1.118716773201252,0.001365324498358389,-0.002637468970287632,0.001289801955252343
139.51002227171492,79.87750556792872,16.970562748477143,3,0.4,A,12,0,3,0.4,6.880545781267383e-05,1.11448486107454,0.001335874438283409,-0.002640583762613953,0.00132258368047876
140.31180400890867,80.07795100222717,16.970562748477143,3,0.4,A,12,0,3,0.4,6.880545781267383e-05,1.108646395685248,0.001306320573235859,-0.002643173294781283,0.001354906639004821
141.11358574610244,80.27839643652561,16.970562748477143,3,0.4,A,12,0,3,0.4,6.880545781267383e-05,1.101226440097263,0.001276654638503016,-0.002645223817263526,0.001386763759357955
141.91536748329622,80.47884187082406,16.970562748477143,3,0.4,A,12,0,3,0.4,6.880545781267383e-05,1.092314580600162,0.001246869183263183,-0.002646725830738785,0.001418152082678185
142.71714922048997,80.6792873051225,16.970562748477143,3,0.4,A,12,0,3,0.4,6.880545781267383e-05,1.08208917044779,0.001216960717859806,-0.002647672662670479,0.001449067851883073
143.51893095768372,80.87973273942093,16.970562748477143,3,0.4,A,12,0,3,0.4,6.880545781267383e-05,1.070793148030426,0.001186927469638008,-0.002648059291820006,0.00147950729562113
146.72605790645878,81.6815144766147,16.970562748477143,3,0.4,A,12,0,3,0.4,6.880545781267383e-05,1.021631312425087,0.001065463524887395,-0.002643978245385011,0.001596552795855089
144.3207126948775,81.08017817371937,16.970562748477143,3,0.4,A,12,0,3,0.4,6.880545781267383e-05,1.058720160032764,0.001156767439367289,-0.002647881865136763,0.001509468000404298
145.12249443207128,81.28062360801782,16.970562748477143,3,0.4,A,12,0,3,0.4,6.880545781267383e-05,1.046246870933115,0.00112647296112333,-0.002647139562742447,0.001538956369601102
148.32962138084633,82.08240534521158,16.970562748477143,3,0.4,A,12,0,3,0.4,6.880545781267383e-05,0.9997690960837748,0.001003922148515197,-0.002638649808932908,0.001652356874687751
145.92427616926503,81.48106904231625,16.970562748477143,3,0.4,A,12,0,3,0.4,6.880545781267383e-05,1.033758761324889,0.001096038217270295,-0.002645835691570394,0.001567981771421895
147.52783964365256,81.88195991091314,16.970562748477143,3,0.4,A,12,0,3,0.4,6.880545781267383e-05,1.01020791230249,0.001034756369395541,-0.002641578312772938,0.001624674470690028
149.13140311804008,82.28285077951003,16.970562748477143,3,0.4,A,12,0,3,0.4,6.880545781267383e-05,0.9905012578701592,0.0009729597360141166,-0.002635211281036218,0.001679621295692373
149.93318485523383,82.48329621380846,16.970562748477143,3,0.4,A,12,0,3,0.4,6.880545781267383e-05,0.9824068098144053,0.0009418644236374823,-0.0026312851454768,0.001706496681490605
150.7349665924276,82.6837416481069,16.970562748477143,3,0.4,A,12,0,3,0.4,6.880545781267383e-05,0.9753230788764113,0.0009106255214947262,-0.002626894064316401,0.001733018189410017
151.5367483296214,82.88418708240535,16.970562748477143,3,0.4,A,12,0,3,0.4,6.880545781267383e-05,0.9689763611461463,0.0008792241382314893,-0.002622054220493547,0.001759222209828008
152.33853006681514,83.08463251670378,16.970562748477143,3,0.4,A,12,0,3,0.4,6.880545781267383e-05,0.9631244445412314,0.000847636253465383,-0.002616769234214441,0.001785137050574861
153.1403118040089,83.28507795100222,16.970562748477143,3,0.4,A,12,0,3,0.4,6.880545781267383e-05,0.9576071825212645,0.0008158326005067457,-0.002611027533279916,0.001810780293780277
153.94209354120267,83.48552338530067,16.970562748477143,3,0.4,A,12,0,3,0.4,6.880545781267383e-05,0.9524318836504795,0.0007837838556276111,-0.002604806343350347,0.001836157788592767
154.74387527839644,83.68596881959911,16.970562748477143,3,0.4,A,12,0,3,0.4,6.880545781267383e-05,0.9477624466480403,0.0007514643293434082,-0.002598077989150502,0.001861266841109413
155.5456570155902,83.88641425389756,16.970562748477143,3,0.4,A,12,0,3,0.4,6.880545781267383e-05,0.943848405217124,0.000718851879666563,-0.002590815819028264,0.001886102519823987
156.34743875278394,84.08685968819599,16.970562748477143,3,0.4,A,12,0,3,0.4,6.880545781267383e-05,0.9410191986340642,0.0006859315129623434,-0.002582995757658912,0.001910655502635797
157.14922048997772,84.28730512249443,16.970562748477143,3,0.4,A,12,0,3,0.4,6.880545781267383e-05,0.9395850063256275,0.0006526925330947442,-0.002574591132057196,0.001934909816021236
157.9510022271715,84.48775055679288,16.970562748477143,3,0.4,A,12,0,3,0.4,6.880545781267383e-05,0.9397807892151359,0.0006191268461309078,-0.002565565290285444,0.001958837231811295
160.35634743875278,85.0890868596882,16.970562748477143,3,0.4,A,12,0,3,0.4,6.880545781267383e-05,0.9519468501174226,0.000516305301934353,-0.002534291496347708,0.002028400736410134
161.15812917594656,85.28953229398664,16.970562748477143,3,0.4,A,12,0,3,0.4,6.880545781267383e-05,0.9601402386320016,0.000481250762342195,-0.002522314395737302,0.002050796510246711
158.75278396436525,84.6881959910913,16.970562748477143,3,0.4,A,12,0,3,0.4,6.880545781267383e-05,0.9418168922320693,0.0005852219025491964,-0.002555873673831434,0.001982408339036663
161.9599109131403,85.48997772828508,16.970562748477143,3,0.4,A,12,0,3,0.4,6.880545781267383e-05,0.9703321872817082,0.0004457968485070667,-0.002509544304148005,0.002072795826194093
159.554565701559,84.88864142538975,16.970562748477143,3,0.4,A,12,0,3,0.4,6.880545781267383e-05,0.9458440208665351,0.0005509565819712106,-0.002545467072930836,0.002005602193741928
162.76169265033406,85.69042316258351,16.970562748477143,3,0.4,A,12,0,3,0.4,6.880545781267383e-05,0.9823089815994828,0.0004099622513962872,-0.002496016536723919,0.00209441194351391
163.56347438752783,85.89086859688196,16.970562748477143,3,0.4,A,12,0,3,0.4,6.880545781267383e-05,0.995743406993562,0.000373790802733515,-0.002481786061243225,0.002115644711650063
164.3652561247216,86.0913140311804,16.970562748477143,3,0.4,A,12,0,3,0.4,6.880545781267383e-05,1.010191173421194,0.0003373394305384308,-0.002466907508208231,0.002136478924294586
165.16703786191536,86.29175946547883,16.970562748477143,3,0.4,A,12,0,3,0.4,6.880545781267383e-05,1.025264734920922,0.0003006187285068043,-0.002451342041778421,0.002156869810830541
165.9688195991091,86.49220489977728,16.970562748477143,3,0.4,A,12,0,3,0.4,6.880545781267383e-05,1.04073427811289,0.0002635799129115225,-0.002434991101290797,0.002176791444793641
166.7706013363029,86.69265033407572,16.970562748477143,3,0.4,A,12,0,3,0.4,6.880545781267383e-05,1.05626005508063,0.0002262254753482374,-0.002417894616977793,0.002196287152033093
167.57238307349667,86.89309576837417,16.970562748477143,3,0.4,A,12,0,3,0.4,6.880545781267383e-05,1.071192873195347,0.0001886724224692307,-0.002400264774592538,0.002215420939355555
168.37416481069042,87.09354120267261,16.970562748477143,3,0.4,A,12,0,3,0.4,6.880545781267383e-05,1.084901758936679,0.0001510137736271377,-0.002382203920162409,0.002234181931172013
169.17594654788417,87.29398663697104,16.970562748477143,3,0.4,A,12,0,3,0.4,6.880545781267383e-05,1.097236469920674,0.0001131846177787477,-0.002363472695631932,0.002252429386940308
169.97772828507794,87.49443207126949,16.970562748477143,3,0.4,A,12,0,3,0.4,6.880545781267383e-05,1.108277577893299,7.5068435568411e-05,-0.002343760966018822,0.002270016350527771
170.77951002227172,87.69487750556793,16.970562748477143,3,0.4,A,12,0,3,0.4,6.880545781267383e-05,1.117969250768549,3.665232322150356e-05,-0.002323062918577787,0.002286962903919253
171.58129175946547,87.89532293986636,16.970562748477143,3,0.4,A,12,0,3,0.4,6.880545781267383e-05,1.126207042472603,-2.029532561357712e-06,-0.002301568732154497,0.002303411423681092
172.38307349665922,88.0957683741648,16.970562748477143,3,0.4,A,12,0,3,0.4,6.880545781267383e-05,1.132824429760516,-4.091919223652002e-05,-0.002279424974270921,0.002319429205178408
173.184855233853,88.29621380846325,16.970562748477143,3,0.4,A,12,0,3,0.4,6.880545781267383e-05,1.137973677930246,-8.005895310880951e-05,-0.002256487164229387,0.002334925486249952
173.98663697104678,88.4966592427617,16.970562748477143,3,0.4,A,12,0,3,0.4,6.880545781267383e-05,1.141758345023076,-0.0001194435007742785,-0.002232671026399166,0.002349814367661537
174.78841870824053,88.69710467706014,16.970562748477143,3,0.4,A,12,0,3,0.4,6.880545781267383e-05,1.144105040360164,-0.0001589945282938556,-0.002208075213721979,0.002364097870311222
175.59020044543428,88.89755011135857,16.970562748477143,3,0.4,A,12,0,3,0.4,6.880545781267383e-05,1.145031484419763,-0.0001986497568982984,-0.002182882911369428,0.002377887217709936
176.39198218262806,89.09799554565701,16.970562748477143,3,0.4,A,12,0,3,0.4,6.880545781267383e-05,1.144755418849559,-0.0002384124064573035,-0.00215721698526552,0.002391323885529875
177.19376391982183,89.29844097995546,16.970562748477143,3,0.4,A,12,0,3,0.4,6.880545781267383e-05,1.143724647135927,-0.0002783597164928389,-0.002131058616438128,0.002404499514807117
177.99554565701558,89.49888641425389,16.970562748477143,3,0.4,A,12,0,3,0.4,6.880545781267383e-05,1.142156144469906,-0.0003184829685614908,-0.002104449393896972,0.00241744536767467
178.79732739420933,89.69933184855233,16.970562748477143,3,0.4,A,12,0,3,0.4,6.880545781267383e-05,1.140030126600556,-0.0003586953069796621,-0.002077471920390895,0.002430131672127741
179.5991091314031,89.89977728285078,16.970562748477143,3,0.4,A,12,0,3,0.4,6.880545781267383e-05,1.137302313033286,-0.000398904708722469,-0.002050184967310175,0.002442503962134032
180.4008908685969,90.10022271714922,16.970562748477143,3,0.4,A,12,0,3,0.4,6.880545781267383e-05,1.134086519453671,-0.0004390688015915179,-0.002022609605214423,0.002454537097225759
181.20267260579064,90.30066815144767,16.970562748477143,3,0.4,A,12,0,3,0.4,6.880545781267383e-05,1.130562752877319,-0.0004791737826254173,-0.00199477976191152,0.002466259381586821
182.0044543429844,90.5011135857461,16.970562748477143,3,0.4,A,12,0,3,0.4,6.880545781267383e-05,1.126914625527842,-0.0005192022069402929,-0.001966739652201731,0.002477708065697668
182.80623608017817,90.70155902004454,16.970562748477143,3,0.4,A,12,0,3,0.4,6.880545781267383e-05,1.123265341835793,-0.0005591183876631469,-0.001938533737323732,0.002488894637529976
183.60801781737194,90.90200445434299,16.970562748477143,3,0.4,A,12,0,3,0.4,6.880545781267383e-05,1.119657352273828,-0.0005988666995226333,-0.001910210727048733,0.002499803719685553
184.4097995545657,91.10244988864142,16.970562748477143,3,0.4,A,12,0,3,0.4,6.880545781267383e-05,1.116162858275375,-0.0006383946449853592,-0.001881803884192123,0.002510409204881942
185.21158129175944,91.30289532293986,16.970562748477143,3,0.4,A,12,0,3,0.4,6.880545781267383e-05,1.112895905924331,-0.0006776631466012772,-0.001853326079469706,0.002520683012220099
186.01336302895322,91.5033407572383,16.970562748477143,3,0.4,A,12,0,3,0.4,6.880545781267383e-05,1.110024612808643,-0.0007166588902396713,-0.001824768329412371,0.002530600692012559
186.815144766147,91.70378619153675,16.970562748477143,3,0.4,A,12,0,3,0.4,6.880545781267383e-05,1.107707216716764,-0.0007553801434883829,-0.001796116672542264,0.002540144013119914
187.61692650334075,91.9042316258352,16.970562748477143,3,0.4,A,12,0,3,0.4,6.880545781267383e-05,1.106072733127585,-0.0007938140260034085,-0.001767381458695748,0.002549312069806652
188.4187082405345,92.10467706013362,16.970562748477143,3,0.4,A,12,0,3,0.4,6.880545781267383e-05,1.105219167155499,-0.0008319484911095208,-0.00173858151426509,0.002558117125777024
189.22048997772828,92.30512249443207,16.970562748477143,3,0.4,A,12,0,3,0.4,6.880545781267383e-05,1.105170030418925,-0.0008697677759502342,-0.001709735929154818,0.002566567259901406
190.02227171492206,92.50556792873051,16.970562748477143,3,0.4,A,12,0,3,0.4,6.880545781267383e-05,1.105950479385282,-0.0009072692992695331,-0.001680848276931056,0.002574667608611133
190.8240534521158,92.70601336302894,16.970562748477143,3,0.4,A,12,0,3,0.4,6.880545781267383e-05,1.107483030199321,-0.0009444411863219163,-0.001651928740679406,0.002582420758715483
191.62583518930956,92.90645879732739,16.970562748477143,3,0.4,A,12,0,3,0.4,6.880545781267383e-05,1.109657952072535,-0.0009812694726089638,-0.001622984450971032,0.002589823607990824
192.42761692650333,93.10690423162583,16.970562748477143,3,0.4,A,12,0,3,0.4,6.880545781267383e-05,1.112289180683444,-0.001017741493761395,-0.00159401446637618,0.002596864485574601
193.2293986636971,93.30734966592428,16.970562748477143,3,0.4,A,12,0,3,0.4,6.880545781267383e-05,1.115149107764875,-0.001053844482439127,-0.001565013727908757,0.00260352729173277
194.8329621380846,93.70824053452115,16.970562748477143,3,0.4,A,12,0,3,0.4,6.880545781267383e-05,1.120386885900302,-0.001124861031457601,-0.001506921649222698,0.002615645875835581
194.03118040089086,93.50779510022272,16.970562748477143,3,0.4,A,12,0,3,0.4,6.880545781267383e-05,1.11795516384741,-0.00108955712924547,-0.001535983780387445,0.002609794207409956
195.6347438752784,93.9086859688196,16.970562748477143,3,0.4,A,12,0,3,0.4,6.880545781267383e-05,1.122157498393012,-0.001159743504573329,-0.00147781811918812,0.002621062018058024
196.43652561247217,94.10913140311804,16.970562748477143,3,0.4,A,12,0,3,0.4,6.880545781267383e-05,1.123013544464475,-0.001194200100144776,-0.001448657544268564,0.002626023832979924
197.23830734966592,94.30957683741647,16.970562748477143,3,0.4,A,12,0,3,0.4,6.880545781267383e-05,1.122725686830969,-0.001228225321683458,-0.001419426248015083,0.002630513792745926
199.64365256124722,94.9109131403118,16.970562748477143,3,0.4,A,12,0,3,0.4,6.880545781267383e-05,1.113296295763403,-0.001327598455165128,-0.001331246169719718,0.002640996044101741
198.04008908685967,94.51002227171492,16.970562748477143,3,0.4,A,12,0,3,0.4,6.880545781267383e-05,1.121105094459417,-0.001261807758547314,-0.001390117344386884,0.002634515603772562
198.84187082405344,94.71046770601336,16.970562748477143,3,0.4,A,12,0,3,0.4,6.880545781267383e-05,1.117996613559975,-0.001294935601003768,-0.001360725945315212,0.002638014511799504
200.44543429844097,95.11135857461025,16.970562748477143,3,0.4,A,12,0,3,0.4,6.880545781267383e-05,1.106977174614728,-0.001359787563227446,-0.00130167114770051,0.002643446250311115
201.24721603563472,95.31180400890868,16.970562748477143,3,0.4,A,12,0,3,0.4,6.880545781267383e-05,1.09907967671173,-0.001391502001521851,-0.001271989578061841,0.002645354118892864
202.0489977728285,95.51224944320712,16.970562748477143,3,0.4,A,12,0,3,0.4,6.880545781267383e-05,1.089734480712084,-0.001422749314267924,-0.001242184093328827,0.002646710809133665
204.45434298440978,96.11358574610244,16.970562748477143,3,0.4,A,12,0,3,0.4,6.880545781267383e-05,1.05531850823238,-0.001513723776655871,-0.001151920787757783,0.002647413902282975
202.85077951002228,95.71269487750557,16.970562748477143,3,0.4,A,12,0,3,0.4,6.880545781267383e-05,1.079151242476212,-0.001453536045433825,-0.001212240232062403,0.002647509395665542
203.65256124721603,95.913140311804,16.970562748477143,3,0.4,A,12,0,3,0.4,6.880545781267383e-05,1.067576044476564,-0.001483861973073834,-0.001182152336854639,0.002647744715915003
205.25612472160356,96.31403118040089,16.970562748477143,3,0.4,A,12,0,3,0.4,6.880545781267383e-05,1.042735810006015,-0.001543119259914567,-0.001121549338532858,0.002646518155495343
206.05790645879733,96.51447661469933,16.970562748477143,3,0.4,A,12,0,3,0.4,6.880545781267383e-05,1.030219737607312,-0.001572052262452259,-0.001091041003016901,0.00264506355876055
208.4632516703786,97.11581291759465,16.970562748477143,3,0.4,A,12,0,3,0.4,6.880545781267383e-05,0.9967063449176258,-0.001656185639795743,-0.0009987240914286284,0.002637473607330553
206.85968819599108,96.71492204899778,16.970562748477143,3,0.4,A,12,0,3,0.4,6.880545781267383e-05,1.018156250959515,-0.001600531593911001,-0.001060399196437066,0.002643061263230624
209.2650334075724,97.3162583518931,16.970562748477143,3,0.4,A,12,0,3,0.4,6.880545781267383e-05,0.9877006792021692,-0.001683395419729098,-0.0009676955624998297,0.002633925001428
207.66146993318483,96.91536748329621,16.970562748477143,3,0.4,A,12,0,3,0.4,6.880545781267383e-05,1.006899050287979,-0.001628571366398193,-0.001029625477552899,0.002640525670805684
210.06681514476614,97.51670378619153,16.970562748477143,3,0.4,A,12,0,3,0.4,6.880545781267383e-05,0.979865762878651,-0.001710225731901702,-0.0009365363232628065,0.002629899546663533
210.8685968819599,97.71714922048997,16.970562748477143,3,0.4,A,12,0,3,0.4,6.880545781267383e-05,0.9730369877051529,-0.001736705919625604,-0.0009052349661288824,0.00262541373080003
211.67037861915367,97.91759465478842,16.970562748477143,3,0.4,A,12,0,3,0.4,6.880545781267383e-05,0.9669488399421333,-0.00176286649614245,-0.0008737712668139809,0.002620476937256013
212.47216035634744,98.11804008908686,16.970562748477143,3,0.4,A,12,0,3,0.4,6.880545781267383e-05,0.9613493431552472,-0.001788734292635372,-0.0008421186288709236,0.002615089117131363
213.2739420935412,98.3184855233853,16.970562748477143,3,0.4,A,12,0,3,0.4,6.880545781267383e-05,0.9560806962052977,-0.001814330315238626,-0.0008102447953318532,0.002609239220864305
214.07572383073494,98.51893095768374,16.970562748477143,3,0.4,A,12,0,3,0.4,6.880545781267383e-05,0.9511729427460054,-0.001839660943588782,-0.0007781219715352524,0.002602906369974746
214.87750556792872,98.71937639198218,16.970562748477143,3,0.4,A,12,0,3,0.4,6.880545781267383e-05,0.9467974054428027,-0.001864724245309884,-0.0007457258017607648,0.002596064827989725
215.6792873051225,98.91982182628063,16.970562748477143,3,0.4,A,12,0,3,0.4,6.880545781267383e-05,0.9432322219125935,-0.001889514359902472,-0.0007130366134626344,0.002588689315806503
216.48106904231625,99.12026726057906,16.970562748477143,3,0.4,A,12,0,3,0.4,6.880545781267383e-05,0.9408026336552017,-0.001914020037870286,-0.0006800417788377621,0.002580755806963097
217.28285077951,99.3207126948775,16.970562748477143,3,0.4,A,12,0,3,0.4,6.880545781267383e-05,0.939798231589386,-0.001938222563011198,-0.0006467315116279018,0.002572235379604767
218.08463251670378,99.52115812917594,16.970562748477143,3,0.4,A,12,0,3,0.4,6.880545781267383e-05,0.9404484624049376,-0.001962090706219143,-0.000613100389877703,0.002563090591559271
218.88641425389756,99.72160356347439,16.970562748477143,3,0.4,A,12,0,3,0.4,6.880545781267383e-05,0.9429340170670991,-0.001985594782658044,-0.0005791372702709635,0.002553277599782088
219.6881959910913,99.92204899777283,16.970562748477143,3,0.4,A,12,0,3,0.4,6.880545781267383e-05,0.9473704949477564,-0.002008712892212364,-0.0005448237640291704,0.002542748410434832
220.48997772828506,100.12249443207126,16.970562748477143,3,0.4,A,12,0,3,0.4,6.880545781267383e-05,0.9538234455828283,-0.0020314311973276,-0.0005101337866429727,0.002531452866056579
221.29175946547883,100.32293986636971,16.970562748477143,3,0.4,A,12,0,3,0.4,6.880545781267383e-05,0.9623006747310977,-0.00205374776956815,-0.000475051855206896,0.002519367480164977
222.0935412026726,100.52338530066815,16.970562748477143,3,0.4,A,12,0,3,0.4,6.880545781267383e-05,0.9726700435790171,-0.002075673432043618,-0.0004395801051975834,0.002506504786421815
222.89532293986636,100.72383073496658,16.970562748477143,3,0.4,A,12,0,3,0.4,6.880545781267383e-05,0.9847123261854848,-0.002097217930739565,-0.0004037408412433905,0.002492901201952597
223.6971046770601,100.92427616926503,16.970562748477143,3,0.4,A,12,0,3,0.4,6.880545781267383e-05,0.9980969547477122,-0.002118377757498621,-0.00036757895069036,0.002478610695433699
224.4988864142539,101.12472160356347,16.970562748477143,3,0.4,A,12,0,3,0.4,6.880545781267383e-05,1.012409384729294,-0.002139133825731283,-0.0003311359616705747,0.002463666507453737
225.30066815144767,101.32516703786192,16.970562748477143,3,0.4,A,12,0,3,0.4,6.880545781267383e-05,1.027328762053726,-0.002159435608589224,-0.0002944029061048781,0.002447999126453362
226.10244988864142,101.52561247216036,16.970562748477143,3,0.4,A,12,0,3,0.4,6.880545781267383e-05,1.042649272325303,-0.002179267662632387,-0.0002573309315524899,0.002431520512814249
226.90423162583517,101.72605790645879,16.970562748477143,3,0.4,A,12,0,3,0.4,6.880545781267383e-05,1.057963323056313,-0.002198693204849265,-0.0002199523163020699,0.002414329720575906
227.70601336302894,101.92650334075724,16.970562748477143,3,0.4,A,12,0,3,0.4,6.880545781267383e-05,1.072594579381093,-0.002217772427686496,-0.000182397651280213,0.002396652595275974
228.50779510022272,102.12694877505568,16.970562748477143,3,0.4,A,12,0,3,0.4,6.880545781267383e-05,1.086002730632495,-0.002236459195475461,-0.0001447296610053877,0.00237851426362662
229.30957683741647,102.32739420935411,16.970562748477143,3,0.4,A,12,0,3,0.4,6.880545781267383e-05,1.098123593777201,-0.002254597956205703,-0.0001068556179999888,0.002359623724573632
230.11135857461022,102.52783964365256,16.970562748477143,3,0.4,A,12,0,3,0.4,6.880545781267383e-05,1.10899518623126,-0.002272063170851585,-6.86795542291847e-05,0.002339717410316935
230.913140311804,102.728285077951,16.970562748477143,3,0.4,A,12,0,3,0.4,6.880545781267383e-05,1.118525174114048,-0.002288907326085009,-3.021512322202103e-05,0.002318857192872114
231.71492204899778,102.92873051224944,16.970562748477143,3,0.4,A,12,0,3,0.4,6.880545781267383e-05,1.126549903912083,-0.002305278513780399,8.490463639789269e-06,0.002297256897483497
232.51670378619153,103.12917594654789,16.970562748477143,3,0.4,A,12,0,3,0.4,6.880545781267383e-05,1.132935419168353,-0.002321213856802565,4.739680660532224e-05,0.002275009442726405
233.31848552338528,103.32962138084632,16.970562748477143,3,0.4,A,12,0,3,0.4,6.880545781267383e-05,1.137953237158415,-0.002336606033395734,8.657374081193155e-05,0.002251921552773143
234.12026726057906,103.53006681514476,16.970562748477143,3,0.4,A,12,0,3,0.4,6.880545781267383e-05,1.141624009486534,-0.002351389840977693,0.00012599269613868,0.002227958892871191
234.92204899777283,103.73051224944321,16.970562748477143,3,0.4,A,12,0,3,0.4,6.880545781267383e-05,1.143863972633274,-0.002365584286086615,0.0001655695513935299,0.00220324416352106
235.72383073496658,103.93095768374164,16.970562748477143,3,0.4,A,12,0,3,0.4,6.880545781267383e-05,1.144699478305411,-0.002379309502570112,0.0002052429761197861,0.00217796720697543
237.3273942093541,104.33184855233853,16.970562748477143,3,0.4,A,12,0,3,0.4,6.880545781267383e-05,1.143490048615711,-0.002405824319650602,0.0002850555579917717,0.002125927640185694
238.1291759465479,104.53229398663697,16.970562748477143,3,0.4,A,12,0,3,0.4,6.880545781267383e-05,1.141996374871468,-0.002418724837379236,0.0003252263638976776,0.002099219722375365
236.52561247216033,104.13140311804008,16.970562748477143,3,0.4,A,12,0,3,0.4,6.880545781267383e-05,1.144420011176875,-0.002392694411093769,0.000245045767913192,0.002152202938942237
238.93095768374164,104.73273942093542,16.970562748477143,3,0.4,A,12,0,3,0.4,6.880545781267383e-05,1.139852465529262,-0.002431361457880255,0.0003654548770557181,0.002072174420904669
239.7327394209354,104.93318485523385,16.970562748477143,3,0.4,A,12,0,3,0.4,6.880545781267383e-05,1.137051309820174,-0.002443677115016597,0.0004056591117481339,0.002044835850017557
240.53452115812917,105.13363028953229,16.970562748477143,3,0.4,A,12,0,3,0.4,6.880545781267383e-05,1.133718373947769,-0.002455653386451998,0.0004458078677328387,0.002017218695828259
241.33630289532294,105.33407572383074,16.970562748477143,3,0.4,A,12,0,3,0.4,6.880545781267383e-05,1.130044596685864,-0.002467323083068644,0.0004858877328941847,0.001989359592622147
242.1380846325167,105.53452115812917,16.970562748477143,3,0.4,A,12,0,3,0.4,6.880545781267383e-05,1.12626188589111,-0.00247872686289197,0.0005258918034551002,0.001961295646758003
242.93986636971044,105.73496659242761,16.970562748477143,3,0.4,A,12,0,3,0.4,6.880545781267383e-05,1.122513748165093,-0.002489879160019997,0.000565787469734342,0.001933073552055537
244.543429844098,106.1358574610245,16.970562748477143,3,0.4,A,12,0,3,0.4,6.880545781267383e-05,1.115362281636122,-0.002511342983418739,0.0006450147504411931,0.001876339123009886
245.34521158129175,106.33630289532294,16.970562748477143,3,0.4,A,12,0,3,0.4,6.880545781267383e-05,1.112163478088368,-0.002521592731235037,0.0006842612240709211,0.001847858727991604
243.74164810690422,105.93541202672606,16.970562748477143,3,0.4,A,12,0,3,0.4,6.880545781267383e-05,1.118849613156315,-0.002500761517119838,0.000605513419602178,0.001904744850961387
246.1469933184855,106.53674832962137,16.970562748477143,3,0.4,A,12,0,3,0.4,6.880545781267383e-05,1.109384488582835,-0.002531483398177571,0.0007232349470669783,0.001819296594169323
246.94877505567928,106.73719376391982,16.970562748477143,3,0.4,A,12,0,3,0.4,6.880545781267383e-05,1.107133155405783,-0.002540994605463434,0.0007619144936468512,0.001790655048186858
247.75055679287306,106.93763919821826,16.970562748477143,3,0.4,A,12,0,3,0.4,6.880545781267383e-05,1.105525684503001,-0.002550127253905001,0.0008002951525518186,0.001761938155719231
248.5523385300668,107.1380846325167,16.970562748477143,3,0.4,A,12,0,3,0.4,6.880545781267383e-05,1.104690284731055,-0.00255889699249572,0.0008383719790687666,0.001733161547703334
249.35412026726056,107.33853006681514,16.970562748477143,3,0.4,A,12,0,3,0.4,6.880545781267383e-05,1.104668754738466,-0.002567316478742848,0.0008761345420114905,0.00170434242698052
250.15590200445433,107.53897550111358,16.970562748477143,3,0.4,A,12,0,3,0.4,6.880545781267383e-05,1.10548568486962,-0.002575393956154195,0.0009135786094903436,0.001675488821377905
250.9576837416481,107.73942093541203,16.970562748477143,3,0.4,A,12,0,3,0.4,6.880545781267383e-05,1.107098526663271,-0.002583128336276234,0.0009507010856407788,0.001646598980534051
251.75946547884186,107.93986636971047,16.970562748477143,3,0.4,A,12,0,3,0.4,6.880545781267383e-05,1.10933987543049,-0.002590509121633441,0.0009874856135849931,0.00161767524740378
252.5612472160356,108.1403118040089,16.970562748477143,3,0.4,A,12,0,3,0.4,6.880545781267383e-05,1.112005517657507,-0.002597516901948192,0.001023910532940925,0.001588717330809451
253.3630289532294,108.34075723830735,16.970562748477143,3,0.4,A,12,0,3,0.4,6.880545781267383e-05,1.114849203835575,-0.002604132593913246,0.001059956305763053,0.00155972384875486
254.16481069042317,108.54120267260579,16.970562748477143,3,0.4,A,12,0,3,0.4,6.880545781267383e-05,1.117585189615322,-0.002610339787754646,0.001095608443671304,0.00153069144698174
254.96659242761692,108.74164810690422,16.970562748477143,3,0.4,A,12,0,3,0.4,6.880545781267383e-05,1.119933907151973,-0.002616123516652399,0.001130853835906968,0.001501617158051252
256.57015590200444,109.14253897550111,16.970562748477143,3,0.4,A,12,0,3,0.4,6.880545781267383e-05,1.122347780273036,-0.002626365423461488,0.00120007417983532,0.001443331084984198
255.76837416481067,108.94209354120267,16.970562748477143,3,0.4,A,12,0,3,0.4,6.880545781267383e-05,1.121614596849708,-0.002621469763620879,0.00116568081533704,0.001472496978336313
257.3719376391982,109.34298440979956,16.970562748477143,3,0.4,A,12,0,3,0.4,6.880545781267383e-05,1.121934188553031,-0.002630796836929982,0.001234029288161622,0.001414108889657228
258.173719376392,109.543429844098,16.970562748477143,3,0.4,A,12,0,3,0.4,6.880545781267383e-05,1.120192013676322,-0.00263474828690097,0.001267547370124263,0.001384811845670674
260.5790645879733,110.14476614699332,16.970562748477143,3,0.4,A,12,0,3,0.4,6.880545781267383e-05,1.105844473718549,-0.002643554610243614,0.001365424630904133,0.001296340155584167
258.9755011135857,109.74387527839643,16.970562748477143,3,0.4,A,12,0,3,0.4,6.880545781267383e-05,1.116992531448896,-0.00263820306682208,0.001300627161692175,0.001355422685951599
259.7772828507795,109.94432071269487,16.970562748477143,3,0.4,A,12,0,3,0.4,6.880545781267383e-05,1.112228444069837,-0.002641143883929632,0.001333258275914305,0.001325932661385364
261.380846325167,110.34521158129175,16.970562748477143,3,0.4,A,12,0,3,0.4,6.880545781267383e-05,1.09787512237997,-0.002645422570403556,0.001397118073189951,0.001266639313776679
262.1826280623608,110.5456570155902,16.970562748477143,3,0.4,A,12,0,3,0.4,6.880545781267383e-05,1.088451756690044,-0.002646738715267434,0.001428335145596447,0.001236823510235387
264.5879732739421,111.14699331848553,16.970562748477143,3,0.4,A,12,0,3,0.4,6.880545781267383e-05,1.054001992869206,-0.002647325747770098,0.001519181030964937,0.001146574479762913
262.98440979955456,110.74610244988864,16.970562748477143,3,0.4,A,12,0,3,0.4,6.880545781267383e-05,1.077802211500658,-0.002647497015891242,0.001459081365550985,0.001206880337115519
263.78619153674833,110.94654788418708,16.970562748477143,3,0.4,A,12,0,3,0.4,6.880545781267383e-05,1.066207332889172,-0.002647693477116452,0.001489363118339383,0.001176798520295293
265.38975501113583,111.34743875278396,16.970562748477143,3,0.4,A,12,0,3,0.4,6.880545781267383e-05,1.041529316674429,-0.002646394202478388,0.001548532917689714,0.001116210953975266
266.1915367483296,111.5478841870824,16.970562748477143,3,0.4,A,12,0,3,0.4,6.880545781267383e-05,1.029163032722295,-0.002644903417908981,0.001577420018224068,0.001085712110963601
266.9933184855234,111.74832962138085,16.970562748477143,3,0.4,A,12,0,3,0.4,6.880545781267383e-05,1.017262038040095,-0.002642862669631155,0.001605849075368396,0.001055081564737493
267.7951002227171,111.94877505567928,16.970562748477143,3,0.4,A,12,0,3,0.4,6.880545781267383e-05,1.006158838164444,-0.0026402839398594,0.001633828661453302,0.001024323847759317
268.5968819599109,112.14922048997772,16.970562748477143,3,0.4,A,12,0,3,0.4,6.880545781267383e-05,0.9961202839182248,-0.002637182733962895,0.001661375045586138,0.000993439643172249
269.39866369710467,112.34966592427617,16.970562748477143,3,0.4,A,12,0,3,0.4,6.880545781267383e-05,0.9872727677719333,-0.002633579187835587,0.001688512834815105,0.0009624261648455303
270.20044543429844,112.55011135857461,16.970562748477143,3,0.4,A,12,0,3,0.4,6.880545781267383e-05,0.9795591385482956,-0.00262949623130343,0.001715273079859322,0.0009312772115801099
271.0022271714922,112.75055679287306,16.970562748477143,3,0.4,A,12,0,3,0.4,6.880545781267383e-05,0.9727703720278571,-0.002624955474063596,0.001741692877469179,0.0008999789356660468
271.80400890868594,112.95100222717149,16.970562748477143,3,0.4,A,12,0,3,0.4,6.880545781267383e-05,0.9666332164756113,-0.002619968786870895,0.001767805262883769,0.0008685112434903517
272.6057906458797,113.15144766146993,16.970562748477143,3,0.4,A,12,0,3,0.4,6.880545781267383e-05,0.9609063567422621,-0.002614534356893392,0.001793635362162786,0.0008368475812032508
273.4075723830735,113.35189309576838,16.970562748477143,3,0.4,A,12,0,3,0.4,6.880545781267383e-05,0.9555056141357635,-0.002608636715281731,0.001819196226502348,0.0008049591549104266
274.2093541202672,113.5523385300668,16.970562748477143,3,0.4,A,12,0,3,0.4,6.880545781267383e-05,0.9504843194308913,-0.002602249612492643,0.001844490581801144,0.0007728162294663785
275.011135857461,113.75278396436525,16.970562748477143,3,0.4,A,12,0,3,0.4,6.880545781267383e-05,0.9460346932544798,-0.002595345588832687,0.001869514313194359,0.0007403949727278259
275.8129175946548,113.9532293986637,16.970562748477143,3,0.4,A,12,0,3,0.4,6.880545781267383e-05,0.9424582938743614,-0.00258789846115055,0.001894262126634059,0.0007076741349526876
276.61469933184856,114.15367483296214,16.970562748477143,3,0.4,A,12,0,3,0.4,6.880545781267383e-05,0.9400721335382286,-0.002579883711430676,0.001918722454114519,0.0006746407302052335
278.21826280623605,114.55456570155901,16.970562748477143,3,0.4,A,12,0,3,0.4,6.880545781267383e-05,0.9399738079062836,-0.002562022465464544,0.001966689176852127,0.0006075995908847863
277.41648106904233,114.35412026726058,16.970562748477143,3,0.4,A,12,0,3,0.4,6.880545781267383e-05,0.9391636443765478,-0.002571271331819983,0.001942874776679709,0.0006412852595257339
279.02004454342983,114.75501113585746,16.970562748477143,3,0.4,A,12,0,3,0.4,6.880545781267383e-05,0.9426793918823262,-0.002552091417545935,0.001990139229890726,0.0005735681635874783
279.8218262806236,114.9554565701559,16.970562748477143,3,0.4,A,12,0,3,0.4,6.880545781267383e-05,0.9474160395489364,-0.002541426515006734,0.002013204383451277,0.0005391684012095713
280.62360801781733,115.15590200445433,16.970562748477143,3,0.4,A,12,0,3,0.4,6.880545781267383e-05,0.954249236976121,-0.002529977492678425,0.002035869840038446,0.0005043751651486086
281.4253897550111,115.35634743875278,16.970562748477143,3,0.4,A,12,0,3,0.4,6.880545781267383e-05,0.963161167925253,-0.002517726483141883,0.002058134162515044,0.0004691776547038063
282.2271714922049,115.55679287305122,16.970562748477143,3,0.4,A,12,0,3,0.4,6.880545781267383e-05,0.9740054555211456,-0.002504692898079197,0.002080006959141234,0.0004335857308802791
283.02895322939867,115.75723830734967,16.970562748477143,3,0.4,A,12,0,3,0.4,6.880545781267383e-05,0.9865437427904815,-0.002490920738509186,0.002101499828742411,0.0003976256862654459
283.83073496659244,115.95768374164811,16.970562748477143,3,0.4,A,12,0,3,0.4,6.880545781267383e-05,1.000384279399959,-0.002476472274201697,0.002122607298025428,0.0003613514988634453
284.63251670378617,116.15812917594654,16.970562748477143,3,0.4,A,12,0,3,0.4,6.880545781267383e-05,1.015081688911049,-0.002461377057391335,0.002143303517777751,0.0003248099300207779
285.43429844097994,116.35857461024499,16.970562748477143,3,0.4,A,12,0,3,0.4,6.880545781267383e-05,1.030308335198613,-0.002445559815897641,0.002163540230482889,0.0002879868611712481
286.2360801781737,116.55902004454343,16.970562748477143,3,0.4,A,12,0,3,0.4,6.880545781267383e-05,1.045842498534684,-0.002428946633428082,0.002183312885562673,0.0002508358199970881
287.03786191536744,116.75946547884186,16.970562748477143,3,0.4,A,12,0,3,0.4,6.880545781267383e-05,1.061231809903077,-0.002411655212746537,0.002202685220423428,0.0002134024022521454
287.8396436525612,116.9599109131403,16.970562748477143,3,0.4,A,12,0,3,0.4,6.880545781267383e-05,1.075780527320177,-0.002393898609937803,0.002221706047951526,0.0001758160856529327
288.641425389755,117.16035634743875,16.970562748477143,3,0.4,A,12,0,3,0.4,6.880545781267383e-05,1.089028799767843,-0.002375651138893378,0.0022403128701938,0.000138113325047758
289.4432071269488,117.3608017817372,16.970562748477143,3,0.4,A,12,0,3,0.4,6.880545781267383e-05,1.10093060806539,-0.002356607318840181,0.002258345166316628,0.000100193504075738
290.24498886414256,117.56124721603564,16.970562748477143,3,0.4,A,12,0,3,0.4,6.880545781267383e-05,1.111537307374651,-0.002336544758436405,0.002275700751342162,6.197292380063649e-05
291.0467706013363,117.76169265033407,16.970562748477143,3,0.4,A,12,0,3,0.4,6.880545781267383e-05,1.120757753034085,-0.002315557235713475,0.002292459592355511,2.346694052390399e-05
291.84855233853006,117.96213808463251,16.970562748477143,3,0.4,A,12,0,3,0.4,6.880545781267383e-05,1.128455784753857,-0.002293850143115064,0.002308762866798055,-1.528060821073022e-05
292.65033407572383,118.16258351893096,16.970562748477143,3,0.4,A,12,0,3,0.4,6.880545781267383e-05,1.134559986142532,-0.0022714692991409,0.002324617586520292,-5.424123827783885e-05
293.45211581291755,118.36302895322939,16.970562748477143,3,0.4,A,12,0,3,0.4,6.880545781267383e-05,1.139277902410919,-0.002248236107788226,0.002339915297094092,-9.346961488067937e-05
294.25389755011133,118.56347438752783,16.970562748477143,3,0.4,A,12,0,3,0.4,6.880545781267383e-05,1.142615183538471,-0.002224150113469743,0.002354599414578099,-0.0001329169013571304
295.0556792873051,118.76391982182628,16.970562748477143,3,0.4,A,12,0,3,0.4,6.880545781267383e-05,1.144504916294316,-0.002199340323197797,0.002368704432529941,-0.0001725061684783026
295.8574610244989,118.96436525612472,16.970562748477143,3,0.4,A,12,0,3,0.4,6.880545781267383e-05,1.145007989110938,-0.002173995820129933,0.00238236585024271,-0.000212187391943539
296.65924276169267,119.16481069042317,16.970562748477143,3,0.4,A,12,0,3,0.4,6.880545781267383e-05,1.144454477741587,-0.002148177261723175,0.002395710322608928,-0.0002520005411608086
297.4610244988864,119.3652561247216,16.970562748477143,3,0.4,A,12,0,3,0.4,6.880545781267383e-05,1.143261769435992,-0.002121870677104796,0.002408815184475465,-0.000292010836979511
299.06458797327394,119.76614699331849,16.970562748477143,3,0.4,A,12,0,3,0.4,6.880545781267383e-05,1.139243227847974,-0.002068070904054095,0.002434292130289054,-0.0003723973657544414
299.86636971046767,119.96659242761692,16.970562748477143,3,0.4,A,12,0,3,0.4,6.880545781267383e-05,1.136355526291877,-0.002040695604502539,0.002446560986078528,-0.0004125961831258283
300.66815144766144,120.16703786191536,16.970562748477143,3,0.4,A,12,0,3,0.4,6.880545781267383e-05,1.133019326161946,-0.002013038025198494,0.002458489853057603,-0.0004527418687369503
298.26280623608017,119.56570155902004,16.970562748477143,3,0.4,A,12,0,3,0.4,6.880545781267383e-05,1.141547318935381,-0.002095141549772305,0.002421690606144485,-0.0003321759082241906
301.4699331848552,120.3674832962138,16.970562748477143,3,0.4,A,12,0,3,0.4,6.880545781267383e-05,1.129426839082743,-0.001985139714342597,0.00247011662356271,-0.0004928205785385122
302.271714922049,120.56792873051225,16.970562748477143,3,0.4,A,12,0,3,0.4,6.880545781267383e-05,1.125765337144793,-0.001957046657487434,0.002481480363657061,-0.0005328148010902257
303.0734966592428,120.7683741648107,16.970562748477143,3,0.4,A,12,0,3,0.4,6.880545781267383e-05,1.122130197206339,-0.001928805404436286,0.002492587140469211,-0.0005726855159752275
303.8752783964365,120.96881959910912,16.970562748477143,3,0.4,A,12,0,3,0.4,6.880545781267383e-05,1.118563912070084,-0.001900463075301191,0.002503415733179384,-0.0006123739230254217
304.6770601336303,121.16926503340757,16.970562748477143,3,0.4,A,12,0,3,0.4,6.880545781267383e-05,1.11515188027306,-0.001872042940826488,0.002513932791684551,-0.0006518285719357504
305.47884187082406,121.36971046770601,16.970562748477143,3,0.4,A,12,0,3,0.4,6.880545781267383e-05,1.112003875313731,-0.00184354933500663,0.002524105872781003,-0.0006910151935863729
306.2806236080178,121.57015590200444,16.970562748477143,3,0.4,A,12,0,3,0.4,6.880545781267383e-05,1.109314495410571,-0.001814965136266259,0.002533910590766759,-0.0007299294915899886
307.08240534521155,121.77060133630289,16.970562748477143,3,0.4,A,12,0,3,0.4,6.880545781267383e-05,1.107218927714354,-0.001786288968960374,0.002543332147222295,-0.0007685591747285193
307.88418708240533,121.97104677060133,16.970562748477143,3,0.4,A,12,0,3,0.4,6.880545781267383e-05,1.105839626736334,-0.0017575337026972,0.002552378260235918,-0.000806895668879652
308.6859688195991,122.17149220489978,16.970562748477143,3,0.4,A,12,0,3,0.4,6.880545781267383e-05,1.105274047994507,-0.001728714564354906,0.002561063440671666,-0.0008449333392226187
310.2895322939866,122.57238307349665,16.970562748477143,3,0.4,A,12,0,3,0.4,6.880545781267383e-05,1.106595424440422,-0.001670957025998674,0.002577382615854275,-0.0009200493154846135
311.0913140311804,122.7728285077951,16.970562748477143,3,0.4,A,12,0,3,0.4,6.880545781267383e-05,1.108393723427085,-0.001642033632418128,0.002585023895329853,-0.0009571112971493444
311.89309576837417,122.97327394209354,16.970562748477143,3,0.4,A,12,0,3,0.4,6.880545781267383e-05,1.110781092902889,-0.001613083408520658,0.00259231427378639,-0.0009938306851170762
309.4877505567929,122.37193763919822,16.970562748477143,3,0.4,A,12,0,3,0.4,6.880545781267383e-05,1.105530518301964,-0.001699852415854667,0.002569396386940676,-0.0008826543716393753
312.6948775055679,123.17371937639197,16.970562748477143,3,0.4,A,12,0,3,0.4,6.880545781267383e-05,1.113572964604928,-0.001584106106141029,0.002599238404311145,-0.001030190165503268
313.49665924276167,123.37416481069042,16.970562748477143,3,0.4,A,12,0,3,0.4,6.880545781267383e-05,1.116498444037613,-0.001555099072531592,0.002605778561381754,-0.001066172988770008
314.29844097995544,123.57461024498886,16.970562748477143,3,0.4,A,12,0,3,0.4,6.880545781267383e-05,1.119283827577635,-0.001526051851652945,0.002611916090996491,-0.001101770162241574
315.1002227171492,123.7750556792873,16.970562748477143,3,0.4,A,12,0,3,0.4,6.880545781267383e-05,1.121639392209222,-0.001496957272492249,0.002617631055882819,-0.001136967182903901
315.902004454343,123.97550111358575,16.970562748477143,3,0.4,A,12,0,3,0.4,6.880545781267383e-05,1.123228069279118,-0.001467812641601492,0.002622903321499974,-0.001171744219383661
316.7037861915367,124.17594654788418,16.970562748477143,3,0.4,A,12,0,3,0.4,6.880545781267383e-05,1.123795514445293,-0.001438616089329712,0.0026277157165423,-0.001206083890754819
317.5055679287305,124.37639198218262,16.970562748477143,3,0.4,A,12,0,3,0.4,6.880545781267383e-05,1.123112314409039,-0.001409361129885497,0.002632051725145532,-0.001239974384024452
318.3073496659243,124.57683741648107,16.970562748477143,3,0.4,A,12,0,3,0.4,6.880545781267383e-05,1.120984031203597,-0.001380040658101891,0.002635895832538641,-0.001273405689406919
319.109131403118,124.7772828507795,16.970562748477143,3,0.4,A,12,0,3,0.4,6.880545781267383e-05,1.117318992718537,-0.001350640874431256,0.00263923320406858,-0.001306374981654653
319.9109131403118,124.97772828507794,16.970562748477143,3,0.4,A,12,0,3,0.4,6.880545781267383e-05,1.112062936940516,-0.0013211457838999,0.002642048863934474,-0.001338881269853079
320.71269487750556,125.17817371937639,16.970562748477143,3,0.4,A,12,0,3,0.4,6.880545781267383e-05,1.105218975002126,-0.001291541837688146,0.002644329773481708,-0.001370923316699341
321.51447661469933,125.37861915367483,16.970562748477143,3,0.4,A,12,0,3,0.4,6.880545781267383e-05,1.096851648025521,-0.001261820820096302,0.002646065952537948,-0.0014024982680451
322.3162583518931,125.57906458797328,16.970562748477143,3,0.4,A,12,0,3,0.4,6.880545781267383e-05,1.087094081007612,-0.001231973145808722,0.002647248599761806,-0.001433606136335749
323.11804008908683,125.77951002227171,16.970562748477143,3,0.4,A,12,0,3,0.4,6.880545781267383e-05,1.076136564645775,-0.001201995209774531,0.002647870592369952,-0.001464242779837378
326.3251670378619,126.58129175946547,16.970562748477143,3,0.4,A,12,0,3,0.4,6.880545781267383e-05,1.026704829561227,-0.001080714064806808,0.002644711234543569,-0.001582096105562979
327.12694877505567,126.78173719376392,16.970562748477143,3,0.4,A,12,0,3,0.4,6.880545781267383e-05,1.014863240530026,-0.001050040159174004,0.002642537855438496,-0.001610427849619655
324.7216035634744,126.1804008908686,16.970562748477143,3,0.4,A,12,0,3,0.4,6.880545781267383e-05,1.05179013024399,-0.001141638400315808,0.002647416042062756,-0.001524093942080565
327.92873051224944,126.98218262806236,16.970562748477143,3,0.4,A,12,0,3,0.4,6.880545781267383e-05,1.003926686916819,-0.001019233581624555,0.002639836272501798,-0.001638326104167919
325.5233853006681,126.38084632516703,16.970562748477143,3,0.4,A,12,0,3,0.4,6.880545781267383e-05,1.039135751525563,-0.001111248672447013,0.002646341508344021,-0.001553320939411675
328.7305122494432,127.1826280623608,16.970562748477143,3,0.4,A,12,0,3,0.4,6.880545781267383e-05,0.9941054549400795,-0.000988299671143807,0.002636624518599606,-0.001665805219181559
323.9198218262806,125.97995545657015,16.970562748477143,3,0.4,A,12,0,3,0.4,6.880545781267383e-05,1.064253778124837,-0.001171885466613454,0.002647926875022084,-0.001494404156757459
329.53229398663694,127.38307349665924,16.970562748477143,3,0.4,A,12,0,3,0.4,6.880545781267383e-05,0.9854787361591935,-0.0009572376114319524,0.002632922774485452,-0.001692887860060423
330.3340757238307,127.58351893095768,16.970562748477143,3,0.4,A,12,0,3,0.4,6.880545781267383e-05,0.9779743022885962,-0.0009260423467074401,0.002628750220351406,-0.001719599878694717
331.1358574610245,127.78396436525613,16.970562748477143,3,0.4,A,12,0,3,0.4,6.880545781267383e-05,0.9713913310279088,-0.0008946996450395568,0.002624120992514906,-0.00174597087619829
331.9376391982182,127.98440979955456,16.970562748477143,3,0.4,A,12,0,3,0.4,6.880545781267383e-05,0.9654643333140401,-0.0008631865128933596,0.002619041590534917,-0.001772031096577813
332.739420935412,128.184855233853,16.970562748477143,3,0.4,A,12,0,3,0.4,6.880545781267383e-05,0.9599600364875691,-0.0008314737731180194,0.002613508258417364,-0.001797806219243566
333.5412026726058,128.38530066815144,16.970562748477143,3,0.4,A,12,0,3,0.4,6.880545781267383e-05,0.9547891095181592,-0.0007995286062019507,0.002607506223225321,-0.001823313986259746
334.34298440979956,128.5857461024499,16.970562748477143,3,0.4,A,12,0,3,0.4,6.880545781267383e-05,0.9500162427840423,-0.0007673260835549768,0.002601012318765503,-0.001848555521623626
335.14476614699333,128.78619153674833,16.970562748477143,3,0.4,A,12,0,3,0.4,6.880545781267383e-05,0.9458736129858817,-0.000734842032468527,0.002594000660849258,-0.00187352863149588
335.94654788418705,128.98663697104678,16.970562748477143,3,0.4,A,12,0,3,0.4,6.880545781267383e-05,0.9426473970015375,-0.0007020607936155561,0.002586447017498435,-0.001898224439077497
336.74832962138083,129.18708240534522,16.970562748477143,3,0.4,A,12,0,3,0.4,6.880545781267383e-05,0.9406553048191917,-0.0006689709114508832,0.002578327953466896,-0.001922631034262898
337.5501113585746,129.38752783964367,16.970562748477143,3,0.4,A,12,0,3,0.4,6.880545781267383e-05,0.9401750036778332,-0.000635565522372408,0.002569612405611478,-0.001946724406776224
338.35189309576833,129.58797327394208,16.970562748477143,3,0.4,A,12,0,3,0.4,6.880545781267383e-05,0.9414075121183872,-0.0006018372782965423,0.002560260282787829,-0.001970473226441361
339.9554565701559,129.98886414253897,16.970562748477143,3,0.4,A,12,0,3,0.4,6.880545781267383e-05,0.9496062887189212,-0.0005333468499114611,0.002539458133205525,-0.002016838130667267
339.1536748329621,129.78841870824053,16.970562748477143,3,0.4,A,12,0,3,0.4,6.880545781267383e-05,0.9445137144776197,-0.0005677718172911417,0.002550225937148791,-0.001993851051455458
340.75723830734967,130.18930957683742,16.970562748477143,3,0.4,A,12,0,3,0.4,6.880545781267383e-05,0.9567252414849755,-0.0004985370377779381,0.002527909884630213,-0.00203942255741434
341.55902004454344,130.38975501113586,16.970562748477143,3,0.4,A,12,0,3,0.4,6.880545781267383e-05,0.9658319992441807,-0.0004633326152029436,0.002515568680012282,-0.002061605696932031
342.36080178173717,130.59020044543428,16.970562748477143,3,0.4,A,12,0,3,0.4,6.880545781267383e-05,0.9767847085421804,-0.0004277408889444484,0.002502456009364613,-0.002083400830920554
343.16258351893094,130.79064587973272,16.970562748477143,3,0.4,A,12,0,3,0.4,6.880545781267383e-05,0.9893092884905893,-0.0003917931290449255,0.002488614707905501,-0.002104812384079327
343.9643652561247,130.99109131403117,16.970562748477143,3,0.4,A,12,0,3,0.4,6.880545781267383e-05,1.00304383682038,-0.0003555373540993221,0.002474101841300327,-0.00212583529092696
344.76614699331844,131.1915367483296,16.970562748477143,3,0.4,A,12,0,3,0.4,6.880545781267383e-05,1.017580367961218,-0.0003190061209298403,0.002458927083794398,-0.002146440683687793
345.5679287305122,131.39198218262806,16.970562748477143,3,0.4,A,12,0,3,0.4,6.880545781267383e-05,1.03264803098312,-0.0002821743021558072,0.002443002892008491,-0.00216658232585874
346.369710467706,131.5924276169265,16.970562748477143,3,0.4,A,12,0,3,0.4,6.880545781267383e-05,1.048002979919071,-0.0002450015208850164,0.002426276700218519,-0.002186268601114186
347.1714922048998,131.79287305122494,16.970562748477143,3,0.4,A,12,0,3,0.4,6.880545781267383e-05,1.063165760348337,-0.000207553176897343,0.002408896928389484,-0.002205567630021943
347.97327394209356,131.9933184855234,16.970562748477143,3,0.4,A,12,0,3,0.4,6.880545781267383e-05,1.077436565744553,-0.0001699618304617587,0.002391070609630966,-0.002224519306672711
348.7750556792873,132.19376391982183,16.970562748477143,3,0.4,A,12,0,3,0.4,6.880545781267383e-05,1.090410878472795,-0.000132240173858513,0.002372716822614981,-0.002243038697871392
349.57683741648106,132.39420935412028,16.970562748477143,3,0.4,A,12,0,3,0.4,6.880545781267383e-05,1.102093664899281,-9.428043714375019e-05,0.002353512280740064,-0.002260958228353795
350.37861915367483,132.59465478841872,16.970562748477143,3,0.4,A,12,0,3,0.4,6.880545781267383e-05,1.112508343281095,-5.60160069196622e-05,0.002333282534753014,-0.002278201012476842
351.18040089086855,132.79510022271714,16.970562748477143,3,0.4,A,12,0,3,0.4,6.880545781267383e-05,1.121529146209565,-1.747268068165613e-05,0.002312156319911603,-0.002294867892151582
351.98218262806233,132.99554565701558,16.970562748477143,3,0.4,A,12,0,3,0.4,6.880545781267383e-05,1.128987416809465,2.129583673719845e-05,0.002290342997858388,-0.00231109201190714
352.7839643652561,133.19599109131403,16.970562748477143,3,0.4,A,12,0,3,0.4,6.880545781267383e-05,1.134876116756415,6.0283949288377e-05,0.002267833637358788,-0.002326853674238069
353.5857461024499,133.39643652561247,16.970562748477143,3,0.4,A,12,0,3,0.4,6.880545781267383e-05,1.139414289868462,9.954428414264926e-05,0.002244450955988681,-0.002342042984393716
354.38752783964367,133.59688195991092,16.970562748477143,3,0.4,A,12,0,3,0.4,6.880545781267383e-05,1.142572285064847,0.0001390168560542161,0.002220225986280772,-0.002356619607867541
355.1893095768374,133.79732739420933,16.970562748477143,3,0.4,A,12,0,3,0.4,6.880545781267383e-05,1.14428210397757,0.0001786233740191145,0.002195304657930443,-0.002370634352851158
355.99109131403117,133.99777282850778,16.970562748477143,3,0.4,A,12,0,3,0.4,6.880545781267383e-05,1.144646816379305,0.0002183278882698284,0.002169863848631327,-0.002384228332709148
356.79287305122494,134.19821826280622,16.970562748477143,3,0.4,A,12,0,3,0.4,6.880545781267383e-05,1.14408749204456,0.0002581951384569842,0.00214392530198837,-0.002397518430466605
357.59465478841867,134.39866369710467,16.970562748477143,3,0.4,A,12,0,3,0.4,6.880545781267383e-05,1.142937821468151,0.0002982666092782708,0.002117495360968912,-0.00241057242011038
358.39643652561244,134.5991091314031,16.970562748477143,3,0.4,A,12,0,3,0.4,6.880545781267383e-05,1.141210190719497,0.0003384665695814427,0.002090665725587638,-0.002423388744000582
359.1982182628062,134.79955456570156,16.970562748477143,3,0.4,A,12,0,3,0.4,6.880545781267383e-05,1.138827594662852,0.0003786919536407615,0.002063519444693785,-0.002435921330291903
360.0,135.0,16.970562748477143,3,0.4,A,12,0,3,0.4,6.880545781267383e-05,1.13581744146044,0.0004188768512081881,0.002036083654525394,-0.002448118574912
