degmech,irms,degel,magnet_depth,ratio,halbach_side,i,angle,x,y,magarea,torque_airgap,flux_a,flux_b,flux_c
0.20044543429844097,0,0,3,0.4,A,12,0,3,0.4,6.880545781267383e-05,-0.005257095371886092,-3.924753074075339e-05,-0.002248615429825014,0.002287239919133959
0.0,0,0,3,0.4,A,12,0,3,0.4,6.880545781267383e-05,0.0003699672445199062,-2.631878025475144e-07,-0.002268108231785876,0.002268373730468043
0.40089086859688194,0,0,3,0.4,A,12,0,3,0.4,6.880545781267383e-05,-0.01052147103080926,-7.82839511642491e-05,-0.002228582042223982,0.002305631672346196
0.6013363028953229,0,0,3,0.4,A,12,0,3,0.4,6.880545781267383e-05,-0.01523523621189777,-0.0001173558110704202,-0.002208091026911069,0.00232361235286769
0.8017817371937639,0,0,3,0.4,A,12,0,3,0.4,6.880545781267383e-05,-0.01949256090656688,-0.0001563533026219284,-0.002187183777356583,0.002341084974713224
1.0022271714922049,0,0,3,0.4,A,12,0,3,0.4,6.880545781267383e-05,-0.02330757615597213,-0.0001951936015012233,-0.002165868454065101,0.002357950720799177
1.2026726057906458,0,0,3,0.4,A,12,0,3,0.4,6.880545781267383e-05,-0.02644624006186837,-0.0002338803752327005,-0.002144071804296005,0.002374144474583557
1.4031180400890868,0,0,3,0.4,A,12,0,3,0.4,6.880545781267383e-05,-0.02846293371176065,-0.0002724971623541349,-0.00212182809725919,0.002389818581615404
1.6035634743875278,0,0,3,0.4,A,12,0,3,0.4,6.880545781267383e-05,-0.02901302129569494,-0.0003111012908873646,-0.002099270831591422,0.002405192254438805
2.0044543429844097,0,0,3,0.4,A,12,0,3,0.4,6.880545781267383e-05,-0.0255842033663153,-0.0003881295958194378,-0.002053489693525767,0.002435163941768081
1.8040089086859687,0,0,3,0.4,A,12,0,3,0.4,6.880545781267383e-05,-0.0280016645483415,-0.0003496777233672465,-0.002076495489743771,0.00242035188972569
2.2048997772828507,0,0,3,0.4,A,12,0,3,0.4,6.880545781267383e-05,-0.02190258485212914,-0.0004263793697404533,-0.002030204067390251,0.002449481775287761
2.4053452115812917,0,0,3,0.4,A,12,0,3,0.4,6.880545781267383e-05,-0.01696593760851898,-0.0004644045533747996,-0.00200662829918569,0.00246327282295883
2.6057906458797326,0,0,3,0.4,A,12,0,3,0.4,6.880545781267383e-05,-0.0107401512350045,-0.0005022282329500429,-0.001982786913063295,0.002476601630604948
2.8062360801781736,0,0,3,0.4,A,12,0,3,0.4,6.880545781267383e-05,-0.003282703027343981,-0.000539862317283625,-0.001958695076654191,0.002489507388921307
3.0066815144766146,0,0,3,0.4,A,12,0,3,0.4,6.880545781267383e-05,0.005161005361904499,-0.0005772725032879727,-0.00193435302310013,0.002501952021432856
3.2071269487750556,0,0,3,0.4,A,12,0,3,0.4,6.880545781267383e-05,0.01420956084120276,-0.0006144067737631868,-0.001909762376222302,0.002513876653119077
3.4075723830734965,0,0,3,0.4,A,12,0,3,0.4,6.880545781267383e-05,0.02348363228388352,-0.0006512211544698308,-0.001884920692732452,0.002525229992213652
3.6080178173719375,0,0,3,0.4,A,12,0,3,0.4,6.880545781267383e-05,0.03265229114527594,-0.0006876954527294416,-0.001859814512130955,0.002535977549389544
3.8084632516703785,0,0,3,0.4,A,12,0,3,0.4,6.880545781267383e-05,0.04143148936243787,-0.0007238245758000673,-0.001834432222821928,0.002546104675844129
4.008908685968819,0,0,3,0.4,A,12,0,3,0.4,6.880545781267383e-05,0.04956946209908542,-0.0007596130466504641,-0.001808779747529288,0.002555628910402673
4.20935412026726,0,0,3,0.4,A,12,0,3,0.4,6.880545781267383e-05,0.05680263923202267,-0.000795064563720223,-0.001782870922572261,0.002564575818123907
4.409799554565701,0,0,3,0.4,A,12,0,3,0.4,6.880545781267383e-05,0.06287928868519553,-0.0008301767745343797,-0.001756718529834073,0.002572962391531398
4.610244988864142,0,0,3,0.4,A,12,0,3,0.4,6.880545781267383e-05,0.06757326106120726,-0.0008649420358918535,-0.001730333531076098,0.002580797178408388
4.810690423162583,0,0,3,0.4,A,12,0,3,0.4,6.880545781267383e-05,0.07068530189586002,-0.0008993490239634912,-0.001703724967033742,0.002588081893577589
5.011135857461024,0,0,3,0.4,A,12,0,3,0.4,6.880545781267383e-05,0.07207524942479077,-0.0009333860429573705,-0.001676894830835592,0.002594809345843205
5.211581291759465,0,0,3,0.4,A,12,0,3,0.4,6.880545781267383e-05,0.07168614565486925,-0.0009670429968302045,-0.001649841993729854,0.002600969730109211
5.412026726057906,0,0,3,0.4,A,12,0,3,0.4,6.880545781267383e-05,0.06954032399531115,-0.00100031827020824,-0.001622559947427203,0.002606556038265447
5.612472160356347,0,0,3,0.4,A,12,0,3,0.4,6.880545781267383e-05,0.06575350994827323,-0.00103321355437601,-0.001595043178169006,0.002611565424443586
5.812917594654788,0,0,3,0.4,A,12,0,3,0.4,6.880545781267383e-05,0.06050369104598227,-0.001065729112464526,-0.001567293055946326,0.002616000297071416
6.013363028953229,0,0,3,0.4,A,12,0,3,0.4,6.880545781267383e-05,0.05403090822947861,-0.001097862597641083,-0.001539317422169965,0.002619866834508851
6.21380846325167,0,0,3,0.4,A,12,0,3,0.4,6.880545781267383e-05,0.04664562648835986,-0.001129613180539445,-0.001511125752004762,0.002623174122320751
6.414253897550111,0,0,3,0.4,A,12,0,3,0.4,6.880545781267383e-05,0.03872244106649088,-0.001160986587967596,-0.00148272581603013,0.002625935532699896
6.614699331848552,0,0,3,0.4,A,12,0,3,0.4,6.880545781267383e-05,0.03065887434816263,-0.001191997600456321,-0.001454121994604366,0.002628169482690349
6.815144766146993,0,0,3,0.4,A,12,0,3,0.4,6.880545781267383e-05,0.0228051175663098,-0.0012226673748589,-0.001425318080366173,0.002629899734418974
7.015590200445434,0,0,3,0.4,A,12,0,3,0.4,6.880545781267383e-05,0.01541302219058807,-0.001253018210661259,-0.001396318489504854,0.002631152010835223
7.216035634743875,0,0,3,0.4,A,12,0,3,0.4,6.880545781267383e-05,0.008553888679225985,-0.001283074752668636,-0.00136712383588169,0.002631950701187305
7.416481069042316,0,0,3,0.4,A,12,0,3,0.4,6.880545781267383e-05,0.002103566082721755,-0.001312864049863206,-0.001337727680827316,0.00263231564695761
7.616926503340757,0,0,3,0.4,A,12,0,3,0.4,6.880545781267383e-05,-0.004215271093660538,-0.001342410349107251,-0.001308118198383904,0.002632258854690257
7.817371937639198,0,0,3,0.4,A,12,0,3,0.4,6.880545781267383e-05,-0.0107357064967596,-0.001371740228564123,-0.001278269414165435,0.002631780788934964
8.017817371937639,0,0,3,0.4,A,12,0,3,0.4,6.880545781267383e-05,-0.01766510910001839,-0.001400879377362398,-0.001248144098515593,0.002630870043649569
8.21826280623608,0,0,3,0.4,A,12,0,3,0.4,6.880545781267383e-05,-0.02506094518066643,-0.001429842642070966,-0.001217705883587157,0.002629505921063383
8.41870824053452,0,0,3,0.4,A,12,0,3,0.4,6.880545781267383e-05,-0.03281376423127914,-0.001458628040658492,-0.001186930439639114,0.002627663362880899
8.619153674832962,0,0,3,0.4,A,12,0,3,0.4,6.880545781267383e-05,-0.0406797144501152,-0.001487222048088066,-0.001155804287756854,0.002625316521435418
8.819599109131403,0,0,3,0.4,A,12,0,3,0.4,6.880545781267383e-05,-0.04835253834618762,-0.00151560459038164,-0.001124324034344789,0.002622442625391467
9.020044543429844,0,0,3,0.4,A,12,0,3,0.4,6.880545781267383e-05,-0.05547749137730685,-0.001543760187328121,-0.001092487323712805,0.002619024180209795
9.220489977728285,0,0,3,0.4,A,12,0,3,0.4,6.880545781267383e-05,-0.06169562622064471,-0.001571681804910892,-0.001060288234338416,0.002615048231482578
9.420935412026726,0,0,3,0.4,A,12,0,3,0.4,6.880545781267383e-05,-0.06668214171559464,-0.001599369841870612,-0.001027717984936532,0.002610506127244698
9.621380846325167,0,0,3,0.4,A,12,0,3,0.4,6.880545781267383e-05,-0.07017317016220993,-0.001626825747656847,-0.0009947709807891288,0.002605393148112004
9.821826280623608,0,0,3,0.4,A,12,0,3,0.4,6.880545781267383e-05,-0.07199392872802085,-0.001654051210209241,-0.0009614446406802914,0.002599707674282451
10.022271714922049,0,0,3,0.4,A,12,0,3,0.4,6.880545781267383e-05,-0.072065692119792,-0.001681047530192347,-0.0009277405927059646,0.002593451688929457
10.22271714922049,0,0,3,0.4,A,12,0,3,0.4,6.880545781267383e-05,-0.07036980224574113,-0.001707817975064831,-0.000893661567822066,0.002586630132369604
10.42316258351893,0,0,3,0.4,A,12,0,3,0.4,6.880545781267383e-05,-0.06697298132929115,-0.001734366077058667,-0.0008592128019939741,0.002579250374621786
10.623608017817372,0,0,3,0.4,A,12,0,3,0.4,6.880545781267383e-05,-0.06202782398514774,-0.001760690689984463,-0.000824401067756596,0.002571315406171719
10.824053452115812,0,0,3,0.4,A,12,0,3,0.4,6.880545781267383e-05,-0.05570701812057911,-0.001786786502146523,-0.0007892331368616378,0.002562822370491077
11.024498886414253,0,0,3,0.4,A,12,0,3,0.4,6.880545781267383e-05,-0.04825102137442978,-0.001812642565455742,-0.0007537154386483937,0.002553761426960237
11.224944320712694,0,0,3,0.4,A,12,0,3,0.4,6.880545781267383e-05,-0.03993947624014273,-0.00183824391436993,-0.0007178534085132422,0.002544116018545066
11.425389755011135,0,0,3,0.4,A,12,0,3,0.4,6.880545781267383e-05,-0.03101155572951113,-0.001863575590138087,-0.0006816425425072361,0.002533858605419732
11.625835189309576,0,0,3,0.4,A,12,0,3,0.4,6.880545781267383e-05,-0.02175029544375258,-0.001888633742031156,-0.0006450834024060838,0.002522979466654573
11.826280623608017,0,0,3,0.4,A,12,0,3,0.4,6.880545781267383e-05,-0.01247580977967848,-0.001913428964834261,-0.0006081916085791058,0.002511503230997471
12.026726057906458,0,0,3,0.4,A,12,0,3,0.4,6.880545781267383e-05,-0.003519964555813539,-0.001937972972541553,-0.0005709929664214396,0.002499468768152045
12.2271714922049,0,0,3,0.4,A,12,0,3,0.4,6.880545781267383e-05,0.004773896852697578,-0.00196226659367103,-0.0005335272020478601,0.0024869227650204
12.828507795100222,0,0,3,0.4,A,12,0,3,0.4,6.880545781267383e-05,0.02305441228904619,-0.00203363577908679,-0.0004198660698110269,0.00244658745137444
12.628062360801781,0,0,3,0.4,A,12,0,3,0.4,6.880545781267383e-05,0.01820403867276923,-0.002010109534026276,-0.0004579542178375089,0.002460490964103156
13.028953229398663,0,0,3,0.4,A,12,0,3,0.4,6.880545781267383e-05,0.02662868662962489,-0.002056866572529275,-0.0003815615935135132,0.002432157230275325
12.42761692650334,0,0,3,0.4,A,12,0,3,0.4,6.880545781267383e-05,0.01208908532653571,-0.001986312013131529,-0.0004958387702574375,0.002473920957655846
13.229398663697104,0,0,3,0.4,A,12,0,3,0.4,6.880545781267383e-05,0.02885784485127705,-0.002079825621622755,-0.0003430809545177432,0.002417269424816041
13.429844097995545,0,0,3,0.4,A,12,0,3,0.4,6.880545781267383e-05,0.02960401309124546,-0.002102565241265193,-0.0003045033879358265,0.002402077486882653
13.830734966592427,0,0,3,0.4,A,12,0,3,0.4,6.880545781267383e-05,0.0264753597047,-0.00214725966810962,-0.0002272826516132799,0.002370931089930162
13.630289532293986,0,0,3,0.4,A,12,0,3,0.4,6.880545781267383e-05,0.02874103502038805,-0.002125080680465384,-0.0002659090428071793,0.002386678246376475
14.031180400890868,0,0,3,0.4,A,12,0,3,0.4,6.880545781267383e-05,0.02319037747803821,-0.002168973263860057,-0.0001885590414364828,0.002354611087285467
14.231625835189309,0,0,3,0.4,A,12,0,3,0.4,6.880545781267383e-05,0.01930705675287421,-0.002190215686298383,-0.000149670566973285,0.002337614823974343
14.43207126948775,0,0,3,0.4,A,12,0,3,0.4,6.880545781267383e-05,0.01501759306272904,-0.002211056259712171,-0.0001106346055964305,0.002320030429234482
14.632516703786191,0,0,3,0.4,A,12,0,3,0.4,6.880545781267383e-05,0.01024528953732378,-0.002231475501913615,-7.154605176995499e-05,0.002301959963402444
14.832962138084632,0,0,3,0.4,A,12,0,3,0.4,6.880545781267383e-05,0.004882391134131315,-0.002251421613728284,-3.251441233377518e-05,0.00228348674150344
15.033407572383073,0,0,3,0.4,A,12,0,3,0.4,6.880545781267383e-05,-0.0008264239595119686,-0.002270798113584674,6.466807801216437e-06,0.002264505296845728
15.233853006681514,0,0,3,0.4,A,12,0,3,0.4,6.880545781267383e-05,-0.00647839267777856,-0.002289577003039474,4.545986523594699e-05,0.002244911186582124
15.434298440979955,0,0,3,0.4,A,12,0,3,0.4,6.880545781267383e-05,-0.01166645695682451,-0.00230790440463134,8.452505296599228e-05,0.002224779019752843
15.634743875278396,0,0,3,0.4,A,12,0,3,0.4,6.880545781267383e-05,-0.01629344853069624,-0.002325813107703247,0.0001236165761463617,0.002204194640263968
15.835189309576837,0,0,3,0.4,A,12,0,3,0.4,6.880545781267383e-05,-0.02049766276929753,-0.002343201841151724,0.0001626157877722823,0.002183205488636468
16.23608017817372,0,0,3,0.4,A,12,0,3,0.4,6.880545781267383e-05,-0.02729703590233079,-0.0023760698239695,0.0002401344069664099,0.002139915379441
16.035634743875278,0,0,3,0.4,A,12,0,3,0.4,6.880545781267383e-05,-0.02426124829577977,-0.002359969594109606,0.0002014497644770188,0.002161803083905686
16.43652561247216,0,0,3,0.4,A,12,0,3,0.4,6.880545781267383e-05,-0.02915973242394737,-0.002391678842055698,0.0002787538605295131,0.002117599931984249
16.6369710467706,0,0,3,0.4,A,12,0,3,0.4,6.880545781267383e-05,-0.02950403893515968,-0.002407011759222679,0.0003173604281388927,0.002094993267465478
16.83741648106904,0,0,3,0.4,A,12,0,3,0.4,6.880545781267383e-05,-0.02828812874847059,-0.002422127255337264,0.0003559281198612005,0.002072179410699911
17.037861915367483,0,0,3,0.4,A,12,0,3,0.4,6.880545781267383e-05,-0.0256841058877399,-0.002436879628622299,0.0003943611762691956,0.002049133517733903
17.238307349665924,0,0,3,0.4,A,12,0,3,0.4,6.880545781267383e-05,-0.02182911931571515,-0.00245112437859503,0.0004325814461536933,0.002025807251375222
17.438752783964365,0,0,3,0.4,A,12,0,3,0.4,6.880545781267383e-05,-0.01674472580215936,-0.002464851833787288,0.0004705777497449012,0.002002197621521651
17.639198218262806,0,0,3,0.4,A,12,0,3,0.4,6.880545781267383e-05,-0.01037705852600398,-0.002478131308409822,0.0005083781632706741,0.001978328368166469
18.040089086859687,0,0,3,0.4,A,12,0,3,0.4,6.880545781267383e-05,0.005645533141714109,-0.002503382389688992,0.0005833644028455794,0.001929848670942649
17.839643652561247,0,0,3,0.4,A,12,0,3,0.4,6.880545781267383e-05,-0.002817488983922886,-0.002490991614733956,0.0005459872394936965,0.001954213403309809
18.24053452115813,0,0,3,0.4,A,12,0,3,0.4,6.880545781267383e-05,0.01469157413818119,-0.002515247561292303,0.0006204636624658399,0.001905232714105642
18.44097995545657,0,0,3,0.4,A,12,0,3,0.4,6.880545781267383e-05,0.02399560051925092,-0.002526545000213167,0.0006572550028402786,0.001880358359695977
18.64142538975501,0,0,3,0.4,A,12,0,3,0.4,6.880545781267383e-05,0.03322073972378953,-0.002537240900310055,0.0006937162770175624,0.001855214538816652
18.84187082405345,0,0,3,0.4,A,12,0,3,0.4,6.880545781267383e-05,0.04202133559171104,-0.002547315013396988,0.0007298273851536476,0.001829797900968386
19.042316258351892,0,0,3,0.4,A,12,0,3,0.4,6.880545781267383e-05,0.05009761535608608,-0.00255678262599219,0.0007655864478233738,0.001804117524305033
19.242761692650333,0,0,3,0.4,A,12,0,3,0.4,6.880545781267383e-05,0.05719329442307386,-0.002565667451089577,0.0008009964953761402,0.001778185964112928
19.443207126948774,0,0,3,0.4,A,12,0,3,0.4,6.880545781267383e-05,0.06307282094162359,-0.002573985384784991,0.0008360566616164488,0.001752013442298022
19.643652561247215,0,0,3,0.4,A,12,0,3,0.4,6.880545781267383e-05,0.0675168389255335,-0.002581745604666209,0.0008707618540983525,0.001725609288379687
19.844097995545656,0,0,3,0.4,A,12,0,3,0.4,6.880545781267383e-05,0.07036581157280739,-0.002588951602214627,0.0009051044278643364,0.001698981133818939
20.044543429844097,0,0,3,0.4,A,12,0,3,0.4,6.880545781267383e-05,0.07150728926118512,-0.002595599531722497,0.0009390776709828747,0.001672129892201305
20.244988864142538,0,0,3,0.4,A,12,0,3,0.4,6.880545781267383e-05,0.0709118160230527,-0.002601683404028578,0.0009726793690923795,0.001645050703866501
20.44543429844098,0,0,3,0.4,A,12,0,3,0.4,6.880545781267383e-05,0.06861743894903992,-0.002607199392512161,0.001005909312981316,0.001617739000423121
20.64587973273942,0,0,3,0.4,A,12,0,3,0.4,6.880545781267383e-05,0.06474176352866352,-0.002612145580951035,0.001038765709130945,0.001590193738128604
20.84632516703786,0,0,3,0.4,A,12,0,3,0.4,6.880545781267383e-05,0.05947305877355689,-0.002616522787098103,0.001071246510291815,0.001562416958367711
21.046770601336302,0,0,3,0.4,A,12,0,3,0.4,6.880545781267383e-05,0.05308334816126321,-0.002620335486280619,0.001103352186240381,0.001534412040568253
21.247216035634743,0,0,3,0.4,A,12,0,3,0.4,6.880545781267383e-05,0.04589455198257728,-0.00262359215850381,0.001135082869071893,0.001506186829014459
21.447661469933184,0,0,3,0.4,A,12,0,3,0.4,6.880545781267383e-05,0.038253037264688,-0.002626306235955782,0.001166440858202983,0.001477752299733409
21.648106904231625,0,0,3,0.4,A,12,0,3,0.4,6.880545781267383e-05,0.03050533048362976,-0.002628495623589862,0.001197432015416871,0.001449121028484709
21.848552338530066,0,0,3,0.4,A,12,0,3,0.4,6.880545781267383e-05,0.02294066370112247,-0.002630182611243421,0.001228073155970537,0.001420299642902962
22.048997772828507,0,0,3,0.4,A,12,0,3,0.4,6.880545781267383e-05,0.01576021517022455,-0.002631391878291253,0.001258392368780011,0.001391285962359608
22.249443207126948,0,0,3,0.4,A,12,0,3,0.4,6.880545781267383e-05,0.009006528293793835,-0.002632149463714159,0.001288420364742313,0.001362076423732678
22.44988864142539,0,0,3,0.4,A,12,0,3,0.4,6.880545781267383e-05,0.002540152989572333,-0.002632478093803258,0.001318186556029041,0.001332665311403943
22.65033407572383,0,0,3,0.4,A,12,0,3,0.4,6.880545781267383e-05,-0.00391137245124325,-0.00263238945620861,0.001347718745943314,0.001303037066992288
22.85077951002227,0,0,3,0.4,A,12,0,3,0.4,6.880545781267383e-05,-0.01064183106578207,-0.002631879730338905,0.001377037475563565,0.00127316719377567
23.051224944320712,0,0,3,0.4,A,12,0,3,0.4,6.880545781267383e-05,-0.01786904711864318,-0.002630931912863951,0.001406154791463814,0.001243025918382034
23.251670378619153,0,0,3,0.4,A,12,0,3,0.4,6.880545781267383e-05,-0.02560113518907245,-0.002629522567053174,0.001435082459890308,0.001212576959201027
23.452115812917594,0,0,3,0.4,A,12,0,3,0.4,6.880545781267383e-05,-0.03367365183395945,-0.002627627467489283,0.001463825193150128,0.001181790209750589
23.652561247216035,0,0,3,0.4,A,12,0,3,0.4,6.880545781267383e-05,-0.04183446959821693,-0.0026252229120131,0.001492375497048724,0.001150648231170688
23.853006681514476,0,0,3,0.4,A,12,0,3,0.4,6.880545781267383e-05,-0.04973353448831673,-0.002622287802331794,0.001520721172591748,0.001119141284672709
24.053452115812917,0,0,3,0.4,A,12,0,3,0.4,6.880545781267383e-05,-0.05701032089989654,-0.002618804947722158,0.001548848387430643,0.001087265885253364
24.253897550111358,0,0,3,0.4,A,12,0,3,0.4,6.880545781267383e-05,-0.06330131169226506,-0.002614761208936845,0.001576749269615073,0.001055017021984076
24.4543429844098,0,0,3,0.4,A,12,0,3,0.4,6.880545781267383e-05,-0.0682854966620776,-0.002610147340778421,0.00160442007468709,0.001022389517398807
24.65478841870824,0,0,3,0.4,A,12,0,3,0.4,6.880545781267383e-05,-0.07171569126675152,-0.002604957590912229,0.001631860565400309,0.0009893783531808112
24.85523385300668,0,0,3,0.4,A,12,0,3,0.4,6.880545781267383e-05,-0.07342890940801199,-0.002599190065639296,0.001659071048074035,0.0009559820521289658
25.05567928730512,0,0,3,0.4,A,12,0,3,0.4,6.880545781267383e-05,-0.07334197088838913,-0.002592846974405452,0.001686052669276703,0.0009222025243977832
25.256124721603562,0,0,3,0.4,A,12,0,3,0.4,6.880545781267383e-05,-0.07145252089482389,-0.002585933840958693,0.001712808229526964,0.000888043450303705
25.456570155902003,0,0,3,0.4,A,12,0,3,0.4,6.880545781267383e-05,-0.0678414482624092,-0.002578458522320156,0.001739339315638202,0.0008535124670247403
25.657015590200444,0,0,3,0.4,A,12,0,3,0.4,6.880545781267383e-05,-0.06265217736626892,-0.002570423095119928,0.001765644303563914,0.0008186160233121936
25.857461024498885,0,0,3,0.4,A,12,0,3,0.4,6.880545781267383e-05,-0.05606397589184439,-0.002561820951200041,0.001791716217085996,0.0007833586846632974
26.057906458797326,0,0,3,0.4,A,12,0,3,0.4,6.880545781267383e-05,-0.04830757909849197,-0.002552639204581444,0.001817543992731643,0.0007477442787139825
26.258351893095767,0,0,3,0.4,A,12,0,3,0.4,6.880545781267383e-05,-0.03964203389210154,-0.002542858062507607,0.001843114290236488,0.0007117737041976123
26.45879732739421,0,0,3,0.4,A,12,0,3,0.4,6.880545781267383e-05,-0.03033114056909241,-0.002532452931206784,0.001868414898714383,0.0006754435428696444
26.65924276169265,0,0,3,0.4,A,12,0,3,0.4,6.880545781267383e-05,-0.02069178451390591,-0.002521422662742402,0.001893443052048639,0.000638761525698725
26.85968819599109,0,0,3,0.4,A,12,0,3,0.4,6.880545781267383e-05,-0.01106700814097181,-0.002509797127819797,0.001918209298468334,0.0006017482222140414
27.06013363028953,0,0,3,0.4,A,12,0,3,0.4,6.880545781267383e-05,-0.001837155454139071,-0.00249762162414323,0.001942719180168679,0.000564441137216616
27.260579064587972,0,0,3,0.4,A,12,0,3,0.4,6.880545781267383e-05,0.006601210140325539,-0.002484952525781953,0.001966972542062889,0.0005268898360262293
27.461024498886413,0,0,3,0.4,A,12,0,3,0.4,6.880545781267383e-05,0.0139090160895147,-0.002471851151429665,0.001990972887132608,0.000489142858834506
27.661469933184854,0,0,3,0.4,A,12,0,3,0.4,6.880545781267383e-05,0.01988696988053103,-0.002458335321225272,0.002014721696963927,0.0004512181127316295
27.861915367483295,0,0,3,0.4,A,12,0,3,0.4,6.880545781267383e-05,0.02449364530938023,-0.00244435234651113,0.002038199557268905,0.0004130982290038461
28.062360801781736,0,0,3,0.4,A,12,0,3,0.4,6.880545781267383e-05,0.02775200404636824,-0.002429848225823361,0.002061384172595186,0.000374766853573378
28.262806236080177,0,0,3,0.4,A,12,0,3,0.4,6.880545781267383e-05,0.02959158164397027,-0.002414906111559817,0.002084306422995862,0.0003362678174601784
28.463251670378618,0,0,3,0.4,A,12,0,3,0.4,6.880545781267383e-05,0.02989683846348677,-0.00239967947512187,0.002107012354294334,0.0002976852634525001
28.66369710467706,0,0,3,0.4,A,12,0,3,0.4,6.880545781267383e-05,0.02863015205812074,-0.002384235399941052,0.002129479499065826,0.00025908974745658
28.8641425389755,0,0,3,0.4,A,12,0,3,0.4,6.880545781267383e-05,0.02606010270524534,-0.00236840939663969,0.002151588150933162,0.0002204528968041839
29.06458797327394,0,0,3,0.4,A,12,0,3,0.4,6.880545781267383e-05,0.02262312364675497,-0.002351978835564325,0.002173224493527901,0.0001816986493866816
29.265033407572382,0,0,3,0.4,A,12,0,3,0.4,6.880545781267383e-05,0.0187037282825199,-0.002334878466797609,0.002194412930572145,0.0001427646917379439
29.465478841870823,0,0,3,0.4,A,12,0,3,0.4,6.880545781267383e-05,0.01440588609447446,-0.00231720554757694,0.002215206328734612,0.0001036894311859679
29.665924276169264,0,0,3,0.4,A,12,0,3,0.4,6.880545781267383e-05,0.009612474077470875,-0.00229905999359432,0.00223556334881915,6.458476745852589e-05
29.866369710467705,0,0,3,0.4,A,12,0,3,0.4,6.880545781267383e-05,0.004239727082558005,-0.002280508292731855,0.002255423122307633,2.555604895993196e-05
30.066815144766146,0,0,3,0.4,A,12,0,3,0.4,6.880545781267383e-05,-0.001424030038525076,-0.002261427210980695,0.002274693006936271,-1.342238103131405e-05
30.267260579064587,0,0,3,0.4,A,12,0,3,0.4,6.880545781267383e-05,-0.006976976584200331,-0.002241748099963293,0.002293384564484488,-5.241473242169543e-05
30.467706013363028,0,0,3,0.4,A,12,0,3,0.4,6.880545781267383e-05,-0.01204822979290011,-0.002221560864326008,0.00231165034059988,-9.147299601491984e-05
30.66815144766147,0,0,3,0.4,A,12,0,3,0.4,6.880545781267383e-05,-0.01659466596302145,-0.002200932364815547,0.002329478833871457,-0.000130532733154917
30.86859688195991,0,0,3,0.4,A,12,0,3,0.4,6.880545781267383e-05,-0.0207266424696771,-0.002179900493230438,0.002346762864455999,-0.0001694799696672814
31.06904231625835,0,0,3,0.4,A,12,0,3,0.4,6.880545781267383e-05,-0.02436548553964251,-0.002158439157967982,0.002363406613311975,-0.0002082602252767779
31.26948775055679,0,0,3,0.4,A,12,0,3,0.4,6.880545781267383e-05,-0.02718654184967627,-0.002136488128034689,0.002379403929573578,-0.0002469112512450922
31.670378619153674,0,0,3,0.4,A,12,0,3,0.4,6.880545781267383e-05,-0.02874658183541061,-0.00209150475250821,0.002410280136234872,-0.0003241253479876167
31.469933184855233,0,0,3,0.4,A,12,0,3,0.4,6.880545781267383e-05,-0.02874678994687046,-0.002114131413071667,0.002394962140940281,-0.0002855197672143456
31.870824053452115,0,0,3,0.4,A,12,0,3,0.4,6.880545781267383e-05,-0.02722969209012418,-0.002068665651215859,0.002425351653616813,-0.000362672416303811
32.071269487750556,0,0,3,0.4,A,12,0,3,0.4,6.880545781267383e-05,-0.02436902973891237,-0.002045576563940812,0.002440013658669157,-0.0004010613893254857
32.271714922049,0,0,3,0.4,A,12,0,3,0.4,6.880545781267383e-05,-0.02025919209508183,-0.002022193748989393,0.00245414410675122,-0.0004392288798805438
32.672605790645875,0,0,3,0.4,A,12,0,3,0.4,6.880545781267383e-05,-0.008184974948336657,-0.001974608373090577,0.002480960408511114,-0.0005149408938874341
32.47216035634744,0,0,3,0.4,A,12,0,3,0.4,6.880545781267383e-05,-0.01487627703431053,-0.00199852885792646,0.002467769721072031,-0.0004771799924722006
32.87305122494432,0,0,3,0.4,A,12,0,3,0.4,6.880545781267383e-05,-0.0003195627995765775,-0.001950441247687933,0.002493729914309918,-0.0005525090306254627
33.073496659242764,0,0,3,0.4,A,12,0,3,0.4,6.880545781267383e-05,0.008417834386971369,-0.001926024280057531,0.002506019183935494,-0.0005898366843938191
33.67483296213808,0,0,3,0.4,A,12,0,3,0.4,6.880545781267383e-05,0.03602470389498774,-0.001851238073430289,0.002539464317924213,-0.0006999310869344718
33.2739420935412,0,0,3,0.4,A,12,0,3,0.4,6.880545781267383e-05,0.01763000595039135,-0.001901357385409271,0.002517766793851198,-0.0006268705853092378
33.47438752783964,0,0,3,0.4,A,12,0,3,0.4,6.880545781267383e-05,0.02692683874648832,-0.001876433554494095,0.002528924609131817,-0.0006635732294476763
33.87527839643653,0,0,3,0.4,A,12,0,3,0.4,6.880545781267383e-05,0.04463881467497836,-0.001825764928401019,0.002549382899504382,-0.0007359433981995026
34.075723830734965,0,0,3,0.4,A,12,0,3,0.4,6.880545781267383e-05,0.05250692526982106,-0.001800025565781887,0.002558707592939258,-0.0007716175362325619
34.2761692650334,0,0,3,0.4,A,12,0,3,0.4,6.880545781267383e-05,0.0593939996212775,-0.001774034444859228,0.002567463206414442,-0.0008069560749365763
34.47661469933185,0,0,3,0.4,A,12,0,3,0.4,6.880545781267383e-05,0.06503388472164365,-0.001747803609514797,0.002575664281451178,-0.0008419552340206941
34.67706013363029,0,0,3,0.4,A,12,0,3,0.4,6.880545781267383e-05,0.06921354966267768,-0.001721344464331579,0.002583317511881231,-0.0008766054069349854
34.87750556792873,0,0,3,0.4,A,12,0,3,0.4,6.880545781267383e-05,0.07176779989347075,-0.001694663353164993,0.002590421001551056,-0.0009108949147369353
35.07795100222717,0,0,3,0.4,A,12,0,3,0.4,6.880545781267383e-05,0.07256600272474904,-0.001667761133567463,0.002596964596382402,-0.0009448108069874866
35.27839643652561,0,0,3,0.4,A,12,0,3,0.4,6.880545781267383e-05,0.0715910257202116,-0.001640633726237466,0.002602938419497757,-0.0009783461369577877
35.478841870824056,0,0,3,0.4,A,12,0,3,0.4,6.880545781267383e-05,0.06889881637696288,-0.001613273967155401,0.00260833629222977,-0.001011500822334573
35.67928730512249,0,0,3,0.4,A,12,0,3,0.4,6.880545781267383e-05,0.06461902997311957,-0.001585678268711442,0.002613157186623175,-0.001044276594844712
35.87973273942093,0,0,3,0.4,A,12,0,3,0.4,6.880545781267383e-05,0.05896142121766754,-0.001557848224752379,0.002617404966283625,-0.001076675120356706
36.080178173719375,0,0,3,0.4,A,12,0,3,0.4,6.880545781267383e-05,0.05220326387523891,-0.001529788251503609,0.002621086745431286,-0.001108698655517158
36.28062360801782,0,0,3,0.4,A,12,0,3,0.4,6.880545781267383e-05,0.04467367794635715,-0.001501505687178422,0.002624213232408403,-0.001140350375800647
36.48106904231626,0,0,3,0.4,A,12,0,3,0.4,6.880545781267383e-05,0.03674642211987439,-0.001473013888058047,0.002626799804904607,-0.001171632360574064
36.681514476614694,0,0,3,0.4,A,12,0,3,0.4,6.880545781267383e-05,0.02878324444731918,-0.001444327090121187,0.002628867217959318,-0.001202551638705589
36.88195991091314,0,0,3,0.4,A,12,0,3,0.4,6.880545781267383e-05,0.02108734090094885,-0.00141545749398258,0.002630440712468369,-0.001233122233429765
37.08240534521158,0,0,3,0.4,A,12,0,3,0.4,6.880545781267383e-05,0.01386105783473701,-0.001386407346331586,0.002631545626420339,-0.001263368529475754
37.28285077951002,0,0,3,0.4,A,12,0,3,0.4,6.880545781267383e-05,0.007129466475589753,-0.001357166622886894,0.002632204715235167,-0.001293324365023263
37.48329621380846,0,0,3,0.4,A,12,0,3,0.4,6.880545781267383e-05,0.0007340921635266013,-0.001327716830713981,0.002632435142484495,-0.001323025908575282
37.6837416481069,0,0,3,0.4,A,12,0,3,0.4,6.880545781267383e-05,-0.00561547152254466,-0.001298034833047502,0.002632245780578819,-0.001352505332383432
37.88418708240535,0,0,3,0.4,A,12,0,3,0.4,6.880545781267383e-05,-0.01223274558133379,-0.001268095151735331,0.002631633311021914,-0.00138178468976309
38.084632516703785,0,0,3,0.4,A,12,0,3,0.4,6.880545781267383e-05,-0.0193016464964807,-0.001237868817270233,0.002630582511164295,-0.001410877178159975
38.28507795100222,0,0,3,0.4,A,12,0,3,0.4,6.880545781267383e-05,-0.02683833341095651,-0.001207331774612187,0.002629070184314211,-0.001439782868398928
38.48552338530067,0,0,3,0.4,A,12,0,3,0.4,6.880545781267383e-05,-0.03470098835446477,-0.001176466358350844,0.002627069967541494,-0.001468492099840295
38.68596881959911,0,0,3,0.4,A,12,0,3,0.4,6.880545781267383e-05,-0.04260350216567047,-0.001145259082283714,0.002624556748008875,-0.001496992202994062
38.88641425389755,0,0,3,0.4,A,12,0,3,0.4,6.880545781267383e-05,-0.05019370054251402,-0.001113696074824724,0.002621509632654251,-0.001525275147323258
39.086859688195986,0,0,3,0.4,A,12,0,3,0.4,6.880545781267383e-05,-0.05710145178830738,-0.001081765851338675,0.002617912814973401,-0.001553336148106797
39.28730512249443,0,0,3,0.4,A,12,0,3,0.4,6.880545781267383e-05,-0.06296807173101955,-0.001049461210779211,0.002613754831321829,-0.001581171000900992
39.487750556792875,0,0,3,0.4,A,12,0,3,0.4,6.880545781267383e-05,-0.06749828297354728,-0.001016778938147096,0.002609028228731583,-0.001608776144022907
39.68819599109131,0,0,3,0.4,A,12,0,3,0.4,6.880545781267383e-05,-0.07047605320819711,-0.000983717536743138,0.002603729021744521,-0.001636149891930025
39.88864142538975,0,0,3,0.4,A,12,0,3,0.4,6.880545781267383e-05,-0.07174426723359172,-0.0009502759409688239,0.002597856830098568,-0.001663293760845857
40.089086859688194,0,0,3,0.4,A,12,0,3,0.4,6.880545781267383e-05,-0.07124722679504357,-0.0009164564148161202,0.002591414711097728,-0.00169020943637059
40.28953229398664,0,0,3,0.4,A,12,0,3,0.4,6.880545781267383e-05,-0.06900463144552586,-0.0008822619036229479,0.002584409359953483,-0.001716901637246031
40.489977728285076,0,0,3,0.4,A,12,0,3,0.4,6.880545781267383e-05,-0.06509976998663637,-0.0008476993844455819,0.002576849059858275,-0.001743373276030881
40.690423162583514,0,0,3,0.4,A,12,0,3,0.4,6.880545781267383e-05,-0.05969638763905437,-0.000812776397341289,0.002568735414075178,-0.001769621587138654
40.89086859688196,0,0,3,0.4,A,12,0,3,0.4,6.880545781267383e-05,-0.05299583839885921,-0.0007774995837789307,0.002560062993625628,-0.001795639197301461
41.0913140311804,0,0,3,0.4,A,12,0,3,0.4,6.880545781267383e-05,-0.04525732109993056,-0.0007418756418868429,0.002550819478250366,-0.001821413194594051
41.29175946547884,0,0,3,0.4,A,12,0,3,0.4,6.880545781267383e-05,-0.03673714585240411,-0.0007059063884708575,0.002540982522484857,-0.00184692698501192
41.49220489977728,0,0,3,0.4,A,12,0,3,0.4,6.880545781267383e-05,-0.02768248309547941,-0.0006695846251719467,0.002530523560853835,-0.001872167750564128
41.69265033407572,0,0,3,0.4,A,12,0,3,0.4,6.880545781267383e-05,-0.01839990421975035,-0.0006329162825786239,0.002519444711289182,-0.001897136401886892
41.89309576837417,0,0,3,0.4,A,12,0,3,0.4,6.880545781267383e-05,-0.009202440888872544,-0.0005959200671053884,0.002507777044207793,-0.001921845875869283
42.093541202672604,0,0,3,0.4,A,12,0,3,0.4,6.880545781267383e-05,-0.0004393069797486866,-0.000558626915943686,0.00249556308397718,-0.001946304843398017
42.29398663697104,0,0,3,0.4,A,12,0,3,0.4,6.880545781267383e-05,0.007552980171422752,-0.0005210800912126244,0.002482853554728393,-0.001970513149489155
42.494432071269486,0,0,3,0.4,A,12,0,3,0.4,6.880545781267383e-05,0.01447386458176459,-0.0004833246210778895,0.002469708297918025,-0.001994476662053395
42.69487750556793,0,0,3,0.4,A,12,0,3,0.4,6.880545781267383e-05,0.02014674017337055,-0.0004453760908423482,0.002456132431894293,-0.002018189668434803
42.89532293986637,0,0,3,0.4,A,12,0,3,0.4,6.880545781267383e-05,0.02453277791740788,-0.000407220732365727,0.002442067676924838,-0.002041624508160239
43.095768374164805,0,0,3,0.4,A,12,0,3,0.4,6.880545781267383e-05,0.02764391059260608,-0.0003688518038676102,0.002427476096774289,-0.002064763193173952
43.29621380846325,0,0,3,0.4,A,12,0,3,0.4,6.880545781267383e-05,0.02937294813693543,-0.0003303250171028707,0.00241246498755852,-0.002087645019112017
43.496659242761694,0,0,3,0.4,A,12,0,3,0.4,6.880545781267383e-05,0.02956651644336942,-0.0002917298346865162,0.002397192933828383,-0.002110314064118167
43.69710467706013,0,0,3,0.4,A,12,0,3,0.4,6.880545781267383e-05,0.02818145022790591,-0.0002531263737146201,0.002381694766353472,-0.002132731144483184
43.89755011135857,0,0,3,0.4,A,12,0,3,0.4,6.880545781267383e-05,0.02547586043937245,-0.0002144785984131345,0.002365785074232126,-0.002154767524147721
44.097995545657014,0,0,3,0.4,A,12,0,3,0.4,6.880545781267383e-05,0.02190602539925095,-0.0001757078536932175,0.002349246208992443,-0.002176319486191934
44.29844097995546,0,0,3,0.4,A,12,0,3,0.4,6.880545781267383e-05,0.0178407947282752,-0.0001367667376873211,0.002332052535482395,-0.002197430449033206
44.498886414253896,0,0,3,0.4,A,12,0,3,0.4,6.880545781267383e-05,0.01337388121558516,-9.770015568940239e-05,0.002314298724290154,-0.002218139713937298
44.69933184855233,0,0,3,0.4,A,12,0,3,0.4,6.880545781267383e-05,0.00840799498260163,-5.861708234919632e-05,0.002296087118974109,-0.002238410321030747
44.89977728285078,0,0,3,0.4,A,12,0,3,0.4,6.880545781267383e-05,0.002884016606763351,-1.960602589603697e-05,0.00227746028178748,-0.002258177403555233
45.10022271714922,0,0,3,0.4,A,12,0,3,0.4,6.880545781267383e-05,-0.002851314382312054,1.937235775994215e-05,0.002258274485142681,-0.002277344844100829
45.30066815144766,0,0,3,0.4,A,12,0,3,0.4,6.880545781267383e-05,-0.00837618132054877,5.838230382417323e-05,0.002238492593862287,-0.002295954971685483
45.5011135857461,0,0,3,0.4,A,12,0,3,0.4,6.880545781267383e-05,-0.01335171493061885,9.746549406485449e-05,0.002218208032020208,-0.002314151461991376
45.70155902004454,0,0,3,0.4,A,12,0,3,0.4,6.880545781267383e-05,-0.01780179345051946,0.0001365366697143464,0.002197484268294048,-0.002331895519429833
45.902004454342986,0,0,3,0.4,A,12,0,3,0.4,6.880545781267383e-05,-0.02184115200278514,0.0001754834301507479,0.002176361289545201,-0.00234908427142589
46.102449888641424,0,0,3,0.4,A,12,0,3,0.4,6.880545781267383e-05,-0.02537892684735427,0.0002142590142991511,0.002154798792287859,-0.002365619211892374
46.30289532293986,0,0,3,0.4,A,12,0,3,0.4,6.880545781267383e-05,-0.02804524113825107,0.0002529104186020032,0.002132752909493618,-0.00238152434411337
46.503340757238306,0,0,3,0.4,A,12,0,3,0.4,6.880545781267383e-05,-0.02940460521850846,0.0002915193893860754,0.002110324714567532,-0.002397016797205419
46.70378619153675,0,0,3,0.4,A,12,0,3,0.4,6.880545781267383e-05,-0.02920420210980535,0.000330119651141285,0.002087645949472243,-0.002412282954784862
46.90423162583519,0,0,3,0.4,A,12,0,3,0.4,6.880545781267383e-05,-0.02749282001031958,0.0003686516159771479,0.002064760400298138,-0.00242729483505876
47.104677060133625,0,0,3,0.4,A,12,0,3,0.4,6.880545781267383e-05,-0.02444554121212528,0.0004070221904104596,0.002041625373182002,-0.002441892794692962
47.30512249443207,0,0,3,0.4,A,12,0,3,0.4,6.880545781267383e-05,-0.02019105769519851,0.0004451673144902133,0.002018203031616849,-0.002455962019794534
47.505567928730514,0,0,3,0.4,A,12,0,3,0.4,6.880545781267383e-05,-0.01468260042233454,0.0004830961895284973,0.001994505182804053,-0.002469535101259069
47.70601336302895,0,0,3,0.4,A,12,0,3,0.4,6.880545781267383e-05,-0.007928426182907872,0.0005208321800983593,0.001970552642604318,-0.002482672540407368
47.90645879732739,0,0,3,0.4,A,12,0,3,0.4,6.880545781267383e-05,-6.808493289111575e-05,0.0005583656202286602,0.001946351350445879,-0.002495375566076463
48.10690423162583,0,0,3,0.4,A,12,0,3,0.4,6.880545781267383e-05,0.008592921106409772,0.0005956498502987913,0.001921899036257521,-0.002507587034034641
48.30734966592428,0,0,3,0.4,A,12,0,3,0.4,6.880545781267383e-05,0.01771703630102521,0.0006326444924252658,0.001897194556051777,-0.002519258003932557
48.507795100222715,0,0,3,0.4,A,12,0,3,0.4,6.880545781267383e-05,0.02700373436560394,0.0006693244461553848,0.001872228563806903,-0.002530350983883244
48.70824053452115,0,0,3,0.4,A,12,0,3,0.4,6.880545781267383e-05,0.03610207015912575,0.0007056674317218217,0.001846991605610978,-0.002540834870962473
48.9086859688196,0,0,3,0.4,A,12,0,3,0.4,6.880545781267383e-05,0.04467329983413462,0.0007416571263976357,0.001821484734728621,-0.00255069930151725
49.10913140311804,0,0,3,0.4,A,12,0,3,0.4,6.880545781267383e-05,0.05244477442990125,0.00077729536370886,0.001795718826315829,-0.002559965552993929
49.30957683741648,0,0,3,0.4,A,12,0,3,0.4,6.880545781267383e-05,0.05915430233426064,0.0008125837746527537,0.001769705477876713,-0.002568654270400201
49.51002227171492,0,0,3,0.4,A,12,0,3,0.4,6.880545781267383e-05,0.06458248014215667,0.0008475200370065474,0.001743454261812326,-0.002576778635473862
49.71046770601336,0,0,3,0.4,A,12,0,3,0.4,6.880545781267383e-05,0.06851933817310454,0.0008820986261514613,0.001716974118173071,-0.002584346558973221
49.910913140311806,0,0,3,0.4,A,12,0,3,0.4,6.880545781267383e-05,0.07081336371845372,0.0009163123867980316,0.001690271008457657,-0.002591359906627131
50.11135857461024,0,0,3,0.4,A,12,0,3,0.4,6.880545781267383e-05,0.07138897474541417,0.0009501559752862259,0.001663343557190206,-0.002597813561101824
50.31180400890868,0,0,3,0.4,A,12,0,3,0.4,6.880545781267383e-05,0.07023069138748952,0.0009836285984310745,0.001636186493020607,-0.002603702477752386
50.512249443207125,0,0,3,0.4,A,12,0,3,0.4,6.880545781267383e-05,0.06739476662791136,0.001016728590501354,0.001608796980995291,-0.002609023140646125
50.71269487750557,0,0,3,0.4,A,12,0,3,0.4,6.880545781267383e-05,0.06302571191536355,0.001049453025567949,0.001581175879190242,-0.002613774408795768
50.91314031180401,0,0,3,0.4,A,12,0,3,0.4,6.880545781267383e-05,0.05733056232682075,0.001081798834591827,0.001553327137379609,-0.002617958074978888
51.113585746102444,0,0,3,0.4,A,12,0,3,0.4,6.880545781267383e-05,0.05059802675936224,0.001113762783847991,0.001525258785438783,-0.002621579675144499
51.31403118040089,0,0,3,0.4,A,12,0,3,0.4,6.880545781267383e-05,0.0431652206383958,0.001145346708113193,0.001496978352154273,-0.002624648842808166
51.51447661469933,0,0,3,0.4,A,12,0,3,0.4,6.880545781267383e-05,0.03540745264956899,0.001176564462827357,0.00146848663324534,-0.002627179887892071
51.71492204899777,0,0,3,0.4,A,12,0,3,0.4,6.880545781267383e-05,0.02768292052329988,0.001207433686668491,0.001439786689067968,-0.00262919255773906
51.91536748329621,0,0,3,0.4,A,12,0,3,0.4,6.880545781267383e-05,0.02025452746730197,0.001237973537581004,0.00141088423363247,-0.002630710683741171
52.11581291759465,0,0,3,0.4,A,12,0,3,0.4,6.880545781267383e-05,0.0132567917145631,0.001268203033332505,0.001381787612875483,-0.002631760604978432
52.3162583518931,0,0,3,0.4,A,12,0,3,0.4,6.880545781267383e-05,0.006644930561071903,0.001298144680488011,0.00135250045189152,-0.002632367492246515
52.516703786191535,0,0,3,0.4,A,12,0,3,0.4,6.880545781267383e-05,0.0002227874076343698,0.001327826858867121,0.001323014880827966,-0.00263255110808302
52.71714922048997,0,0,3,0.4,A,12,0,3,0.4,6.880545781267383e-05,-0.006296998423445009,0.001357276964897441,0.001293309961852813,-0.002632317659884989
52.91759465478842,0,0,3,0.4,A,12,0,3,0.4,6.880545781267383e-05,-0.01318592798557733,0.001386520775138277,0.001263351203465326,-0.002631658591539019
53.11804008908686,0,0,3,0.4,A,12,0,3,0.4,6.880545781267383e-05,-0.02056431512341313,0.001415578339026922,0.001233098764361537,-0.002630554712425209
53.3184855233853,0,0,3,0.4,A,12,0,3,0.4,6.880545781267383e-05,-0.02839915625239095,0.001444457801428687,0.001202519642115993,-0.002628982243545675
53.518930957683736,0,0,3,0.4,A,12,0,3,0.4,6.880545781267383e-05,-0.03650307058225109,0.001473150463569438,0.001171596588520291,-0.002626916461313838
53.71937639198218,0,0,3,0.4,A,12,0,3,0.4,6.880545781267383e-05,-0.04458969765976151,0.001501641871268951,0.001140319510270028,-0.002624333668922757
53.919821826280625,0,0,3,0.4,A,12,0,3,0.4,6.880545781267383e-05,-0.05232112349059128,0.00152991860583541,0.001108681380295676,-0.002621213900566037
54.12026726057906,0,0,3,0.4,A,12,0,3,0.4,6.880545781267383e-05,-0.05930390431161563,0.001557971119920985,0.00107667603471033,-0.002617541643634879
54.3207126948775,0,0,3,0.4,A,12,0,3,0.4,6.880545781267383e-05,-0.06519211430699247,0.001585795297621875,0.001044296320641286,-0.002613305503746243
54.521158129175944,0,0,3,0.4,A,12,0,3,0.4,6.880545781267383e-05,-0.06968334923625118,0.001613389468206328,0.001011536631191665,-0.002608497844092482
54.72160356347439,0,0,3,0.4,A,12,0,3,0.4,6.880545781267383e-05,-0.07255809808178372,0.001640754150147613,0.000978392823284397,-0.002603114411101033
54.922048997772826,0,0,3,0.4,A,12,0,3,0.4,6.880545781267383e-05,-0.07368394070298132,0.001667889098366414,0.0009448655091064631,-0.002597154812999878
55.122494432071264,0,0,3,0.4,A,12,0,3,0.4,6.880545781267383e-05,-0.0730052713615601,0.001694796374669113,0.0009109567909668631,-0.002590622254236974
55.32293986636971,0,0,3,0.4,A,12,0,3,0.4,6.880545781267383e-05,-0.07054571388923045,0.00172147745354067,0.0008766725180647591,-0.002583522949748291
55.52338530066815,0,0,3,0.4,A,12,0,3,0.4,6.880545781267383e-05,-0.06640563353793387,0.001747933375306248,0.0008420195446940964,-0.002575863026709382
55.72383073496659,0,0,3,0.4,A,12,0,3,0.4,6.880545781267383e-05,-0.06074297144250145,0.001774161112791519,0.0008070027154719395,-0.002567640994313529
55.92427616926503,0,0,3,0.4,A,12,0,3,0.4,6.880545781267383e-05,-0.05374410960419476,0.001800152127807654,0.0007716259915346543,-0.002558847723532972
56.12472160356347,0,0,3,0.4,A,12,0,3,0.4,6.880545781267383e-05,-0.04565651826797194,0.001825894783103244,0.0007358926378216093,-0.002549468733256887
56.32516703786192,0,0,3,0.4,A,12,0,3,0.4,6.880545781267383e-05,-0.03674694277518498,0.001851376653092473,0.0006998027556987551,-0.002539483884222626
56.525612472160354,0,0,3,0.4,A,12,0,3,0.4,6.880545781267383e-05,-0.02727716590132959,0.001876587165918983,0.0006633546820983135,-0.002528872378097089
56.72605790645879,0,0,3,0.4,A,12,0,3,0.4,6.880545781267383e-05,-0.01760573361868916,0.001901528955688553,0.0006265623291409738,-0.002517646561397363
56.926503340757236,0,0,3,0.4,A,12,0,3,0.4,6.880545781267383e-05,-0.008069211362984847,0.001926212745042681,0.0005894502769387687,-0.002505841389471021
57.12694877505568,0,0,3,0.4,A,12,0,3,0.4,6.880545781267383e-05,0.0009423197057874996,0.001950640147625545,0.0005520603559118322,-0.002493503786960583
57.32739420935412,0,0,3,0.4,A,12,0,3,0.4,6.880545781267383e-05,0.009027339293737276,0.001974810707552985,0.0005144416665332797,-0.002480690377159944
57.728285077951,0,0,3,0.4,A,12,0,3,0.4,6.880545781267383e-05,0.02145049806728649,0.002022387726720291,0.000438644843108674,-0.002453783630042943
57.928730512249444,0,0,3,0.4,A,12,0,3,0.4,6.880545781267383e-05,0.02562406802039096,0.002045764751388774,0.0004004478462109342,-0.002439616994095365
57.527839643652555,0,0,3,0.4,A,12,0,3,0.4,6.880545781267383e-05,0.01591039109763725,0.001998728648766122,0.0004766364229042236,-0.002467454892529009
58.12917594654788,0,0,3,0.4,A,12,0,3,0.4,6.880545781267383e-05,0.02844491804808822,0.00206885208931854,0.0003620476388632072,-0.002424941285267053
58.32962138084632,0,0,3,0.4,A,12,0,3,0.4,6.880545781267383e-05,0.02979416970657552,0.002091696860784671,0.0003235100503573376,-0.002409885523420749
58.73051224944321,0,0,3,0.4,A,12,0,3,0.4,6.880545781267383e-05,0.02782814816598474,0.002136699628710846,0.0002463204721614282,-0.002379054802500026
58.930957683741646,0,0,3,0.4,A,12,0,3,0.4,6.880545781267383e-05,0.02493222360965898,0.002158661398036683,0.0002076528219339027,-0.002363050483656193
58.530066815144764,0,0,3,0.4,A,12,0,3,0.4,6.880545781267383e-05,0.02956182707014133,0.002114333434649564,0.0002849230269978692,-0.002394597313170597
59.13140311804008,0,0,3,0.4,A,12,0,3,0.4,6.880545781267383e-05,0.02133285432714739,0.002180139317527948,0.0001688348242402805,-0.002346383803785501
59.33184855233853,0,0,3,0.4,A,12,0,3,0.4,6.880545781267383e-05,0.01731082359333582,0.00220119336845536,0.0001298411372166627,-0.002329074126635667
59.53229398663697,0,0,3,0.4,A,12,0,3,0.4,6.880545781267383e-05,0.01287513324654219,0.002221844066647353,9.07403354258096e-05,-0.002311226533711648
59.73273942093541,0,0,3,0.4,A,12,0,3,0.4,6.880545781267383e-05,0.007887767172942784,0.002242045581927301,5.165185190143156e-05,-0.002292945335657638
60.334075723830736,0,0,3,0.4,A,12,0,3,0.4,6.880545781267383e-05,-0.00873443512825019,0.002299317953492817,-6.535359092011024e-05,-0.002235074751217209
59.93318485523385,0,0,3,0.4,A,12,0,3,0.4,6.880545781267383e-05,0.002374806973372843,0.002261721637789354,1.264279077947889e-05,-0.002274233793929629
60.13363028953229,0,0,3,0.4,A,12,0,3,0.4,6.880545781267383e-05,-0.003299798184131575,0.002280786017551559,-2.633760491639993e-05,-0.002254943563955684
60.534521158129174,0,0,3,0.4,A,12,0,3,0.4,6.880545781267383e-05,-0.01363738389866324,0.002317444063769251,-0.0001044284739518251,-0.002214726076235519
60.73496659242761,0,0,3,0.4,A,12,0,3,0.4,6.880545781267383e-05,-0.01805970338109876,0.002335100055603021,-0.0001434645344082163,-0.002193953544732586
60.935412026726056,0,0,3,0.4,A,12,0,3,0.4,6.880545781267383e-05,-0.0220646939993009,0.002352184295925085,-0.0001823622770635141,-0.002172784080075071
61.1358574610245,0,0,3,0.4,A,12,0,3,0.4,6.880545781267383e-05,-0.02550403330701514,0.002368603497215815,-0.0002210956187680132,-0.002151156130685209
61.33630289532294,0,0,3,0.4,A,12,0,3,0.4,6.880545781267383e-05,-0.0279667146351931,0.002384429362289097,-0.0002597298400053462,-0.002129049242764191
61.536748329621375,0,0,3,0.4,A,12,0,3,0.4,6.880545781267383e-05,-0.02905596842779775,0.002399884889840577,-0.0002983368747066287,-0.002106581787174492
61.73719376391982,0,0,3,0.4,A,12,0,3,0.4,6.880545781267383e-05,-0.02856714614127651,0.002415126649911558,-0.0003369341399434681,-0.002083876024136436
61.937639198218264,0,0,3,0.4,A,12,0,3,0.4,6.880545781267383e-05,-0.02661519147689596,0.00243007328345072,-0.0003754384188732261,-0.002060952439358784
62.1380846325167,0,0,3,0.4,A,12,0,3,0.4,6.880545781267383e-05,-0.02335508101373331,0.002444565648207499,-0.0004137603710364339,-0.002037764291280169
62.33853006681514,0,0,3,0.4,A,12,0,3,0.4,6.880545781267383e-05,-0.01884550911474827,0.002458521500628576,-0.0004518558329681832,-0.002014281690119078
62.53897550111358,0,0,3,0.4,A,12,0,3,0.4,6.880545781267383e-05,-0.01303391033239874,0.002471996752677941,-0.0004897443547989542,-0.001990525805128116
62.73942093541203,0,0,3,0.4,A,12,0,3,0.4,6.880545781267383e-05,-0.005935798672687336,0.002485048678120415,-0.0005274458811705366,-0.001966518706560903
63.34075723830735,0,0,3,0.4,A,12,0,3,0.4,6.880545781267383e-05,0.02046054074918251,0.002521333409121394,-0.0006391062048658569,-0.001893006384807754
62.939866369710465,0,0,3,0.4,A,12,0,3,0.4,6.880545781267383e-05,0.002247586080549798,0.002497662008609254,-0.0005649404299935504,-0.001942263738425859
63.1403118040089,0,0,3,0.4,A,12,0,3,0.4,6.880545781267383e-05,0.01118265566534114,0.002509775792486675,-0.0006021770873888364,-0.001917759751007577
63.54120267260579,0,0,3,0.4,A,12,0,3,0.4,6.880545781267383e-05,0.02971882875531213,0.002532292576480264,-0.0006756985359293499,-0.001867992833599306
63.74164810690423,0,0,3,0.4,A,12,0,3,0.4,6.880545781267383e-05,0.03868630609459327,0.002542631492342911,-0.0007119459856978012,-0.001842704504553713
63.94209354120267,0,0,3,0.4,A,12,0,3,0.4,6.880545781267383e-05,0.04708275074127992,0.002552358145889387,-0.0007478510875797632,-0.001817141358732567
64.14253897550111,0,0,3,0.4,A,12,0,3,0.4,6.880545781267383e-05,0.05464718590087262,0.002561500061408927,-0.0007834193532403085,-0.0017913169266786
64.34298440979956,0,0,3,0.4,A,12,0,3,0.4,6.880545781267383e-05,0.06114305807743875,0.002570077987611201,-0.0008186506699036022,-0.001765244892598902
64.543429844098,0,0,3,0.4,A,12,0,3,0.4,6.880545781267383e-05,0.06631698435420752,0.002578103082352732,-0.0008535390945034679,-0.001738936647869839
64.74387527839643,0,0,3,0.4,A,12,0,3,0.4,6.880545781267383e-05,0.06996059796247482,0.002585579037743163,-0.0008880731431126756,-0.001712403014819
64.94432071269487,0,0,3,0.4,A,12,0,3,0.4,6.880545781267383e-05,0.07193019514529492,0.002592500678941417,-0.0009222409520480735,-0.001685647717404001
65.14476614699332,0,0,3,0.4,A,12,0,3,0.4,6.880545781267383e-05,0.07212307931488009,0.002598857704043976,-0.0009560308419986997,-0.001658670520689267
65.34521158129175,0,0,3,0.4,A,12,0,3,0.4,6.880545781267383e-05,0.07054599038100871,0.002604641901299967,-0.0009894389675799706,-0.001631465894775806
65.5456570155902,0,0,3,0.4,A,12,0,3,0.4,6.880545781267383e-05,0.06729206187168978,0.002609849064185646,-0.001022466774893647,-0.001604027184408133
65.74610244988864,0,0,3,0.4,A,12,0,3,0.4,6.880545781267383e-05,0.06251169280515755,0.002614479894997554,-0.001055116020753782,-0.001576352557572626
65.94654788418708,0,0,3,0.4,A,12,0,3,0.4,6.880545781267383e-05,0.0564329306330614,0.002618539722604667,-0.001087388021727545,-0.001548445477967607
66.14699331848553,0,0,3,0.4,A,12,0,3,0.4,6.880545781267383e-05,0.04935961826450602,0.00262203682644428,-0.001119284106504422,-0.001520312458653308
66.34743875278396,0,0,3,0.4,A,12,0,3,0.4,6.880545781267383e-05,0.04162809494756638,0.002624983509640382,-0.001150804065760993,-0.001491965713883452
66.5478841870824,0,0,3,0.4,A,12,0,3,0.4,6.880545781267383e-05,0.03360217775005427,0.002627396939388737,-0.001181948559004844,-0.00146342201524716
66.74832962138085,0,0,3,0.4,A,12,0,3,0.4,6.880545781267383e-05,0.02564575911961235,0.00262929894593844,-0.001212729802268904,-0.001434691956225594
66.94877505567928,0,0,3,0.4,A,12,0,3,0.4,6.880545781267383e-05,0.0180550661949808,0.00263071428454643,-0.001243173862131965,-0.001405775510636661
67.14922048997772,0,0,3,0.4,A,12,0,3,0.4,6.880545781267383e-05,0.01098568668683312,0.002631667595491475,-0.00127331569662974,-0.001376663470755971
67.34966592427617,0,0,3,0.4,A,12,0,3,0.4,6.880545781267383e-05,0.004412452307646743,0.00263218076705856,-0.0013031883852086,-0.001347345512509704
67.55011135857461,0,0,3,0.4,A,12,0,3,0.4,6.880545781267383e-05,-0.001922339257320475,0.002632269342094109,-0.001332817286387269,-0.001317812501271756
67.75055679287306,0,0,3,0.4,A,12,0,3,0.4,6.880545781267383e-05,-0.00833947474614604,0.002631938097054318,-0.001362225625083952,-0.001288046295768169
67.95100222717149,0,0,3,0.4,A,12,0,3,0.4,6.880545781267383e-05,-0.01511449787363161,0.002631179105037618,-0.001391430978495857,-0.001258021117653986
68.15144766146993,0,0,3,0.4,A,12,0,3,0.4,6.880545781267383e-05,-0.02238752833863718,0.002629973598082813,-0.001420445728470458,-0.001227705007432672
68.35189309576838,0,0,3,0.4,A,12,0,3,0.4,6.880545781267383e-05,-0.03007747501346847,0.00262829728325206,-0.001449277797967345,-0.001197064579902279
68.5523385300668,0,0,3,0.4,A,12,0,3,0.4,6.880545781267383e-05,-0.03796911784911219,0.002626124471493586,-0.00147792535011233,-0.001166074661809452
68.75278396436525,0,0,3,0.4,A,12,0,3,0.4,6.880545781267383e-05,-0.04576280700234612,0.00262343204506387,-0.001506373602293921,-0.001134725782417074
68.9532293986637,0,0,3,0.4,A,12,0,3,0.4,6.880545781267383e-05,-0.05311587650160502,0.002620200500434413,-0.001534604153509575,-0.001103016348888403
69.15367483296214,0,0,3,0.4,A,12,0,3,0.4,6.880545781267383e-05,-0.05967580959858028,0.002616415074285183,-0.001562603978045917,-0.001070944738023301
69.35412026726058,0,0,3,0.4,A,12,0,3,0.4,6.880545781267383e-05,-0.06510254221365074,0.002612065301433241,-0.00159036983004516,-0.001038504061095369
69.55456570155901,0,0,3,0.4,A,12,0,3,0.4,6.880545781267383e-05,-0.06911064316762447,0.002607144991838293,-0.001617902539063694,-0.001005687756316528
69.75501113585746,0,0,3,0.4,A,12,0,3,0.4,6.880545781267383e-05,-0.07149741107979539,0.002601651168317744,-0.001645203798030957,-0.000972491841262843
69.9554565701559,0,0,3,0.4,A,12,0,3,0.4,6.880545781267383e-05,-0.07214695845038042,0.002595584449202589,-0.001672275163052086,-0.0009389162081720509
70.15590200445433,0,0,3,0.4,A,12,0,3,0.4,6.880545781267383e-05,-0.07102424593735296,0.002588949069959395,-0.001699119256504678,-0.0009049633980525477
70.35634743875278,0,0,3,0.4,A,12,0,3,0.4,6.880545781267383e-05,-0.0681708529081817,0.002581752589947621,-0.00172574069016298,-0.0008706375095275619
70.55679287305122,0,0,3,0.4,A,12,0,3,0.4,6.880545781267383e-05,-0.06371053755060177,0.002574001280417139,-0.001752140639807149,-0.000835945761568927
70.75723830734967,0,0,3,0.4,A,12,0,3,0.4,6.880545781267383e-05,-0.05781263730271341,0.002565694122151025,-0.001778314237541592,-0.0008008957394522605
70.95768374164811,0,0,3,0.4,A,12,0,3,0.4,6.880545781267383e-05,-0.05070409685707657,0.002556823897576551,-0.001804252818262448,-0.0007654939860682497
71.15812917594654,0,0,3,0.4,A,12,0,3,0.4,6.880545781267383e-05,-0.04264769678953505,0.002547375399838825,-0.001829941125738293,-0.0007297470677023858
71.35857461024499,0,0,3,0.4,A,12,0,3,0.4,6.880545781267383e-05,-0.03390040590942828,0.002537323081250439,-0.00185536351194945,-0.0006936531355752678
71.55902004454343,0,0,3,0.4,A,12,0,3,0.4,6.880545781267383e-05,-0.02471507946007736,0.002526644766100486,-0.001880510771877713,-0.000657206988630147
71.75946547884186,0,0,3,0.4,A,12,0,3,0.4,6.880545781267383e-05,-0.01540972868671136,0.002515356065772772,-0.001905389650609795,-0.0006204204527943119
71.9599109131403,0,0,3,0.4,A,12,0,3,0.4,6.880545781267383e-05,-0.006301347852048495,0.002503493550520783,-0.001930013932889718,-0.0005833158637308115
72.16035634743875,0,0,3,0.4,A,12,0,3,0.4,6.880545781267383e-05,0.002251261739974081,0.00249110335136065,-0.001954388160587493,-0.0005459299659339435
72.3608017817372,0,0,3,0.4,A,12,0,3,0.4,6.880545781267383e-05,0.009924394929995457,0.002478241094039697,-0.001978513340502702,-0.0005083084997230745
72.76169265033407,0,0,3,0.4,A,12,0,3,0.4,6.880545781267383e-05,0.0217014404626015,0.002451226456427864,-0.002026017629799361,-0.0004324762629667468
72.56124721603564,0,0,3,0.4,A,12,0,3,0.4,6.880545781267383e-05,0.01644879302738071,0.002464956840644789,-0.002002395092002629,-0.0004704898553278
72.96213808463251,0,0,3,0.4,A,12,0,3,0.4,6.880545781267383e-05,0.02568277372839445,0.002436985136451958,-0.002049352002907551,-0.0003942499892621251
73.16258351893096,0,0,3,0.4,A,12,0,3,0.4,6.880545781267383e-05,0.02835508981797123,0.002422242184079579,-0.002072399428751764,-0.0003558240827614068
73.36302895322939,0,0,3,0.4,A,12,0,3,0.4,6.880545781267383e-05,0.0296125476490257,0.002407133926595517,-0.002095209032262585,-0.000317267810785575
73.56347438752783,0,0,3,0.4,A,12,0,3,0.4,6.880545781267383e-05,0.02928083204617263,0.0023918021311674,-0.002117804919037753,-0.00027867322357174
73.76391982182628,0,0,3,0.4,A,12,0,3,0.4,6.880545781267383e-05,0.02743745206434379,0.002376190561629863,-0.00214010866085941,-0.0002400623948333828
73.96436525612472,0,0,3,0.4,A,12,0,3,0.4,6.880545781267383e-05,0.02441941484255843,0.002360087676801989,-0.00216198500040462,-0.0002013849634593349
74.16481069042317,0,0,3,0.4,A,12,0,3,0.4,6.880545781267383e-05,0.02067281699010392,0.002343316949914874,-0.002183375032855028,-0.0001625586825129021
74.3652561247216,0,0,3,0.4,A,12,0,3,0.4,6.880545781267383e-05,0.01649607211544939,0.002325924575349108,-0.002204350800495795,-0.0001235677968250386
74.56570155902004,0,0,3,0.4,A,12,0,3,0.4,6.880545781267383e-05,0.01189649002681264,0.00230800835771049,-0.002224917295676944,-8.448519840865217e-05
74.76614699331849,0,0,3,0.4,A,12,0,3,0.4,6.880545781267383e-05,0.006721941483501127,0.00228967124111619,-0.002245028264458539,-4.543005942283162e-05
74.96659242761692,0,0,3,0.4,A,12,0,3,0.4,6.880545781267383e-05,0.001075562414547911,0.002270881925003422,-0.002264603115408324,-6.444195454716087e-06
75.16703786191536,0,0,3,0.4,A,12,0,3,0.4,6.880545781267383e-05,-0.00463446626122977,0.002251495321722919,-0.002283569838007626,3.253358459215274e-05
75.56792873051225,0,0,3,0.4,A,12,0,3,0.4,6.880545781267383e-05,-0.0147806219550409,0.002211110042838655,-0.002320100480042779,0.0001106610696768037
75.3674832962138,0,0,3,0.4,A,12,0,3,0.4,6.880545781267383e-05,-0.01000759083835189,0.002231540435163862,-0.002302035475003187,7.156667465742998e-05
75.7683741648107,0,0,3,0.4,A,12,0,3,0.4,6.880545781267383e-05,-0.01908896739959292,0.002190256270177846,-0.002337674153685667,0.0001497002764472918
75.96881959910912,0,0,3,0.4,A,12,0,3,0.4,6.880545781267383e-05,-0.02300355465696049,0.002169004208133714,-0.002354657728779393,0.0001885868877665462
76.16926503340757,0,0,3,0.4,A,12,0,3,0.4,6.880545781267383e-05,-0.0263102999740437,0.002147285078417348,-0.002370968117235158,0.0002273074477806278
76.36971046770601,0,0,3,0.4,A,12,0,3,0.4,6.880545781267383e-05,-0.0285848218002594,0.002125103050720311,-0.002386714834025356,0.0002659366875184137
76.97104677060133,0,0,3,0.4,A,12,0,3,0.4,6.880545781267383e-05,-0.02649674870350331,0.002056892607886566,-0.002432232050393111,0.0003816224816991433
76.57015590200444,0,0,3,0.4,A,12,0,3,0.4,6.880545781267383e-05,-0.02943532055664828,0.002102585883297473,-0.002402125867481648,0.0003045438535195023
77.17149220489978,0,0,3,0.4,A,12,0,3,0.4,6.880545781267383e-05,-0.02303344676644821,0.002033666810443676,-0.002446655839977873,0.0004199167242326841
76.77060133630289,0,0,3,0.4,A,12,0,3,0.4,6.880545781267383e-05,-0.02868622779389206,0.002079848437888646,-0.002417334837243146,0.0003431353892008459
77.37193763919822,0,0,3,0.4,A,12,0,3,0.4,6.880545781267383e-05,-0.01835118663256872,0.002010151448405965,-0.002460545183603989,0.0004579807591325463
77.57238307349665,0,0,3,0.4,A,12,0,3,0.4,6.880545781267383e-05,-0.0123984611188902,0.001986369529843233,-0.002473966519818932,0.0004958412411422482
78.17371937639197,0,0,3,0.4,A,12,0,3,0.4,6.880545781267383e-05,0.01190897807321733,0.001913536716627105,-0.002511575990196818,0.0006081694816479956
78.37416481069042,0,0,3,0.4,A,12,0,3,0.4,6.880545781267383e-05,0.02116441548419125,0.001888751407638279,-0.00252306401677824,0.0006450633024545674
78.57461024498886,0,0,3,0.4,A,12,0,3,0.4,6.880545781267383e-05,0.03045645307944166,0.001863699171656591,-0.002533958352320113,0.0006816330307267968
77.97327394209354,0,0,3,0.4,A,12,0,3,0.4,6.880545781267383e-05,0.003012627774081312,0.001938065198081274,-0.002499529353606382,0.0005709746301722347
78.7750556792873,0,0,3,0.4,A,12,0,3,0.4,6.880545781267383e-05,0.0394336320527581,0.001838372664933705,-0.002544231551526688,0.0007178567328382807
77.7728285077951,0,0,3,0.4,A,12,0,3,0.4,6.880545781267383e-05,-0.00520174435390329,0.001962341520724765,-0.00248697182679633,0.0005335152866438342
78.97550111358575,0,0,3,0.4,A,12,0,3,0.4,6.880545781267383e-05,0.04777717911514283,0.001812778527959543,-0.002553889021873939,0.0007537262966021597
79.17594654788418,0,0,3,0.4,A,12,0,3,0.4,6.880545781267383e-05,0.05522877075148034,0.001786929188233648,-0.002562956737593805,0.0007892464585797455
79.37639198218262,0,0,3,0.4,A,12,0,3,0.4,6.880545781267383e-05,0.06154355680627939,0.001760835684434661,-0.002571454148141407,0.0008244185731994604
79.57683741648107,0,0,3,0.4,A,12,0,3,0.4,6.880545781267383e-05,0.06649062209849099,0.001734507695989563,-0.002579392681912543,0.0008592387956267197
79.7772828507795,0,0,3,0.4,A,12,0,3,0.4,6.880545781267383e-05,0.06989677310248842,0.001707954179322389,-0.002586778622139062,0.0008937004419810854
79.97772828507794,0,0,3,0.4,A,12,0,3,0.4,6.880545781267383e-05,0.07162390276031572,0.001681178209425495,-0.002593609995962844,0.0009277959934245344
80.17817371937639,0,0,3,0.4,A,12,0,3,0.4,6.880545781267383e-05,0.07161965505241859,0.001654176252609825,-0.002599880042347753,0.0009615210869283054
80.37861915367483,0,0,3,0.4,A,12,0,3,0.4,6.880545781267383e-05,0.06990067478243916,0.001626942701869174,-0.002605583819557056,0.0009948754689859392
80.57906458797328,0,0,3,0.4,A,12,0,3,0.4,6.880545781267383e-05,0.06654773463320056,0.001599475448458434,-0.00261071826447262,0.001027857213397827
80.77951002227171,0,0,3,0.4,A,12,0,3,0.4,6.880545781267383e-05,0.06173485474983007,0.001571775939554566,-0.002615283170745986,0.00106046385133202
80.97995545657015,0,0,3,0.4,A,12,0,3,0.4,6.880545781267383e-05,0.05570149772013373,0.001543845987064961,-0.002619281653631322,0.001092696008167815
81.1804008908686,0,0,3,0.4,A,12,0,3,0.4,6.880545781267383e-05,0.04875939595104646,0.001515690183603975,-0.002622720567790657,0.001124555486184402
81.38084632516703,0,0,3,0.4,A,12,0,3,0.4,6.880545781267383e-05,0.04126752899244522,0.001487315660748741,-0.002625611585933488,0.001156046656185909
81.58129175946547,0,0,3,0.4,A,12,0,3,0.4,6.880545781267383e-05,0.03356578197203684,0.001458733159333822,-0.0026279711707308,0.001187175442543942
81.78173719376392,0,0,3,0.4,A,12,0,3,0.4,6.880545781267383e-05,0.02596377095285496,0.001429956681061652,-0.002629821090502978,0.001217950243855213
81.98218262806236,0,0,3,0.4,A,12,0,3,0.4,6.880545781267383e-05,0.01867483139865393,0.001400996515362134,-0.002631186327773017,0.001248386926485062
82.1826280623608,0,0,3,0.4,A,12,0,3,0.4,6.880545781267383e-05,0.01179181253492409,0.001371854983268253,-0.002632092449068894,0.001278510050115429
82.38307349665924,0,0,3,0.4,A,12,0,3,0.4,6.880545781267383e-05,0.005237582951248782,0.001342522270288079,-0.002632563460258979,0.001308354429275883
82.58351893095768,0,0,3,0.4,A,12,0,3,0.4,6.880545781267383e-05,-0.001192096002143443,0.001312976451593353,-0.002632615092868761,0.001337958117770072
82.78396436525613,0,0,3,0.4,A,12,0,3,0.4,6.880545781267383e-05,-0.007794005492232781,0.001283190541404313,-0.002632249022759756,0.001367349734040839
82.98440979955456,0,0,3,0.4,A,12,0,3,0.4,6.880545781267383e-05,-0.01481311198128797,0.001253135048280297,-0.002631452448892069,0.001396545431340534
83.184855233853,0,0,3,0.4,A,12,0,3,0.4,6.880545781267383e-05,-0.02234271187536819,0.001222781611729641,-0.00263020350077238,0.001425550918991081
83.38530066815144,0,0,3,0.4,A,12,0,3,0.4,6.880545781267383e-05,-0.0303164570539891,0.001192107736141966,-0.002628477378875237,0.001454363034265766
83.58574610244989,0,0,3,0.4,A,12,0,3,0.4,6.880545781267383e-05,-0.03850378749015915,0.001161100652373869,-0.002626249166006237,0.001482968754240858
83.78619153674833,0,0,3,0.4,A,12,0,3,0.4,6.880545781267383e-05,-0.04657948090936339,0.001129741211594081,-0.002623496159580189,0.001511363436553338
83.98663697104676,0,0,3,0.4,A,12,0,3,0.4,6.880545781267383e-05,-0.05416131154586314,0.001098013170490561,-0.002620200162200975,0.001539544394831363
84.18708240534521,0,0,3,0.4,A,12,0,3,0.4,6.880545781267383e-05,-0.0608503246103099,0.001065905308915187,-0.002616347206709216,0.001567508684246704
84.38752783964365,0,0,3,0.4,A,12,0,3,0.4,6.880545781267383e-05,-0.06632560383801502,0.001033413946706959,-0.002611927078005083,0.001595250089784811
84.58797327394208,0,0,3,0.4,A,12,0,3,0.4,6.880545781267383e-05,-0.07032353611354476,0.001000538964671458,-0.002606932901859188,0.001622762609367355
84.78841870824053,0,0,3,0.4,A,12,0,3,0.4,6.880545781267383e-05,-0.07265228336579005,0.0009672787760477555,-0.002601361521804223,0.001650045412658827
84.98886414253897,0,0,3,0.4,A,12,0,3,0.4,6.880545781267383e-05,-0.07320358838008324,0.0009336345484724493,-0.002595213817297763,0.001677099031797785
85.18930957683742,0,0,3,0.4,A,12,0,3,0.4,6.880545781267383e-05,-0.07195199492355966,0.0008996089083431622,-0.002588494525356284,0.001703926468372064
85.38975501113586,0,0,3,0.4,A,12,0,3,0.4,6.880545781267383e-05,-0.06894074100098288,0.0008652091280332152,-0.002581211533765851,0.001730529409259503
85.59020044543429,0,0,3,0.4,A,12,0,3,0.4,6.880545781267383e-05,-0.06430039295566539,0.0008304422704440309,-0.002573370187840202,0.001756908263410786
85.79064587973274,0,0,3,0.4,A,12,0,3,0.4,6.880545781267383e-05,-0.058194030645018,0.0007953132064966093,-0.002564966318709293,0.001783057750483439
85.99109131403118,0,0,3,0.4,A,12,0,3,0.4,6.880545781267383e-05,-0.05083233583914409,0.000759825984540563,-0.002555989072444257,0.001808968172564644
86.19153674832961,0,0,3,0.4,A,12,0,3,0.4,6.880545781267383e-05,-0.04246401004773617,0.000723982474777154,-0.002546420563292462,0.001834626581112251
86.39198218262806,0,0,3,0.4,A,12,0,3,0.4,6.880545781267383e-05,-0.03335615481980937,0.0006877802665292854,-0.002536236550561879,0.001860019776412044
86.5924276169265,0,0,3,0.4,A,12,0,3,0.4,6.880545781267383e-05,-0.0238081658847806,0.0006512206619438171,-0.002525422418331436,0.001885139778760135
86.79287305122494,0,0,3,0.4,A,12,0,3,0.4,6.880545781267383e-05,-0.01414861478850937,0.0006143208492609171,-0.002514000193581286,0.001909993960849331
86.99331848552339,0,0,3,0.4,A,12,0,3,0.4,6.880545781267383e-05,-0.004755089093058692,0.0005771112947896937,-0.002502009624510567,0.001934590828456626
87.19376391982182,0,0,3,0.4,A,12,0,3,0.4,6.880545781267383e-05,0.00397414391325951,0.0005396382751865705,-0.002489502442605231,0.001958930639428901
87.39420935412026,0,0,3,0.4,A,12,0,3,0.4,6.880545781267383e-05,0.01168132245380437,0.0005019521737804214,-0.002476539529523574,0.00198301482810072
87.59465478841871,0,0,3,0.4,A,12,0,3,0.4,6.880545781267383e-05,0.01810193686891864,0.0004640871136539568,-0.002463165522949447,0.002006849453633957
87.79510022271714,0,0,3,0.4,A,12,0,3,0.4,6.880545781267383e-05,0.02315253737114776,0.0004260330706714515,-0.002449345337492471,0.002030422031790775
87.99554565701558,0,0,3,0.4,A,12,0,3,0.4,6.880545781267383e-05,0.02684900069874561,0.0003877685114520212,-0.002435012498796188,0.002053705349960067
88.19599109131403,0,0,3,0.4,A,12,0,3,0.4,6.880545781267383e-05,0.02916522309383313,0.0003493129563847238,-0.002420194316134174,0.002076708342865499
88.39643652561247,0,0,3,0.4,A,12,0,3,0.4,6.880545781267383e-05,0.02998407138702281,0.0003107426574309437,-0.002405038299387185,0.002099482058031736
88.59688195991092,0,0,3,0.4,A,12,0,3,0.4,6.880545781267383e-05,0.02920379286485158,0.000272147008104149,-0.00238967225466155,0.002122039064238221
88.79732739420935,0,0,3,0.4,A,12,0,3,0.4,6.880545781267383e-05,0.02700427019708462,0.0002335288791262623,-0.002373999532965311,0.002144285025536511
88.99777282850779,0,0,3,0.4,A,12,0,3,0.4,6.880545781267383e-05,0.02377170298495343,0.0001948245202834072,-0.002357796351603235,0.002166088645729664
89.19821826280624,0,0,3,0.4,A,12,0,3,0.4,6.880545781267383e-05,0.01996693261572265,0.0001559494940202643,-0.002340913747907727,0.002187420722984283
89.39866369710467,0,0,3,0.4,A,12,0,3,0.4,6.880545781267383e-05,0.01577940174131632,0.000116909625058183,-0.002323422130631794,0.002208350532350936
89.59910913140311,0,0,3,0.4,A,12,0,3,0.4,6.880545781267383e-05,0.0111615951280576,7.779691437868148e-05,-0.00230541795223626,0.002228859290081023
89.79955456570156,0,0,3,0.4,A,12,0,3,0.4,6.880545781267383e-05,0.00597601928384557,3.873031670400086e-05,-0.002287000023497755,0.002248897246638163
90.0,0,0,3,0.4,A,12,0,3,0.4,6.880545781267383e-05,0.0003699672443730499,-2.631878025297334e-07,-0.002268108231785285,0.002268373730467435
