degmech,irms,degel,magnet_depth,i,magnet_width,magarea,torque_airgap,flux_a,flux_b,flux_c
0.0,0,0,3.2,12,9.13625917129201,5.84720586962689e-05,1.744758707495457e-05,1.832890655692596e-06,-0.001846334218908016,0.00184450882098648
0.20044543429844097,0,0,3.2,12,9.13625917129201,5.84720586962689e-05,5.225657129068391e-06,-3.182280783736247e-05,-0.001829493362456472,0.001861316007929866
0.40089086859688194,0,0,3.2,12,9.13625917129201,5.84720586962689e-05,4.113577522559208e-05,-6.549648336103534e-05,-0.001812603604819348,0.001878090451810556
0.6013363028953229,0,0,3.2,12,9.13625917129201,5.84720586962689e-05,0.0001857748541673657,-9.921396100074731e-05,-0.001795651115122089,0.001894841174466234
0.8017817371937639,0,0,3.2,12,9.13625917129201,5.84720586962689e-05,0.0004289771465772078,-0.0001329326240900614,-0.001778651252935705,0.001911543409923268
1.0022271714922049,0,0,3.2,12,9.13625917129201,5.84720586962689e-05,0.0007856903710468791,-0.000166630129707061,-0.001761608258990553,0.001928179731358829
1.2026726057906458,0,0,3.2,12,9.13625917129201,5.84720586962689e-05,0.001253361275615147,-0.0002002795982415055,-0.001744522111037067,0.001944722890993187
1.4031180400890868,0,0,3.2,12,9.13625917129201,5.84720586962689e-05,0.001862259058657033,-0.0002338581503966288,-0.001727387643604317,0.001961143692019274
1.6035634743875278,0,0,3.2,12,9.13625917129201,5.84720586962689e-05,0.00262131071111495,-0.0002673404681274929,-0.001710196631827683,0.001977407446748149
1.8040089086859687,0,0,3.2,12,9.13625917129201,5.84720586962689e-05,0.003527088275769818,-0.0003007006650197237,-0.001692940600173571,0.001993479298846499
2.0044543429844097,0,0,3.2,12,9.13625917129201,5.84720586962689e-05,0.004584895917830986,-0.0003339168686299104,-0.001675610668270381,0.0020093288476026
2.2048997772828507,0,0,3.2,12,9.13625917129201,5.84720586962689e-05,0.005756499508764184,-0.0003669650070125689,-0.00165819556792556,0.002024921183507695
2.8062360801781736,0,0,3.2,12,9.13625917129201,5.84720586962689e-05,0.009460224927058987,-0.0004648610044806723,-0.001605292299027096,0.002069770264338848
3.0066815144766146,0,0,3.2,12,9.13625917129201,5.84720586962689e-05,0.01045817434313234,-0.0004969853706176461,-0.001587377390821405,0.002083924643023107
3.2071269487750556,0,0,3.2,12,9.13625917129201,5.84720586962689e-05,0.0111650705102055,-0.0005288093399477163,-0.001569288131399825,0.002097600194240031
2.4053452115812917,0,0,3.2,12,9.13625917129201,5.84720586962689e-05,0.007013349591323298,-0.0003998235462521417,-0.001640682050667209,0.002040221847618717
3.4075723830734965,0,0,3.2,12,9.13625917129201,5.84720586962689e-05,0.01147555635891068,-0.0005603006415062252,-0.001550999983269604,0.00211073842720089
2.6057906458797326,0,0,3.2,12,9.13625917129201,5.84720586962689e-05,0.00827903455733557,-0.0004324647586782574,-0.001623053925055116,0.002055187073973501
3.6080178173719375,0,0,3.2,12,9.13625917129201,5.84720586962689e-05,0.01132963775571212,-0.000591435274666216,-0.001532490566654231,0.002123291262789367
3.8084632516703785,0,0,3.2,12,9.13625917129201,5.84720586962689e-05,0.01071392388410702,-0.0006221930399465072,-0.001513739876919614,0.002135217362393275
4.008908685968819,0,0,3.2,12,9.13625917129201,5.84720586962689e-05,0.009668258237388967,-0.0006525638232508332,-0.001494731295265671,0.002146489455872134
4.409799554565701,0,0,3.2,12,9.13625917129201,5.84720586962689e-05,0.006704132339996896,-0.000712103287141886,-0.001455889807339743,0.002166981923829339
4.610244988864142,0,0,3.2,12,9.13625917129201,5.84720586962689e-05,0.00501218693059126,-0.0007412592709911577,-0.001436043704704946,0.002176180530523418
4.20935412026726,0,0,3.2,12,9.13625917129201,5.84720586962689e-05,0.00829753558125847,-0.0006825359516551504,-0.001475450750277093,0.002157081940284482
4.810690423162583,0,0,3.2,12,9.13625917129201,5.84720586962689e-05,0.003344229485246933,-0.0007700004362805293,-0.001415910535962672,0.002184674480229114
5.011135857461024,0,0,3.2,12,9.13625917129201,5.84720586962689e-05,0.001800681075178394,-0.0007983234797791976,-0.001395490141918457,0.002192462141687638
5.211581291759465,0,0,3.2,12,9.13625917129201,5.84720586962689e-05,0.0004695219460011587,-0.0008262254786889288,-0.001374784615921139,0.00219954404358244
5.812917594654788,0,0,3.2,12,9.13625917129201,5.84720586962689e-05,-0.001859043640622633,-0.0009073949768368582,-0.001311030371015202,0.002216629591899332
5.412026726057906,0,0,3.2,12,9.13625917129201,5.84720586962689e-05,-0.000588370128504002,-0.0008537030919610411,-0.001353800178247975,0.002205924096663471
5.612472160356347,0,0,3.2,12,9.13625917129201,5.84720586962689e-05,-0.001363690664453544,-0.0008807568049453719,-0.001332545654977091,0.002211612886648316
6.21380846325167,0,0,3.2,12,9.13625917129201,5.84720586962689e-05,-0.002095914820627049,-0.0009594838668885355,-0.00126724584532217,0.002224741178116119
6.414253897550111,0,0,3.2,12,9.13625917129201,5.84720586962689e-05,-0.001941538915173535,-0.0009849710582963706,-0.001244989113311249,0.002227888563425356
6.013363028953229,0,0,3.2,12,9.13625917129201,5.84720586962689e-05,-0.002079498403482903,-0.0009336317134801392,-0.001289261422834696,0.002220997139999481
6.614699331848552,0,0,3.2,12,9.13625917129201,5.84720586962689e-05,-0.001672587702438106,-0.001010111409330636,-0.001222496946941721,0.00223046484577551
7.015590200445434,0,0,3.2,12,9.13625917129201,5.84720586962689e-05,-0.001024678800269583,-0.001059417337333295,-0.001176819515940727,0.002233989220291081
6.815144766146993,0,0,3.2,12,9.13625917129201,5.84720586962689e-05,-0.001364885323419988,-0.001034921260125117,-0.001199773528667549,0.002232492145523065
7.216035634743875,0,0,3.2,12,9.13625917129201,5.84720586962689e-05,-0.0006935950296927656,-0.001083614841655643,-0.001153633709033113,0.002234971202663934
7.416481069042316,0,0,3.2,12,9.13625917129201,5.84720586962689e-05,-0.0003848335500652119,-0.001107528784440423,-0.001130208669971689,0.002235446416465981
7.616926503340757,0,0,3.2,12,9.13625917129201,5.84720586962689e-05,-7.074214759422735e-05,-0.001131174408966083,-0.00110653320766521,0.002235419308179736
8.41870824053452,0,0,3.2,12,9.13625917129201,5.84720586962689e-05,0.00135882114306322,-0.001223306022081974,-0.001009005791220993,0.002230192070190684
7.817371937639198,0,0,3.2,12,9.13625917129201,5.84720586962689e-05,0.0002489222636027647,-0.001154564195786863,-0.00108259296168852,0.002234887988975646
8.619153674832962,0,0,3.2,12,9.13625917129201,5.84720586962689e-05,0.001703362991921857,-0.001245768305721925,-0.0009838185180371935,0.002227543674139242
8.017817371937639,0,0,3.2,12,9.13625917129201,5.84720586962689e-05,0.0006028338377080148,-0.001177709467703454,-0.001058371337151324,0.002233846745152016
8.819599109131403,0,0,3.2,12,9.13625917129201,5.84720586962689e-05,0.001946691502147984,-0.001268006969562425,-0.0009582694245967272,0.002224320763778239
8.21826280623608,0,0,3.2,12,9.13625917129201,5.84720586962689e-05,0.0009751443272938423,-0.001200620843243662,-0.001033849978802203,0.002232286972386617
9.020044543429844,0,0,3.2,12,9.13625917129201,5.84720586962689e-05,0.002040323425998668,-0.001290015346825641,-0.0009323424477146736,0.00222049889728208
9.220489977728285,0,0,3.2,12,9.13625917129201,5.84720586962689e-05,0.001914492459080598,-0.001311783554553928,-0.0009060234282840628,0.002216052268848118
9.420935412026726,0,0,3.2,12,9.13625917129201,5.84720586962689e-05,0.001506141020219796,-0.001333299878334779,-0.0008793021118589533,0.002210957048131236
9.621380846325167,0,0,3.2,12,9.13625917129201,5.84720586962689e-05,0.0007800945427166682,-0.001354552210695126,-0.0008521705311627587,0.002205191365836616
9.821826280623608,0,0,3.2,12,9.13625917129201,5.84720586962689e-05,-0.0002818398580988154,-0.001375528865004399,-0.0008246247949887012,0.002198738066363446
10.022271714922049,0,0,3.2,12,9.13625917129201,5.84720586962689e-05,-0.001638065406366003,-0.001396222836298111,-0.0007966634547696918,0.002191587462732637
10.22271714922049,0,0,3.2,12,9.13625917129201,5.84720586962689e-05,-0.003212943791298324,-0.001416630999730983,-0.000768285534026318,0.002183734586267948
10.42316258351893,0,0,3.2,12,9.13625917129201,5.84720586962689e-05,-0.004911468929303272,-0.001436753294643524,-0.0007394927754624472,0.002175179714739566
10.623608017817372,0,0,3.2,12,9.13625917129201,5.84720586962689e-05,-0.006617743648101977,-0.001456590092798275,-0.0007102914029007495,0.002165927525294572
10.824053452115812,0,0,3.2,12,9.13625917129201,5.84720586962689e-05,-0.008214462157267885,-0.001476144933746701,-0.0006806839997995933,0.002155982001820166
11.024498886414253,0,0,3.2,12,9.13625917129201,5.84720586962689e-05,-0.009580593212692964,-0.001495421485950319,-0.0006506750646291807,0.002145348917658023
11.224944320712694,0,0,3.2,12,9.13625917129201,5.84720586962689e-05,-0.01061007058441975,-0.00151442753903351,-0.0006202679919445533,0.002134038004701687
11.425389755011135,0,0,3.2,12,9.13625917129201,5.84720586962689e-05,-0.01123847221824587,-0.001533176101743018,-0.0005894711154215836,0.002122070578544569
11.625835189309576,0,0,3.2,12,9.13625917129201,5.84720586962689e-05,-0.01141521275931617,-0.001551684243359867,-0.0005582980428530272,0.002109477899937314
11.826280623608017,0,0,3.2,12,9.13625917129201,5.84720586962689e-05,-0.01113545940454013,-0.001569972762343259,-0.0005267706581518223,0.002096303819616971
12.2271714922049,0,0,3.2,12,9.13625917129201,5.84720586962689e-05,-0.009426274990481327,-0.001605986549954025,-0.0004627647538563444,0.002068425864662146
12.026726057906458,0,0,3.2,12,9.13625917129201,5.84720586962689e-05,-0.01044361510897357,-0.001588065600159083,-0.0004949156025729158,0.002082600696031501
12.42761692650334,0,0,3.2,12,9.13625917129201,5.84720586962689e-05,-0.00819559761113447,-0.001623755852326044,-0.000430345200251182,0.002053827030959626
12.628062360801781,0,0,3.2,12,9.13625917129201,5.84720586962689e-05,-0.006879954808154357,-0.001641393000637472,-0.0003976847435507652,0.002038851561875748
12.828507795100222,0,0,3.2,12,9.13625917129201,5.84720586962689e-05,-0.005584270737114143,-0.001658916586241603,-0.0003648106375206632,0.002023545329318617
13.028953229398663,0,0,3.2,12,9.13625917129201,5.84720586962689e-05,-0.004390851842228554,-0.001676342653816753,-0.0003317473608355618,0.00200794871625591
13.229398663697104,0,0,3.2,12,9.13625917129201,5.84720586962689e-05,-0.003346407011591022,-0.001693684440400412,-0.0002985208530164518,0.001992100567461678
13.429844097995545,0,0,3.2,12,9.13625917129201,5.84720586962689e-05,-0.002465750393886659,-0.001710952223699796,-0.0002651526531650722,0.001976032244626587
13.630289532293986,0,0,3.2,12,9.13625917129201,5.84720586962689e-05,-0.001747434663797423,-0.001728155142314234,-0.0002316647922235392,0.001959774579538233
13.830734966592427,0,0,3.2,12,9.13625917129201,5.84720586962689e-05,-0.001182822322512772,-0.001745302437801196,-0.0001980815770717889,0.001943361704475825
14.031180400890868,0,0,3.2,12,9.13625917129201,5.84720586962689e-05,-0.0007608293331559016,-0.001762402187148237,-0.0001644275968581347,0.001926827396832934
14.43207126948775,0,0,3.2,12,9.13625917129201,5.84720586962689e-05,-0.0002878578861093799,-0.001796476957425296,-9.700592707316541e-05,0.001893514960079722
14.231625835189309,0,0,3.2,12,9.13625917129201,5.84720586962689e-05,-0.0004707309238757691,-0.001779459910680989,-0.0001307281918239802,0.00191020366485475
14.632516703786191,0,0,3.2,12,9.13625917129201,5.84720586962689e-05,-0.0001963217695606744,-0.001813445911735576,-6.328744183341543e-05,0.001876779434166283
14.832962138084632,0,0,3.2,12,9.13625917129201,5.84720586962689e-05,-0.0002057074055379969,-0.00183035080509283,-2.961544994441938e-05,0.001860021350274738
15.033407572383073,0,0,3.2,12,9.13625917129201,5.84720586962689e-05,-0.0002317352882960724,-0.001847209166624518,4.043252808532804e-06,0.001843228476017362
15.233853006681514,0,0,3.2,12,9.13625917129201,5.84720586962689e-05,-0.0002371411718449061,-0.00186402727513768,3.770266822259274e-05,0.001826394601919143
15.434298440979955,0,0,3.2,12,9.13625917129201,5.84720586962689e-05,-0.0001703892296083184,-0.001880814719869803,7.138780305979825e-05,0.00180950688073944
15.634743875278396,0,0,3.2,12,9.13625917129201,5.84720586962689e-05,1.820777978903013e-05,-0.001897574962228307,0.000105113492420316,0.001792556146464256
16.035634743875278,0,0,3.2,12,9.13625917129201,5.84720586962689e-05,0.0007178843828554821,-0.001930921420657089,0.0001725271628929357,0.00175852410753177
15.835189309576837,0,0,3.2,12,9.13625917129201,5.84720586962689e-05,0.0003105983722604382,-0.001914284008732891,0.0001388353554686894,0.001775560197254335
16.23608017817372,0,0,3.2,12,9.13625917129201,5.84720586962689e-05,0.001264883935528983,-0.00194746050660435,0.0002061663423249035,0.001741444416952346
16.43652561247216,0,0,3.2,12,9.13625917129201,5.84720586962689e-05,0.001961963314766488,-0.001963873073349434,0.0002397326915205793,0.001724314353171576
16.6369710467706,0,0,3.2,12,9.13625917129201,5.84720586962689e-05,0.002800679096862031,-0.001980121524213984,0.0002731979529538698,0.00170712566896207
16.83741648106904,0,0,3.2,12,9.13625917129201,5.84720586962689e-05,0.003784323361875243,-0.001996172037804415,0.0003065372615492582,0.001689869760313215
17.037861915367483,0,0,3.2,12,9.13625917129201,5.84720586962689e-05,0.004899597558055866,-0.002011992847942529,0.0003397280362515217,0.001672537115730614
17.238307349665924,0,0,3.2,12,9.13625917129201,5.84720586962689e-05,0.006119310237570724,-0.002027550036183513,0.0003727481142941058,0.001655115607096019
17.438752783964365,0,0,3.2,12,9.13625917129201,5.84720586962689e-05,0.007414624159117805,-0.002042808126174854,0.0004055748260265242,0.001637592052501546
17.639198218262806,0,0,3.2,12,9.13625917129201,5.84720586962689e-05,0.008716521681531496,-0.002057722508829928,0.0004381799885543655,0.001619949814369562
17.839643652561247,0,0,3.2,12,9.13625917129201,5.84720586962689e-05,0.009921646518780209,-0.002072245309038945,0.0004705342997263527,0.001602170321519849
18.040089086859687,0,0,3.2,12,9.13625917129201,5.84720586962689e-05,0.01093005213283322,-0.00208633235357873,0.0005026125601938242,0.001584234749877328
18.24053452115813,0,0,3.2,12,9.13625917129201,5.84720586962689e-05,0.01161324013425722,-0.002099929469357992,0.0005343830960947022,0.001566121306878323
18.44097995545657,0,0,3.2,12,9.13625917129201,5.84720586962689e-05,0.011867603016782,-0.002112982341520432,0.0005658177646773237,0.001547805674808704
18.64142538975501,0,0,3.2,12,9.13625917129201,5.84720586962689e-05,0.01163936673185687,-0.002125436571478693,0.0005968872733606102,0.001529264344250454
18.84187082405345,0,0,3.2,12,9.13625917129201,5.84720586962689e-05,0.01093812719934282,-0.002137255248417574,0.0006275755897469154,0.001510477482446332
19.042316258351892,0,0,3.2,12,9.13625917129201,5.84720586962689e-05,0.009800493425856626,-0.002148406854922899,0.0006578683423620515,0.001491428393915349
19.242761692650333,0,0,3.2,12,9.13625917129201,5.84720586962689e-05,0.008326974515213845,-0.002158874181336193,0.0006877597456518644,0.001472105351807116
19.443207126948774,0,0,3.2,12,9.13625917129201,5.84720586962689e-05,0.006643539545073747,-0.002168649149615488,0.0007172462463970984,0.001452501880373745
19.844097995545656,0,0,3.2,12,9.13625917129201,5.84720586962689e-05,0.003150579685606395,-0.002186099663348885,0.0007749859967526609,0.001412440649000005
20.044543429844097,0,0,3.2,12,9.13625917129201,5.84720586962689e-05,0.001579481501051812,-0.002193770322971905,0.000803232889543113,0.001391980475069674
20.244988864142538,0,0,3.2,12,9.13625917129201,5.84720586962689e-05,0.0002488801694709258,-0.002200738380514807,0.000831061814879843,0.001371235250790841
19.643652561247215,0,0,3.2,12,9.13625917129201,5.84720586962689e-05,0.004872926144416672,-0.002177725013442334,0.0007463224915838454,0.001432614207899679
20.44543429844098,0,0,3.2,12,9.13625917129201,5.84720586962689e-05,-0.0007806966876428577,-0.002207008977228276,0.0008584723168245621,0.001350209575188675
20.84632516703786,0,0,3.2,12,9.13625917129201,5.84720586962689e-05,-0.00190997692086493,-0.002217510406694672,0.0009120477180466964,0.001307353917867701
21.046770601336302,0,0,3.2,12,9.13625917129201,5.84720586962689e-05,-0.00207144798761515,-0.002221783146258444,0.0009382288796047965,0.001285546213226154
20.64587973273942,0,0,3.2,12,9.13625917129201,5.84720586962689e-05,-0.001498682105157668,-0.002212593431904311,0.0008854655327056582,0.001328912204861585
21.247216035634743,0,0,3.2,12,9.13625917129201,5.84720586962689e-05,-0.002045038846987228,-0.002225437456381623,0.0009640236679491753,0.001263498505104462
21.447661469933184,0,0,3.2,12,9.13625917129201,5.84720586962689e-05,-0.001866676366021297,-0.002228500517465957,0.0009894491555599997,0.001241219185190579
21.648106904231625,0,0,3.2,12,9.13625917129201,5.84720586962689e-05,-0.001614121313888819,-0.00223099785387225,0.001014525228557883,0.001218712170185222
21.848552338530066,0,0,3.2,12,9.13625917129201,5.84720586962689e-05,-0.001316466345726667,-0.002232950429092956,0.001039272796885116,0.001195975914485181
22.048997772828507,0,0,3.2,12,9.13625917129201,5.84720586962689e-05,-0.001022611299880128,-0.002234374813487534,0.001063710430105251,0.001173007039374865
22.249443207126948,0,0,3.2,12,9.13625917129201,5.84720586962689e-05,-0.0007455571560939936,-0.002235285036571073,0.00108785656951641,0.001149800068062018
22.44988864142539,0,0,3.2,12,9.13625917129201,5.84720586962689e-05,-0.0004742885275320341,-0.002235689190191515,0.001111725239574593,0.001126348367621196
22.65033407572383,0,0,3.2,12,9.13625917129201,5.84720586962689e-05,-0.0001976824995992834,-0.002235591786397435,0.001135331362187665,0.001102641222805893
22.85077951002227,0,0,3.2,12,9.13625917129201,5.84720586962689e-05,9.777539965210617e-05,-0.002234991943581948,0.001158687139122293,0.001078665629067802
23.051224944320712,0,0,3.2,12,9.13625917129201,5.84720586962689e-05,0.0004141051822292813,-0.002233883335547275,0.00118180308892466,0.001054405213622233
23.251670378619153,0,0,3.2,12,9.13625917129201,5.84720586962689e-05,0.0007532880436700129,-0.002232254821875832,0.001204685447996037,0.00102984346293179
23.452115812917594,0,0,3.2,12,9.13625917129201,5.84720586962689e-05,0.001087984368756017,-0.002230089790270261,0.001227337603657275,0.001004961553235905
23.652561247216035,0,0,3.2,12,9.13625917129201,5.84720586962689e-05,0.001362941181695625,-0.002227369907215377,0.001249762131598259,0.0009797400366045345
23.853006681514476,0,0,3.2,12,9.13625917129201,5.84720586962689e-05,0.001526136643363813,-0.002224072367865283,0.00127195883317546,0.0009541579853372391
24.053452115812917,0,0,3.2,12,9.13625917129201,5.84720586962689e-05,0.001528305042761683,-0.002220170993702372,0.001293922639720051,0.0009281960420454503
24.253897550111358,0,0,3.2,12,9.13625917129201,5.84720586962689e-05,0.00129583506799703,-0.00221563872520825,0.001315644375755384,0.0009018381013228836
24.4543429844098,0,0,3.2,12,9.13625917129201,5.84720586962689e-05,0.0008093630578279663,-0.002210450518218144,0.001337112784590475,0.0008750721373095
24.65478841870824,0,0,3.2,12,9.13625917129201,5.84720586962689e-05,4.553290692617039e-05,-0.002204584871391441,0.001358315755947546,0.0008478904328306382
24.85523385300668,0,0,3.2,12,9.13625917129201,5.84720586962689e-05,-0.001005674268240302,-0.002198025411653904,0.001379242000549785,0.0008202894510408005
25.05567928730512,0,0,3.2,12,9.13625917129201,5.84720586962689e-05,-0.00229900192045253,-0.002190762473393919,0.001399883827520008,0.0007922685037074383
25.256124721603562,0,0,3.2,12,9.13625917129201,5.84720586962689e-05,-0.003790323376771703,-0.002182794486233308,0.001420238786566285,0.0007638294564511696
25.456570155902003,0,0,3.2,12,9.13625917129201,5.84720586962689e-05,-0.005405539056373888,-0.002174124395750576,0.001440307019236555,0.0007349766284431437
25.657015590200444,0,0,3.2,12,9.13625917129201,5.84720586962689e-05,-0.007029148895138939,-0.002164755171576666,0.00146009006043259,0.0007057133664957569
25.857461024498885,0,0,3.2,12,9.13625917129201,5.84720586962689e-05,-0.008561257500524524,-0.002154692503283109,0.001479591165243904,0.0006760442552125013
26.057906458797326,0,0,3.2,12,9.13625917129201,5.84720586962689e-05,-0.009882451128399437,-0.002143940944132281,0.001498814639896253,0.0006459719312345812
26.258351893095767,0,0,3.2,12,9.13625917129201,5.84720586962689e-05,-0.01086752008627383,-0.002132512825859014,0.001517769488512363,0.0006155009681315197
26.45879732739421,0,0,3.2,12,9.13625917129201,5.84720586962689e-05,-0.01144752911911522,-0.002120434157744829,0.00153647005297163,0.000584642924774165
26.65924276169265,0,0,3.2,12,9.13625917129201,5.84720586962689e-05,-0.01156639415031056,-0.002107738463028292,0.001554934355423339,0.000553412561517103
26.85968819599109,0,0,3.2,12,9.13625917129201,5.84720586962689e-05,-0.01121875817474982,-0.002094470846529886,0.001573183360213831,0.0005218327136739035
27.06013363028953,0,0,3.2,12,9.13625917129201,5.84720586962689e-05,-0.0104668690784343,-0.00208068163564098,0.00159124011570984,0.0004899288374441862
27.260579064587972,0,0,3.2,12,9.13625917129201,5.84720586962689e-05,-0.009393069958466293,-0.002066428537203742,0.001609128985883964,0.0004577327906699435
27.461024498886413,0,0,3.2,12,9.13625917129201,5.84720586962689e-05,-0.008112781638687144,-0.002051760239605796,0.001626870331729172,0.0004252726193474858
27.661469933184854,0,0,3.2,12,9.13625917129201,5.84720586962689e-05,-0.006754016573071564,-0.002036722672161167,0.001644483340340339,0.0003925750100654042
27.861915367483295,0,0,3.2,12,9.13625917129201,5.84720586962689e-05,-0.005420707939380596,-0.002021361736994391,0.001661985714700213,0.0003596682090423056
28.062360801781736,0,0,3.2,12,9.13625917129201,5.84720586962689e-05,-0.004193440572489641,-0.002005713742701768,0.001679392062683352,0.0003265741493157578
28.262806236080177,0,0,3.2,12,9.13625917129201,5.84720586962689e-05,-0.003120354756683788,-0.001989816282901628,0.001696715383621885,0.0002933177854603611
28.463251670378618,0,0,3.2,12,9.13625917129201,5.84720586962689e-05,-0.002213079820145713,-0.001973701879148433,0.00171396614284158,0.0002599215906000042
28.66369710467706,0,0,3.2,12,9.13625917129201,5.84720586962689e-05,-0.001469590621481308,-0.001957403372600795,0.001731152479488261,0.0002264104661647127
28.8641425389755,0,0,3.2,12,9.13625917129201,5.84720586962689e-05,-0.000883248806629114,-0.001940955856126708,0.001748282966493303,0.0001928101907294426
29.06458797327394,0,0,3.2,12,9.13625917129201,5.84720586962689e-05,-0.0004485551481767088,-0.001924393763325378,0.001765364780820556,0.0001591468745229703
29.265033407572382,0,0,3.2,12,9.13625917129201,5.84720586962689e-05,-0.0001468371507017313,-0.001907745678608998,0.00178240447118119,0.0001254414049214077
29.465478841870823,0,0,3.2,12,9.13625917129201,5.84720586962689e-05,3.297045472161927e-05,-0.001891035440810113,0.001799401769010749,9.171777360984866e-05
29.665924276169264,0,0,3.2,12,9.13625917129201,5.84720586962689e-05,0.0001005599043247178,-0.001874284950510556,0.001816347056345786,5.800894100734563e-05
30.066815144766146,0,0,3.2,12,9.13625917129201,5.84720586962689e-05,1.490350915498371e-05,-0.001840702274304779,0.001850062714167346,-9.30502285085373e-06
29.866369710467705,0,0,3.2,12,9.13625917129201,5.84720586962689e-05,6.88762724894127e-05,-0.001857512382391292,0.001833228442050407,2.434658709771621e-05
30.267260579064587,0,0,3.2,12,9.13625917129201,5.84720586962689e-05,-9.056389655344341e-06,-0.001823850297082639,0.001866856656525296,-4.295835123820915e-05
30.467706013363028,0,0,3.2,12,9.13625917129201,5.84720586962689e-05,6.016328362774875e-05,-0.001806941736014942,0.001883625444999499,-7.664656955825471e-05
30.66815144766147,0,0,3.2,12,9.13625917129201,5.84720586962689e-05,0.0002479494167830905,-0.001789973903290109,0.001900364466238253,-0.0001103686348923717
30.86859688195991,0,0,3.2,12,9.13625917129201,5.84720586962689e-05,0.0005395012874592644,-0.001772961569654003,0.001917048360034939,-0.0001440818544331838
31.06904231625835,0,0,3.2,12,9.13625917129201,5.84720586962689e-05,0.0009396168697725864,-0.001755906464740746,0.00193365831861342,-0.0001777655171394737
31.26948775055679,0,0,3.2,12,9.13625917129201,5.84720586962689e-05,0.001468625913075259,-0.001738805867431419,0.001950165809704619,-0.000211394635002346
31.469933184855233,0,0,3.2,12,9.13625917129201,5.84720586962689e-05,0.002140229740362756,-0.001721653685547444,0.001966540188642316,-0.0002449457898281615
31.670378619153674,0,0,3.2,12,9.13625917129201,5.84720586962689e-05,0.002962388196671039,-0.001704441796550453,0.001982745728643573,-0.0002783923623925479
31.870824053452115,0,0,3.2,12,9.13625917129201,5.84720586962689e-05,0.003938191347494605,-0.001687161620150969,0.00199874867150806,-0.0003117093662447523
32.071269487750556,0,0,3.2,12,9.13625917129201,5.84720586962689e-05,0.005049900037066011,-0.00166980342700789,0.002014516954196625,-0.000344874118281343
32.271714922049,0,0,3.2,12,9.13625917129201,5.84720586962689e-05,0.006270756906935492,-0.001652355210591009,0.00203001567171584,-0.0003778633208970846
32.87305122494432,0,0,3.2,12,9.13625917129201,5.84720586962689e-05,0.009939016318535413,-0.001599318314551815,0.002074499721020532,-0.0004755325348586245
32.47216035634744,0,0,3.2,12,9.13625917129201,5.84720586962689e-05,0.00754738607550802,-0.001634803337211119,0.002045209405702285,-0.0004106548335481745
33.073496659242764,0,0,3.2,12,9.13625917129201,5.84720586962689e-05,0.01085009392933662,-0.001581345905558591,0.002088503082136875,-0.0005075649606077906
32.672605790645875,0,0,3.2,12,9.13625917129201,5.84720586962689e-05,0.008800846775384058,-0.001617130756408229,0.002060052702867882,-0.0004432201165576575
33.2739420935412,0,0,3.2,12,9.13625917129201,5.84720586962689e-05,0.0114219955968817,-0.001563190880015849,0.002102008816457204,-0.0005392869668644968
33.47438752783964,0,0,3.2,12,9.13625917129201,5.84720586962689e-05,0.01156994249567903,-0.001544829008572881,0.002114960891881485,-0.0005706686039142275
33.67483296213808,0,0,3.2,12,9.13625917129201,5.84720586962689e-05,0.01124079856131554,-0.001526238732575104,0.002127313026238542,-0.0006016866828490765
33.87527839643653,0,0,3.2,12,9.13625917129201,5.84720586962689e-05,0.0104330530995588,-0.001507400346992996,0.002139029015151795,-0.000632325752592098
34.2761692650334,0,0,3.2,12,9.13625917129201,5.84720586962689e-05,0.007726470739503724,-0.001468921922682774,0.002160446388021581,-0.0006924188007277071
34.47661469933185,0,0,3.2,12,9.13625917129201,5.84720586962689e-05,0.006048074495808412,-0.001449262857797455,0.00217011522866688,-0.0007218566027789026
34.075723830734965,0,0,3.2,12,9.13625917129201,5.84720586962689e-05,0.00923138540782186,-0.001488298708164983,0.002150080852958496,-0.0006625733707956534
34.67706013363029,0,0,3.2,12,9.13625917129201,5.84720586962689e-05,0.0043173560796293,-0.001429316796142713,0.002179080037517597,-0.0007508818475437985
34.87750556792873,0,0,3.2,12,9.13625917129201,5.84720586962689e-05,0.002652601239795455,-0.001409083860063097,0.002187339367851825,-0.0007794908855238183
35.27839643652561,0,0,3.2,12,9.13625917129201,5.84720586962689e-05,-6.916748410862108e-05,-0.00136775721203714,0.002201741251907703,-0.0008354537131438054
35.07795100222717,0,0,3.2,12,9.13625917129201,5.84720586962689e-05,0.001168089364376791,-0.001388563559178612,0.0021948925171886,-0.000807681728309944
35.478841870824056,0,0,3.2,12,9.13625917129201,5.84720586962689e-05,-0.001011651670093567,-0.001346668906380827,0.002207891772485387,-0.0008628079142833236
35.67928730512249,0,0,3.2,12,9.13625917129201,5.84720586962689e-05,-0.00165145930932022,-0.001325307600166502,0.002213357581130964,-0.0008897474798924275
35.87973273942093,0,0,3.2,12,9.13625917129201,5.84720586962689e-05,-0.002008634792791626,-0.001303686292254302,0.002218159851180824,-0.0009162789793043799
36.080178173719375,0,0,3.2,12,9.13625917129201,5.84720586962689e-05,-0.002110605499627412,-0.001281817216525449,0.002222322096057668,-0.0009424118772329603
36.28062360801782,0,0,3.2,12,9.13625917129201,5.84720586962689e-05,-0.00203306131169426,-0.001259711368206822,0.002225870337265862,-0.0009681593627150372
36.48106904231626,0,0,3.2,12,9.13625917129201,5.84720586962689e-05,-0.00181908644963509,-0.001237378135082129,0.0022288313680806,-0.0009935370822985738
36.681514476614694,0,0,3.2,12,9.13625917129201,5.84720586962689e-05,-0.001525931818184297,-0.001214820565446005,0.002231229465974649,-0.001018564620694072
36.88195991091314,0,0,3.2,12,9.13625917129201,5.84720586962689e-05,-0.001203754274019133,-0.001192039446821331,0.002233085217705742,-0.001043260284475658
37.08240534521158,0,0,3.2,12,9.13625917129201,5.84720586962689e-05,-0.000873094073991235,-0.001169030250178159,0.002234416519048785,-0.001067645162828868
37.28285077951002,0,0,3.2,12,9.13625917129201,5.84720586962689e-05,-0.0005530998134888158,-0.001145783697320286,0.002235236037415957,-0.001091740103557198
37.48329621380846,0,0,3.2,12,9.13625917129201,5.84720586962689e-05,-0.0002367498517096046,-0.001122286731382702,0.002235550165068506,-0.001115563826747279
37.6837416481069,0,0,3.2,12,9.13625917129201,5.84720586962689e-05,7.514105531333847e-05,-0.001098527201472935,0.002235362134974503,-0.001139131432403714
38.48552338530067,0,0,3.2,12,9.13625917129201,5.84720586962689e-05,0.001433722120557145,-0.001000557345512362,0.002229456593296917,-0.001231023788991348
38.084632516703785,0,0,3.2,12,9.13625917129201,5.84720586962689e-05,0.0007462528092146247,-0.001050159069974191,0.002233460604518713,-0.00118554170176822
37.88418708240535,0,0,3.2,12,9.13625917129201,5.84720586962689e-05,0.0004000448593241447,-0.001074489128433018,0.002234667688005228,-0.001162454802710538
38.68596881959911,0,0,3.2,12,9.13625917129201,5.84720586962689e-05,0.001717745952014107,-0.0009752531531921589,0.002226622447068252,-0.001253417068987903
38.28507795100222,0,0,3.2,12,9.13625917129201,5.84720586962689e-05,0.001094941011276424,-0.001025520813724083,0.002231729587817835,-0.001208397958404395
38.88641425389755,0,0,3.2,12,9.13625917129201,5.84720586962689e-05,0.00188508934700879,-0.0009495914897283221,0.002223204937570786,-0.001275574000050081
39.086859688195986,0,0,3.2,12,9.13625917129201,5.84720586962689e-05,0.001893512217175469,-0.000923555560652378,0.002219178739069714,-0.001297487748019528
39.28730512249443,0,0,3.2,12,9.13625917129201,5.84720586962689e-05,0.001689227083740865,-0.0008971274047932163,0.00221451858396427,-0.001319152752335885
39.487750556792875,0,0,3.2,12,9.13625917129201,5.84720586962689e-05,0.001208635999162462,-0.0008702920576049853,0.002209201477088614,-0.00134056274868386
39.68819599109131,0,0,3.2,12,9.13625917129201,5.84720586962689e-05,0.0004190711505606647,-0.000843039319745731,0.002203206881446262,-0.001361709046843035
39.88864142538975,0,0,3.2,12,9.13625917129201,5.84720586962689e-05,-0.0006625561179532145,-0.0008153646927510392,0.002196520104474989,-0.001382582878279754
40.089086859688194,0,0,3.2,12,9.13625917129201,5.84720586962689e-05,-0.00200026712967345,-0.0007872694056565646,0.002189133550957376,-0.001403176603153554
40.89086859688196,0,0,3.2,12,9.13625917129201,5.84720586962689e-05,-0.008235220918013582,-0.0006707520841273987,0.002152582264636306,-0.00148270224659191
40.28953229398664,0,0,3.2,12,9.13625917129201,5.84720586962689e-05,-0.003531810288928686,-0.0007587554625216421,0.002181043379573474,-0.001423485477874732
41.0913140311804,0,0,3.2,12,9.13625917129201,5.84720586962689e-05,-0.009477789633041162,-0.0006406103603069146,0.002141715302927943,-0.00150188220333985
40.489977728285076,0,0,3.2,12,9.13625917129201,5.84720586962689e-05,-0.005152683165643304,-0.0007298282568089041,0.002172251787796259,-0.001443508020046804
41.29175946547884,0,0,3.2,12,9.13625917129201,5.84720586962689e-05,-0.01039080779793522,-0.0006100722533853711,0.002130176220585875,-0.001520795591652349
40.690423162583514,0,0,3.2,12,9.13625917129201,5.84720586962689e-05,-0.006752470499234148,-0.0007004924665055161,0.002162763241915909,-0.001463246015013859
41.49220489977728,0,0,3.2,12,9.13625917129201,5.84720586962689e-05,-0.01090966027694094,-0.0005791479111522848,0.00211799040421739,-0.001539457393978692
41.69265033407572,0,0,3.2,12,9.13625917129201,5.84720586962689e-05,-0.01099319038841912,-0.0005478536117042692,0.00210519348683768,-0.00155788615132371
41.89309576837417,0,0,3.2,12,9.13625917129201,5.84720586962689e-05,-0.01065673226774533,-0.0005162138824177284,0.00209183345420811,-0.001576103947837945
42.093541202672604,0,0,3.2,12,9.13625917129201,5.84720586962689e-05,-0.009934584682548405,-0.0004842568674052215,0.002077964483240258,-0.001594134981336003
42.29398663697104,0,0,3.2,12,9.13625917129201,5.84720586962689e-05,-0.008927540187499965,-0.0004520138760847911,0.002063642209060516,-0.001612002383626635
42.494432071269486,0,0,3.2,12,9.13625917129201,5.84720586962689e-05,-0.007746617258754926,-0.0004195109426785634,0.002048912125095502,-0.001629725447586889
42.69487750556793,0,0,3.2,12,9.13625917129201,5.84720586962689e-05,-0.006497581643261365,-0.0003867769353890228,0.002033822393899042,-0.001647323429639847
42.89532293986637,0,0,3.2,12,9.13625917129201,5.84720586962689e-05,-0.005289664765268103,-0.0003538368735531515,0.002018415475776522,-0.001664813868860722
43.095768374164805,0,0,3.2,12,9.13625917129201,5.84720586962689e-05,-0.004172823122265347,-0.0003207162233505896,0.002002731437744748,-0.001682211640431394
43.29621380846325,0,0,3.2,12,9.13625917129201,5.84720586962689e-05,-0.003192665268226853,-0.0002874396582612415,0.001986806367519895,-0.00169952849312029
43.496659242761694,0,0,3.2,12,9.13625917129201,5.84720586962689e-05,-0.002360762148960856,-0.0002540283110760483,0.001970672088809137,-0.001716775458815914
43.69710467706013,0,0,3.2,12,9.13625917129201,5.84720586962689e-05,-0.001664987031460632,-0.0002205059382813231,0.001954359946420269,-0.001733960222979372
43.89755011135857,0,0,3.2,12,9.13625917129201,5.84720586962689e-05,-0.001109227674372099,-0.0001868963971167413,0.001937904297988781,-0.001751092425614532
44.097995545657014,0,0,3.2,12,9.13625917129201,5.84720586962689e-05,-0.0006857199503272726,-0.0001532241459916018,0.001921337561142479,-0.00176817891162217
44.29844097995546,0,0,3.2,12,9.13625917129201,5.84720586962689e-05,-0.0003846020817949412,-0.0001195149499575456,0.001904690376554834,-0.001785223571239821
44.498886414253896,0,0,3.2,12,9.13625917129201,5.84720586962689e-05,-0.0001888057497578823,-8.578873624436278e-05,0.001887982534911884,-0.001802226092546745
44.69933184855233,0,0,3.2,12,9.13625917129201,5.84720586962689e-05,-8.922943949469924e-05,-5.208047248897826e-05,0.00187123547404869,-0.001819174773275
44.89977728285078,0,0,3.2,12,9.13625917129201,5.84720586962689e-05,-7.002637949309587e-05,-1.841343886744125e-05,0.001854464231432709,-0.001836062303752757
45.10022271714922,0,0,3.2,12,9.13625917129201,5.84720586962689e-05,-6.450386655869713e-05,1.524989785184415e-05,0.001837653609832405,-0.001852907360050739
45.30066815144766,0,0,3.2,12,9.13625917129201,5.84720586962689e-05,-3.826755999808302e-05,4.891718558585429e-05,0.001820799931622984,-0.001869712940737021
45.5011135857461,0,0,3.2,12,9.13625917129201,5.84720586962689e-05,7.430777313424536e-05,8.262470608062864e-05,0.001803885092232684,-0.001886493565605302
45.70155902004454,0,0,3.2,12,9.13625917129201,5.84720586962689e-05,0.0002758214952854228,0.0001163543728380445,0.001786914771148333,-0.001903237223101749
45.902004454342986,0,0,3.2,12,9.13625917129201,5.84720586962689e-05,0.0005742132127470436,0.0001500702722325831,0.001769902424662959,-0.001919923333608999
46.102449888641424,0,0,3.2,12,9.13625917129201,5.84720586962689e-05,0.0009808524597001481,0.000183748416695783,0.001752848910680588,-0.001936528866560614
46.30289532293986,0,0,3.2,12,9.13625917129201,5.84720586962689e-05,0.00152020831625092,0.0002173670929709514,0.001735749856384384,-0.001953026885219353
46.503340757238306,0,0,3.2,12,9.13625917129201,5.84720586962689e-05,0.002217600526528463,0.000250903137043326,0.001718598078113175,-0.001969385825198036
46.70378619153675,0,0,3.2,12,9.13625917129201,5.84720586962689e-05,0.003055860202951464,0.0002843280613817117,0.001701385281770793,-0.001985567979403671
46.90423162583519,0,0,3.2,12,9.13625917129201,5.84720586962689e-05,0.00404132003517761,0.0003176199209294383,0.001684102933148304,-0.002001542889011519
47.104677060133625,0,0,3.2,12,9.13625917129201,5.84720586962689e-05,0.005165656765353413,0.0003507557453448551,0.00166674101288717,-0.00201727801761888
47.30512249443207,0,0,3.2,12,9.13625917129201,5.84720586962689e-05,0.006394439711151342,0.0003837138576516508,0.001649287154646689,-0.00203273969270143
47.505567928730514,0,0,3.2,12,9.13625917129201,5.84720586962689e-05,0.007680309052820048,0.0004164692004200644,0.001631726600281801,-0.002047888348272773
47.70601336302895,0,0,3.2,12,9.13625917129201,5.84720586962689e-05,0.008942912576755968,0.0004489917296097268,0.00161404159405692,-0.002062676209623261
47.90645879732739,0,0,3.2,12,9.13625917129201,5.84720586962689e-05,0.0100835058497483,0.0004812539615429248,0.001596212938189973,-0.002077056517381108
48.10690423162583,0,0,3.2,12,9.13625917129201,5.84720586962689e-05,0.01098010554016884,0.0005132298019432911,0.001578221618908097,-0.002090984030020107
48.30734966592428,0,0,3.2,12,9.13625917129201,5.84720586962689e-05,0.01152876241584421,0.0005448874656213537,0.001560044967738075,-0.002104403211112605
48.507795100222715,0,0,3.2,12,9.13625917129201,5.84720586962689e-05,0.01164297040395155,0.0005761988413315766,0.001541658763212451,-0.002117259855691699
48.70824053452115,0,0,3.2,12,9.13625917129201,5.84720586962689e-05,0.01127678682083869,0.0006071373667860473,0.00152304032962918,-0.00212950331582163
48.9086859688196,0,0,3.2,12,9.13625917129201,5.84720586962689e-05,0.0104610227487417,0.0006376894684178124,0.001504171012067449,-0.002141100546667443
49.10913140311804,0,0,3.2,12,9.13625917129201,5.84720586962689e-05,0.009250837333363984,0.0006678427084400515,0.001485035232684311,-0.002152023310232149
49.30957683741648,0,0,3.2,12,9.13625917129201,5.84720586962689e-05,0.007750018107082364,0.0006975942434259386,0.00146562245593429,-0.002162259002183083
49.51002227171492,0,0,3.2,12,9.13625917129201,5.84720586962689e-05,0.006080145414512016,0.000726939100419193,0.001445927515728348,-0.002171799797359373
49.71046770601336,0,0,3.2,12,9.13625917129201,5.84720586962689e-05,0.004369068707222742,0.0007558732717665702,0.001425947104468645,-0.002180640651305112
49.910913140311806,0,0,3.2,12,9.13625917129201,5.84720586962689e-05,0.002733222613876495,0.0007843934532359557,0.001405680429143318,-0.002188779422596909
50.11135857461024,0,0,3.2,12,9.13625917129201,5.84720586962689e-05,0.001268177142649344,0.000812495617807489,0.001385127852234784,-0.002196214100055692
50.31180400890868,0,0,3.2,12,9.13625917129201,5.84720586962689e-05,4.513311757754526e-05,0.000840177472261981,0.001364293233184029,-0.002202947285510041
50.512249443207125,0,0,3.2,12,9.13625917129201,5.84720586962689e-05,-0.000895835841243584,0.0008674365905187636,0.001343184518942358,-0.002208985631911786
50.91314031180401,0,0,3.2,12,9.13625917129201,5.84720586962689e-05,-0.001901573489587556,0.0009207106226132553,0.001300177157675795,-0.002219040034030949
50.71269487750557,0,0,3.2,12,9.13625917129201,5.84720586962689e-05,-0.001544320209009201,0.0008942773165244639,0.001321809955820434,-0.002214343131229004
51.113585746102444,0,0,3.2,12,9.13625917129201,5.84720586962689e-05,-0.002027551926987861,0.0009467529085585049,0.001278292388028681,-0.002223100767244603
51.31403118040089,0,0,3.2,12,9.13625917129201,5.84720586962689e-05,-0.001963047913228199,0.0009724224848115028,0.001256162058562904,-0.002226551803393484
51.51447661469933,0,0,3.2,12,9.13625917129201,5.84720586962689e-05,-0.001747055041153906,0.0009977372709891307,0.001233793489186151,-0.002229420097846772
51.71492204899777,0,0,3.2,12,9.13625917129201,5.84720586962689e-05,-0.001448772849521906,0.001022714419315199,0.001211192223141409,-0.002231730026414424
51.91536748329621,0,0,3.2,12,9.13625917129201,5.84720586962689e-05,-0.001115719919732204,0.00104736913858684,0.001188360542434986,-0.00223350061119677
52.11581291759465,0,0,3.2,12,9.13625917129201,5.84720586962689e-05,-0.0007895431697183678,0.001071716993344798,0.001165297309054774,-0.00223474756484178
52.3162583518931,0,0,3.2,12,9.13625917129201,5.84720586962689e-05,-0.0004767310851798254,0.001095772523581426,0.001141999237357215,-0.002235483073414097
52.516703786191535,0,0,3.2,12,9.13625917129201,5.84720586962689e-05,-0.0001606268506660455,0.001119550588971234,0.001118457196793825,-0.002235713435817441
52.71714922048997,0,0,3.2,12,9.13625917129201,5.84720586962689e-05,0.000158304192474614,0.001143065356106904,0.001094660131392173,-0.002235441961858585
52.91759465478842,0,0,3.2,12,9.13625917129201,5.84720586962689e-05,0.000506354088531038,0.001166330318750246,0.001070591883789288,-0.002234665757710747
53.11804008908686,0,0,3.2,12,9.13625917129201,5.84720586962689e-05,0.0008799387771034931,0.001189357883621681,0.001046233061420881,-0.002233377173049566
53.3184855233853,0,0,3.2,12,9.13625917129201,5.84720586962689e-05,0.001255126398542172,0.001212157399521774,0.001021562935136151,-0.002231563759810889
53.518930957683736,0,0,3.2,12,9.13625917129201,5.84720586962689e-05,0.001617275793595961,0.001234733621028698,0.0009965606598762273,-0.002229208119512047
53.71937639198218,0,0,3.2,12,9.13625917129201,5.84720586962689e-05,0.001888803518714814,0.001257088579896338,0.0009712065923191391,-0.00222629118622019
53.919821826280625,0,0,3.2,12,9.13625917129201,5.84720586962689e-05,0.00200270816548146,0.001279217414136386,0.0009454831919583536,-0.002222788923978044
54.12026726057906,0,0,3.2,12,9.13625917129201,5.84720586962689e-05,0.001908340630113065,0.001301111507419758,0.0009193741877005746,-0.002218674662253247
54.3207126948775,0,0,3.2,12,9.13625917129201,5.84720586962689e-05,0.001544024894844938,0.001322758860743076,0.0008928666989478095,-0.002213921696754263
54.521158129175944,0,0,3.2,12,9.13625917129201,5.84720586962689e-05,0.0008802368179987223,0.00134414664976159,0.00086595161211186,-0.002208506239087467
54.72160356347439,0,0,3.2,12,9.13625917129201,5.84720586962689e-05,-7.511189922832234e-05,0.001365262538981334,0.0008386228821486779,-0.002202408239869582
54.922048997772826,0,0,3.2,12,9.13625917129201,5.84720586962689e-05,-0.001312810574955095,0.0013860969801634,0.000810877292715366,-0.002195613515843369
55.122494432071264,0,0,3.2,12,9.13625917129201,5.84720586962689e-05,-0.00278534756749661,0.001406645129184218,0.0007827139045426087,-0.002188115255554911
55.32293986636971,0,0,3.2,12,9.13625917129201,5.84720586962689e-05,-0.004409865315474589,0.001426906207357845,0.0007541359925660757,-0.002179914903625671
55.52338530066815,0,0,3.2,12,9.13625917129201,5.84720586962689e-05,-0.006098718948553326,0.00144688162866961,0.0007251457950977615,-0.002171014441313001
55.72383073496659,0,0,3.2,12,9.13625917129201,5.84720586962689e-05,-0.007736400492704295,0.001466572863964239,0.0006957478911241767,-0.002161417915112819
55.92427616926503,0,0,3.2,12,9.13625917129201,5.84720586962689e-05,-0.009207792441658348,0.001485983024421513,0.000665947495061798,-0.002151131366921927
56.12472160356347,0,0,3.2,12,9.13625917129201,5.84720586962689e-05,-0.01040030358442502,0.001505118492060961,0.0006357439680550265,-0.00214015835484185
56.32516703786192,0,0,3.2,12,9.13625917129201,5.84720586962689e-05,-0.01121360991769782,0.001523990336818075,0.0006051453339329927,-0.002128517318990209
56.525612472160354,0,0,3.2,12,9.13625917129201,5.84720586962689e-05,-0.01159137282336724,0.00154261348226502,0.0005741636408509074,-0.002116235490188723
56.72605790645879,0,0,3.2,12,9.13625917129201,5.84720586962689e-05,-0.01150210047655658,0.001561006723992246,0.000542816356353629,-0.002103350035269418
56.926503340757236,0,0,3.2,12,9.13625917129201,5.84720586962689e-05,-0.01096781710355843,0.001579191362882817,0.0005111264556202188,-0.002089906658615186
57.32739420935412,0,0,3.2,12,9.13625917129201,5.84720586962689e-05,-0.008866300987221933,0.001615029277519537,0.000446835975051565,-0.002061564569618894
57.12694877505568,0,0,3.2,12,9.13625917129201,5.84720586962689e-05,-0.01005447512653488,0.001597191373231587,0.0004791226115841878,-0.002075959931142887
57.527839643652555,0,0,3.2,12,9.13625917129201,5.84720586962689e-05,-0.007522511667621982,0.001632725196790484,0.0004142938274161042,-0.002046768095728461
57.728285077951,0,0,3.2,12,9.13625917129201,5.84720586962689e-05,-0.006143148764082669,0.001650298101050741,0.0003815237103004686,-0.002031617092819882
57.928730512249444,0,0,3.2,12,9.13625917129201,5.84720586962689e-05,-0.004844407290874017,0.001667765268718826,0.0003485524699015363,-0.002016155646668251
58.12917594654788,0,0,3.2,12,9.13625917129201,5.84720586962689e-05,-0.00369013504239716,0.001685141065244631,0.0003154021912459851,-0.00200041996525403
58.32962138084632,0,0,3.2,12,9.13625917129201,5.84720586962689e-05,-0.002714468782483091,0.001702437852273156,0.0002820978208817512,-0.001984446948718121
58.530066815144764,0,0,3.2,12,9.13625917129201,5.84720586962689e-05,-0.001921101287376846,0.001719665393233619,0.0002486616879557781,-0.001968268232419288
58.73051224944321,0,0,3.2,12,9.13625917129201,5.84720586962689e-05,-0.00129657918481841,0.001736831935852863,0.0002151181821392287,-0.001951916461568641
58.930957683741646,0,0,3.2,12,9.13625917129201,5.84720586962689e-05,-0.0008148721476336838,0.001753945429588568,0.0001814945946008915,-0.001935427841440477
59.13140311804008,0,0,3.2,12,9.13625917129201,5.84720586962689e-05,-0.0004702726170677295,0.0017710126164771,0.0001478159169653101,-0.001918835262871591
59.33184855233853,0,0,3.2,12,9.13625917129201,5.84720586962689e-05,-0.0002396170971655602,0.001788038263148807,0.000114103695827134,-0.001902165999453758
59.53229398663697,0,0,3.2,12,9.13625917129201,5.84720586962689e-05,-0.0001009851987546,0.001805021183869437,8.03798775439933e-05,-0.001885440752579701
59.73273942093541,0,0,3.2,12,9.13625917129201,5.84720586962689e-05,-7.577605620972275e-05,0.001821945367142008,4.668807308414987e-05,-0.001868684713161363
59.93318485523385,0,0,3.2,12,9.13625917129201,5.84720586962689e-05,-0.0001232261396932622,0.001838809436356124,1.30349477310876e-05,-0.001851903411195221
60.13363028953229,0,0,3.2,12,9.13625917129201,5.84720586962689e-05,-0.0001682599123031933,0.001855630550465395,-2.061649960244827e-05,-0.001835080504748141
60.334075723830736,0,0,3.2,12,9.13625917129201,5.84720586962689e-05,-0.0001771702684645912,0.001872413284447969,-5.427363623656308e-05,-0.00181821414548704
60.534521158129174,0,0,3.2,12,9.13625917129201,5.84720586962689e-05,-6.671487916890562e-05,0.001889174137530389,-8.79752486626197e-05,-0.001801285924521002
60.73496659242761,0,0,3.2,12,9.13625917129201,5.84720586962689e-05,0.0001703342724861994,0.001905896531465087,-0.0001216957806973286,-0.001784303732331083
60.935412026726056,0,0,3.2,12,9.13625917129201,5.84720586962689e-05,0.0005143032712395778,0.001922558990962663,-0.0001554012669567199,-0.001767278240531184
61.1358574610245,0,0,3.2,12,9.13625917129201,5.84720586962689e-05,0.0009947468422234467,0.001939138809096724,-0.000189068182025275,-0.001750210319839394
61.33630289532294,0,0,3.2,12,9.13625917129201,5.84720586962689e-05,0.00161194643499594,0.00195560658797653,-0.0002226719821458919,-0.001733096169814465
61.536748329621375,0,0,3.2,12,9.13625917129201,5.84720586962689e-05,0.002367724815102412,0.001971930010550715,-0.0002561893332777455,-0.001715928013682057
61.73719376391982,0,0,3.2,12,9.13625917129201,5.84720586962689e-05,0.003274931240592721,0.001988072798125891,-0.0002895934758815606,-0.001698697162360308
61.937639198218264,0,0,3.2,12,9.13625917129201,5.84720586962689e-05,0.004321883392716484,0.002004002803452033,-0.0003228609185718634,-0.001681394852488842
62.1380846325167,0,0,3.2,12,9.13625917129201,5.84720586962689e-05,0.005491555964132375,0.002019685968424606,-0.0003559679802272457,-0.001664010337288678
62.939866369710465,0,0,3.2,12,9.13625917129201,5.84720586962689e-05,0.01035563062561011,0.002079192795087656,-0.0004863147436529096,-0.001593364463308912
62.33853006681514,0,0,3.2,12,9.13625917129201,5.84720586962689e-05,0.006742777565702996,0.002035088188859904,-0.0003888926802991176,-0.001646531106230492
62.53897550111358,0,0,3.2,12,9.13625917129201,5.84720586962689e-05,0.008033341344565745,0.002050170796850792,-0.0004216107201352529,-0.001628942467964374
62.73942093541203,0,0,3.2,12,9.13625917129201,5.84720586962689e-05,0.009272178173193053,0.002064887965946001,-0.0004540938033063797,-0.001611226796494945
63.1403118040089,0,0,3.2,12,9.13625917129201,5.84720586962689e-05,0.01118610327396625,0.00209303712883548,-0.0005182461145304769,-0.001575335032095055
63.34075723830735,0,0,3.2,12,9.13625917129201,5.84720586962689e-05,0.0116384612382564,0.002106362564925017,-0.0005498550988144174,-0.001557114279198491
63.54120267260579,0,0,3.2,12,9.13625917129201,5.84720586962689e-05,0.01163408393397093,0.00211911811307453,-0.000581116000226386,-0.001538678761264321
63.74164810690423,0,0,3.2,12,9.13625917129201,5.84720586962689e-05,0.01114435573148799,0.002131258710522532,-0.0006120060211158422,-0.001520007544772382
63.94209354120267,0,0,3.2,12,9.13625917129201,5.84720586962689e-05,0.010197369327027,0.002142754178802895,-0.0006425131543073183,-0.001501083242539544
64.14253897550111,0,0,3.2,12,9.13625917129201,5.84720586962689e-05,0.008865706749439808,0.002153577109623127,-0.000672624940051633,-0.001481891050890035
64.34298440979956,0,0,3.2,12,9.13625917129201,5.84720586962689e-05,0.007278959576144551,0.002163710607347425,-0.0007023334946822592,-0.001462420866136906
64.543429844098,0,0,3.2,12,9.13625917129201,5.84720586962689e-05,0.005550781340560401,0.002173145254930583,-0.0007316322591022475,-0.001442667409874772
64.74387527839643,0,0,3.2,12,9.13625917129201,5.84720586962689e-05,0.003800574835196243,0.002181875693969655,-0.0007605167425098816,-0.00142262760478298
64.94432071269487,0,0,3.2,12,9.13625917129201,5.84720586962689e-05,0.002160212832858728,0.002189900327116732,-0.0007889845127186859,-0.0014023003497615
65.14476614699332,0,0,3.2,12,9.13625917129201,5.84720586962689e-05,0.0007240274423348413,0.00219721874577504,-0.0008170328115587661,-0.001381686410263394
65.74610244988864,0,0,3.2,12,9.13625917129201,5.84720586962689e-05,-0.001843116907047703,0.002214993441608978,-0.0008986576819021285,-0.001318173335566686
65.34521158129175,0,0,3.2,12,9.13625917129201,5.84720586962689e-05,-0.0004417766848165879,0.002203833540662426,-0.0008446603256285836,-0.001360788715531482
65.94654788418708,0,0,3.2,12,9.13625917129201,5.84720586962689e-05,-0.002117124471892635,0.002219577404595236,-0.0009250396205306281,-0.001296479232972576
65.5456570155902,0,0,3.2,12,9.13625917129201,5.84720586962689e-05,-0.001292141160861261,0.00220975291954815,-0.0008718673511286641,-0.001339613941215831
66.14699331848553,0,0,3.2,12,9.13625917129201,5.84720586962689e-05,-0.002158875312378572,0.002223529240454078,-0.0009510249087349892,-0.001274542570781145
66.34743875278396,0,0,3.2,12,9.13625917129201,5.84720586962689e-05,-0.002043110278051302,0.002226875697742006,-0.0009766303491679635,-0.001252371548019349
66.5478841870824,0,0,3.2,12,9.13625917129201,5.84720586962689e-05,-0.001821670476005948,0.002229643248886166,-0.00100187501329144,-0.001229971827634564
66.74832962138085,0,0,3.2,12,9.13625917129201,5.84720586962689e-05,-0.001542002841307045,0.002231855151697864,-0.001026780161265995,-0.001207343748939328
66.94877505567928,0,0,3.2,12,9.13625917129201,5.84720586962689e-05,-0.001244482478917914,0.002233531219019215,-0.001051367054656116,-0.001184484403772901
67.14922048997772,0,0,3.2,12,9.13625917129201,5.84720586962689e-05,-0.0009554011939025834,0.00223468859883801,-0.001075654111572776,-0.001161391301528804
67.34966592427617,0,0,3.2,12,9.13625917129201,5.84720586962689e-05,-0.0006733992509737907,0.002235337735479528,-0.001099658248757421,-0.001138057073504442
67.55011135857461,0,0,3.2,12,9.13625917129201,5.84720586962689e-05,-0.0004048853595539969,0.002235484137305912,-0.001123394235338158,-0.001114471945593072
67.75055679287306,0,0,3.2,12,9.13625917129201,5.84720586962689e-05,-0.0001284372844848405,0.002235128689646438,-0.00114687525744681,-0.001090623504919145
68.35189309576838,0,0,3.2,12,9.13625917129201,5.84720586962689e-05,0.0008349339688586854,0.002230982128393558,-0.001215873818555172,-0.001017348544322186
67.95100222717149,0,0,3.2,12,9.13625917129201,5.84720586962689e-05,0.0001723287747715457,0.002234265878832315,-0.001170110822297423,-0.001066497005630567
68.5523385300668,0,0,3.2,12,9.13625917129201,5.84720586962689e-05,0.001158967732381748,0.002228528104579885,-0.00123840868502361,-0.0009922884214125572
68.75278396436525,0,0,3.2,12,9.13625917129201,5.84720586962689e-05,0.001425057065518601,0.002225506318730474,-0.001260715728742979,-0.0009668768369111111
68.15144766146993,0,0,3.2,12,9.13625917129201,5.84720586962689e-05,0.0004933712289402184,0.002232888525558678,-0.001193108727454314,-0.001042078128071548
68.9532293986637,0,0,3.2,12,9.13625917129201,5.84720586962689e-05,0.001578473525428354,0.002221893274667435,-0.001282792415243511,-0.0009410945577353974
69.15367483296214,0,0,3.2,12,9.13625917129201,5.84720586962689e-05,0.001560286291485321,0.002217663078513599,-0.001304632042952393,-0.000914924125218899
69.35412026726058,0,0,3.2,12,9.13625917129201,5.84720586962689e-05,0.001311796336367442,0.002212791139634202,-0.001326225541775548,-0.0008883517819879048
69.55456570155901,0,0,3.2,12,9.13625917129201,5.84720586962689e-05,0.0007770158650303708,0.002207254707282305,-0.001347561107875254,-0.0008613683210381421
69.75501113585746,0,0,3.2,12,9.13625917129201,5.84720586962689e-05,-7.849835381160281e-05,0.002201034546858794,-0.001368627077484758,-0.0008339678192546977
69.9554565701559,0,0,3.2,12,9.13625917129201,5.84720586962689e-05,-0.001233632591953515,0.002194118241296152,-0.001389413639744408,-0.0008061491136498343
70.15590200445433,0,0,3.2,12,9.13625917129201,5.84720586962689e-05,-0.002647207407171674,0.002186499449170437,-0.001409915392237174,-0.0007779123216211873
70.95768374164811,0,0,3.2,12,9.13625917129201,5.84720586962689e-05,-0.00898284704777503,0.002149021906708954,-0.001489072619409251,-0.0006608394768121209
70.35634743875278,0,0,3.2,12,9.13625917129201,5.84720586962689e-05,-0.004235267698855029,0.002178176080439374,-0.001430130725350592,-0.000749258128142278
71.15812917594654,0,0,3.2,12,9.13625917129201,5.84720586962689e-05,-0.0101656131170615,0.00213792852382115,-0.001508164613381061,-0.00063056171576624
70.55679287305122,0,0,3.2,12,9.13625917129201,5.84720586962689e-05,-0.005896782897856309,0.002169152267421709,-0.00145006026285068,-0.000720191852276294
71.35857461024499,0,0,3.2,12,9.13625917129201,5.84720586962689e-05,-0.01098213057621153,0.002126169721070006,-0.00152699384954013,-0.0005998906146415353
70.75723830734967,0,0,3.2,12,9.13625917129201,5.84720586962689e-05,-0.007523225017609881,0.002159432364138042,-0.001469706403808919,-0.0006907175007398881
71.55902004454343,0,0,3.2,12,9.13625917129201,5.84720586962689e-05,-0.01135768965848589,0.002113774467005362,-0.001545576498539118,-0.0005688385170602691
71.75946547884186,0,0,3.2,12,9.13625917129201,5.84720586962689e-05,-0.01127992232015221,0.002100782800248935,-0.00156393270489385,-0.0005374242795751429
71.9599109131403,0,0,3.2,12,9.13625917129201,5.84720586962689e-05,-0.01076538108152889,0.002087245584368548,-0.001582085606170267,-0.0005056740353609996
72.16035634743875,0,0,3.2,12,9.13625917129201,5.84720586962689e-05,-0.009882614040977046,0.002073219140278377,-0.001600059805570821,-0.000473617624881271
72.3608017817372,0,0,3.2,12,9.13625917129201,5.84720586962689e-05,-0.008747790768797252,0.00205875569482122,-0.001617877282340567,-0.000441284546626301
72.56124721603564,0,0,3.2,12,9.13625917129201,5.84720586962689e-05,-0.007470238980944955,0.002043900520091541,-0.001635557053780786,-0.0004087009574651648
72.76169265033407,0,0,3.2,12,9.13625917129201,5.84720586962689e-05,-0.006167812890199211,0.002028700928615904,-0.001653117965665746,-0.0003758953208313464
72.96213808463251,0,0,3.2,12,9.13625917129201,5.84720586962689e-05,-0.004926954045316945,0.002013197505144828,-0.001670576616833352,-0.0003428917600411958
73.16258351893096,0,0,3.2,12,9.13625917129201,5.84720586962689e-05,-0.003801433252921635,0.001997429995432933,-0.001687946889676185,-0.0003097164505305525
73.36302895322939,0,0,3.2,12,9.13625917129201,5.84720586962689e-05,-0.002818602307035248,0.001981431221516887,-0.00170523940770102,-0.0002763919772381622
73.76391982182628,0,0,3.2,12,9.13625917129201,5.84720586962689e-05,-0.001307195472335239,0.001948866819397947,-0.001739628700900088,-0.0002093858609492041
73.56347438752783,0,0,3.2,12,9.13625917129201,5.84720586962689e-05,-0.001986664611515845,0.001965232494938421,-0.001722463861456249,-0.0002429403476993822
73.96436525612472,0,0,3.2,12,9.13625917129201,5.84720586962689e-05,-0.0007842065611944557,0.001932368936096675,-0.001756743738730153,-0.0001757523678434473
74.16481069042317,0,0,3.2,12,9.13625917129201,5.84720586962689e-05,-0.0004054115528919695,0.001915770283584289,-0.00177381512416863,-0.0001420639991989128
74.3652561247216,0,0,3.2,12,9.13625917129201,5.84720586962689e-05,-0.0001669026795068412,0.001899099460216014,-0.001790846222609584,-0.0001083451650981241
74.56570155902004,0,0,3.2,12,9.13625917129201,5.84720586962689e-05,-4.522221698867824e-05,0.001882375449395483,-0.001807832081817708,-7.462043294310244e-05
74.76614699331849,0,0,3.2,12,9.13625917129201,5.84720586962689e-05,-2.073360522604699e-05,0.001865622346559237,-0.001824757577584641,-4.093142077130877e-05
74.96659242761692,0,0,3.2,12,9.13625917129201,5.84720586962689e-05,-5.220015098546144e-05,0.001848840830617596,-0.001841629046248067,-7.27099264324297e-06
75.3674832962138,0,0,3.2,12,9.13625917129201,5.84720586962689e-05,-2.686980639032824e-05,0.001815151052449487,-0.001875256002585589,6.006149401302757e-05
75.16703786191536,0,0,3.2,12,9.13625917129201,5.84720586962689e-05,-7.032793952429223e-05,0.001832019865764085,-0.001858460076328138,2.638818998019002e-05
75.56792873051225,0,0,3.2,12,9.13625917129201,5.84720586962689e-05,0.0001175489436621259,0.001798217068772861,-0.001892029138941493,9.378214359252127e-05
75.7683741648107,0,0,3.2,12,9.13625917129201,5.84720586962689e-05,0.0003615505363266318,0.001781234196381811,-0.001908757156160546,0.0001275092897981959
75.96881959910912,0,0,3.2,12,9.13625917129201,5.84720586962689e-05,0.0007057903039414977,0.001764210342634762,-0.001925420603565005,0.0001612143792390391
76.16926503340757,0,0,3.2,12,9.13625917129201,5.84720586962689e-05,0.001168400262018946,0.001747143795810084,-0.001941994549318905,0.0001948745785495208
76.36971046770601,0,0,3.2,12,9.13625917129201,5.84720586962689e-05,0.001772321457267655,0.001730028379983651,-0.0019584522182444,0.000228470376694178
76.57015590200444,0,0,3.2,12,9.13625917129201,5.84720586962689e-05,0.002526846007020336,0.001712857277317501,-0.00197475820579096,0.0002619742746503724
76.77060133630289,0,0,3.2,12,9.13625917129201,5.84720586962689e-05,0.003436766355329059,0.001695621921271398,-0.001990876547910143,0.0002953595517540887
76.97104677060133,0,0,3.2,12,9.13625917129201,5.84720586962689e-05,0.004486611544728722,0.00167831336891754,-0.002006776663404512,0.0003286043688486518
77.17149220489978,0,0,3.2,12,9.13625917129201,5.84720586962689e-05,0.005662299311968964,0.001660920619756332,-0.002022424301252785,0.0003616850947820694
77.37193763919822,0,0,3.2,12,9.13625917129201,5.84720586962689e-05,0.00692707281768711,0.001643431039718859,-0.002037785967105916,0.000394580478608004
77.57238307349665,0,0,3.2,12,9.13625917129201,5.84720586962689e-05,0.008220731985020416,0.0016258289891651,-0.002052819696293949,0.000427263937006199
77.7728285077951,0,0,3.2,12,9.13625917129201,5.84720586962689e-05,0.009459928801586475,0.001608096100787752,-0.002067477334344032,0.0004597056592585138
77.97327394209354,0,0,3.2,12,9.13625917129201,5.84720586962689e-05,0.01053240387509725,0.001590213570711656,-0.002081714445004159,0.0004918801033418383
78.57461024498886,0,0,3.2,12,9.13625917129201,5.84720586962689e-05,0.01164847196102261,0.001535451112117768,-0.002121383903467413,0.0005865066368450903
78.17371937639197,0,0,3.2,12,9.13625917129201,5.84720586962689e-05,0.01131893822711494,0.001572160992420525,-0.002095481600814679,0.000523758598791365
78.37416481069042,0,0,3.2,12,9.13625917129201,5.84720586962689e-05,0.01171536652592843,0.001553914851261603,-0.002108722994334202,0.0005553104201327769
78.7750556792873,0,0,3.2,12,9.13625917129201,5.84720586962689e-05,0.01109540785328039,0.001516747917698005,-0.002133420362398795,0.000617326441644274
79.37639198218262,0,0,3.2,12,9.13625917129201,5.84720586962689e-05,0.007126174579640167,0.001459046997563265,-0.002165504980875485,0.0007074070294333431
78.97550111358575,0,0,3.2,12,9.13625917129201,5.84720586962689e-05,0.01010187068031414,0.001497787971862978,-0.00214479946154445,0.0006477549249117683
79.57683741648107,0,0,3.2,12,9.13625917129201,5.84720586962689e-05,0.005393070310424065,0.001439253262187146,-0.002174814050218256,0.000736622247902374
79.17594654788418,0,0,3.2,12,9.13625917129201,5.84720586962689e-05,0.008739390830560391,0.001478556919730471,-0.00215549759461538,0.0006777829100080212
79.7772828507795,0,0,3.2,12,9.13625917129201,5.84720586962689e-05,0.00366623385936086,0.001419173590375135,-0.002183422000586532,0.0007654256905073868
79.97772828507794,0,0,3.2,12,9.13625917129201,5.84720586962689e-05,0.00206290033170746,0.001398807449384548,-0.00219132664725431,0.0007938137493262991
80.17817371937639,0,0,3.2,12,9.13625917129201,5.84720586962689e-05,0.0006686760490745019,0.001378154678804557,-0.002198528388496706,0.0008217855319556554
80.37861915367483,0,0,3.2,12,9.13625917129201,5.84720586962689e-05,-0.0004472242389230741,0.001357218225662469,-0.002205030851801721,0.0008493408189432974
80.77951002227171,0,0,3.2,12,9.13625917129201,5.84720586962689e-05,-0.001759331402591248,0.001314521802622851,-0.002215982101846327,0.0009032133025510744
80.97995545657015,0,0,3.2,12,9.13625917129201,5.84720586962689e-05,-0.001992522816054345,0.001292784884395488,-0.002220469167617516,0.0009295424325080359
81.1804008908686,0,0,3.2,12,9.13625917129201,5.84720586962689e-05,-0.002012083621083635,0.001270803937070031,-0.00222432940723134,0.0009554814948194673
80.57906458797328,0,0,3.2,12,9.13625917129201,5.84720586962689e-05,-0.001256746909283605,0.001336003708292033,-0.002210843352203153,0.0008764820830874833
81.38084632516703,0,0,3.2,12,9.13625917129201,5.84720586962689e-05,-0.001863840935627374,0.001248589729298181,-0.002227589732118538,0.000981044871356285
81.58129175946547,0,0,3.2,12,9.13625917129201,5.84720586962689e-05,-0.001605425315074104,0.001226150477085918,-0.002230276409978161,0.001006248900544894
81.78173719376392,0,0,3.2,12,9.13625917129201,5.84720586962689e-05,-0.001292240559441786,0.001203488785551716,-0.002232411889209397,0.00103111182820014
81.98218262806236,0,0,3.2,12,9.13625917129201,5.84720586962689e-05,-0.0009601543273678269,0.001180601023732199,-0.002234013455081571,0.001055653117490308
82.1826280623608,0,0,3.2,12,9.13625917129201,5.84720586962689e-05,-0.0006428973178670027,0.001157480503649719,-0.00223509610189582,0.00107989321620467
82.38307349665924,0,0,3.2,12,9.13625917129201,5.84720586962689e-05,-0.0003344332411417747,0.001134116508329462,-0.002235669543952235,0.00110385163353136
82.58351893095768,0,0,3.2,12,9.13625917129201,5.84720586962689e-05,-1.423755875975704e-05,0.001110497665933023,-0.002235739207413157,0.001127544665857718
82.78396436525613,0,0,3.2,12,9.13625917129201,5.84720586962689e-05,0.0003106456334489861,0.001086610014527805,-0.002235306468614359,0.001150987590411014
82.98440979955456,0,0,3.2,12,9.13625917129201,5.84720586962689e-05,0.0006550294470786846,0.001062438173038229,-0.002234366564356809,0.00117419139302551
83.184855233853,0,0,3.2,12,9.13625917129201,5.84720586962689e-05,0.001012234958232341,0.001037966496629372,-0.002232910191224747,0.001197163156388333
83.38530066815144,0,0,3.2,12,9.13625917129201,5.84720586962689e-05,0.001356562774715185,0.00101317771946221,-0.00223092264323099,0.00121990652709594
83.58574610244989,0,0,3.2,12,9.13625917129201,5.84720586962689e-05,0.001653356514330681,0.0009880570899995383,-0.002228386137308541,0.001242419852695267
83.78619153674833,0,0,3.2,12,9.13625917129201,5.84720586962689e-05,0.001849575607360399,0.0009625886854327362,-0.002225279654277158,0.001264699646772968
83.98663697104676,0,0,3.2,12,9.13625917129201,5.84720586962689e-05,0.001875184462261034,0.0009367548775406912,-0.002221578023336796,0.001286740049590086
84.18708240534521,0,0,3.2,12,9.13625917129201,5.84720586962689e-05,0.001684875831464134,0.0009105368949185123,-0.002217254357792871,0.001308534692929557
84.38752783964365,0,0,3.2,12,9.13625917129201,5.84720586962689e-05,0.001245191025506351,0.0008839180312315934,-0.002212282577172424,0.001330075991783134
84.58797327394208,0,0,3.2,12,9.13625917129201,5.84720586962689e-05,0.0005275725975053444,0.0008568852111733366,-0.002206640451600292,0.001351356492591311
84.78841870824053,0,0,3.2,12,9.13625917129201,5.84720586962689e-05,-0.0004626423141928355,0.0008294307150607629,-0.002200309930217351,0.001372367373117865
84.98886414253897,0,0,3.2,12,9.13625917129201,5.84720586962689e-05,-0.001691061594416558,0.0008015530353348739,-0.002193279149589294,0.001393099604821299
85.18930957683742,0,0,3.2,12,9.13625917129201,5.84720586962689e-05,-0.003126629006045843,0.0007732544482159417,-0.002185544003711161,0.001413547892151854
85.38975501113586,0,0,3.2,12,9.13625917129201,5.84720586962689e-05,-0.004688862270327668,0.0007445411313732213,-0.002177106721274772,0.001433709663971196
85.59020044543429,0,0,3.2,12,9.13625917129201,5.84720586962689e-05,-0.006282335734511468,0.0007154167124209418,-0.002167969593309397,0.001453585446869263
85.79064587973274,0,0,3.2,12,9.13625917129201,5.84720586962689e-05,-0.007810406445154293,0.0006858855879395476,-0.002158137292984018,0.001473177592699285
85.99109131403118,0,0,3.2,12,9.13625917129201,5.84720586962689e-05,-0.009159961010345188,0.0006559509606134854,-0.002147614947581263,0.001492490398560672
86.19153674832961,0,0,3.2,12,9.13625917129201,5.84720586962689e-05,-0.01022474674527655,0.0006256149609819385,-0.002136410108992704,0.001511531046662564
86.39198218262806,0,0,3.2,12,9.13625917129201,5.84720586962689e-05,-0.01092514770091443,0.0005948873861405427,-0.002124545943849726,0.001530313063228352
86.5924276169265,0,0,3.2,12,9.13625917129201,5.84720586962689e-05,-0.01120095950741832,0.000563780886109802,-0.002112052321749837,0.001548853147259175
86.79287305122494,0,0,3.2,12,9.13625917129201,5.84720586962689e-05,-0.01103162863876915,0.0005323168795010845,-0.002098971699879641,0.001567171250558242
86.99331848552339,0,0,3.2,12,9.13625917129201,5.84720586962689e-05,-0.01045356524538016,0.0005005186210640855,-0.002085350837277316,0.00158528925362989
87.19376391982182,0,0,3.2,12,9.13625917129201,5.84720586962689e-05,-0.009532532962705457,0.0004684175170130689,-0.002071247284770159,0.001603231548506615
87.39420935412026,0,0,3.2,12,9.13625917129201,5.84720586962689e-05,-0.008369505989408936,0.0004360429124387347,-0.002056712445756163,0.001621019640357711
87.59465478841871,0,0,3.2,12,9.13625917129201,5.84720586962689e-05,-0.007085044924511351,0.000403421601677158,-0.002041792523670247,0.001638672850349686
87.79510022271714,0,0,3.2,12,9.13625917129201,5.84720586962689e-05,-0.00578773944470966,0.0003705822157735539,-0.002026534676108437,0.001656209715120859
87.99554565701558,0,0,3.2,12,9.13625917129201,5.84720586962689e-05,-0.004574586423133686,0.0003375483511784957,-0.00201097804419797,0.001673645978326197
88.19599109131403,0,0,3.2,12,9.13625917129201,5.84720586962689e-05,-0.003499753512697417,0.0003043434916217388,-0.00199515935270786,0.001690995185626543
88.39643652561247,0,0,3.2,12,9.13625917129201,5.84720586962689e-05,-0.002588234630229105,0.0002709919392053904,-0.001979114303096594,0.001708269094037391
88.59688195991092,0,0,3.2,12,9.13625917129201,5.84720586962689e-05,-0.001831102571369709,0.0002375170123394007,-0.001962875069286488,0.001725476875724375
88.79732739420935,0,0,3.2,12,9.13625917129201,5.84720586962689e-05,-0.001223673209914038,0.000203943734841559,-0.001946474949512419,0.001742626438724752
88.99777282850779,0,0,3.2,12,9.13625917129201,5.84720586962689e-05,-0.0007482309813023678,0.0001702992481653835,-0.001929949544699482,0.001759725175983404
89.39866369710467,0,0,3.2,12,9.13625917129201,5.84720586962689e-05,-0.0001505742997705965,0.0001028877239730238,-0.001896638848175045,0.001793791064050285
89.19821826280624,0,0,3.2,12,9.13625917129201,5.84720586962689e-05,-0.0003956515360900814,0.0001366072757488142,-0.001913329350205439,0.001776778780438591
89.59910913140311,0,0,3.2,12,9.13625917129201,5.84720586962689e-05,5.60800993586953e-07,6.916700766954368e-05,-0.001879898578093934,0.001810756856811691
89.79955456570156,0,0,3.2,12,9.13625917129201,5.84720586962689e-05,3.259314573988529e-05,3.548866093134868e-05,-0.00186313281675871,0.001827659388760617
90.0,0,0,3.2,12,9.13625917129201,5.84720586962689e-05,1.744758710401156e-05,1.832890655703058e-06,-0.001846334218907178,0.001844508820985635
