degel,degmech,irms,magnet_depth,magnet_angle,angle_margin,i,magnet_width,x,y,magarea,torque_airgap,flux_a,flux_b,flux_c
0.0,45.0,16.970562748477143,2.25,12.5,0,12,5.315500094009459,2.25,12.5,4.783950084608515e-05,0.9213942194638396,0.0007542907911047641,0.001784426235174283,-0.002528788165109484
0.8017817371937639,45.200445434298445,16.970562748477143,2.25,12.5,0,12,5.315500094009459,2.25,12.5,4.783950084608515e-05,0.9006222611242979,0.0007863288847137295,0.001757292763424538,-0.002533359148480595
1.6035634743875278,45.40089086859688,16.970562748477143,2.25,12.5,0,12,5.315500094009459,2.25,12.5,4.783950084608515e-05,0.8802605627330958,0.0008183158227349394,0.001729692444814901,-0.002537432851734906
2.4053452115812917,45.60133630289532,16.970562748477143,2.25,12.5,0,12,5.315500094009459,2.25,12.5,4.783950084608515e-05,0.8603052555072241,0.0008502523917744548,0.001701638118527692,-0.002541023175241023
3.2071269487750556,45.801781737193764,16.970562748477143,2.25,12.5,0,12,5.315500094009459,2.25,12.5,4.783950084608515e-05,0.8408022020960803,0.0008821414528136278,0.001673139328520461,-0.00254414327006775
4.008908685968819,46.00222717149221,16.970562748477143,2.25,12.5,0,12,5.315500094009459,2.25,12.5,4.783950084608515e-05,0.8218492792441491,0.0009139702028820743,0.001644220389716667,-0.002546805327019553
4.810690423162583,46.202672605790646,16.970562748477143,2.25,12.5,0,12,5.315500094009459,2.25,12.5,4.783950084608515e-05,0.8036251953624316,0.0009457376851380398,0.001614894047513798,-0.002549021548740623
5.612472160356347,46.40311804008908,16.970562748477143,2.25,12.5,0,12,5.315500094009459,2.25,12.5,4.783950084608515e-05,0.7863663795941949,0.0009774454288124144,0.001585171676862711,-0.002550804812836825
6.414253897550111,46.60356347438753,16.970562748477143,2.25,12.5,0,12,5.315500094009459,2.25,12.5,4.783950084608515e-05,0.7703650332496462,0.001009084838793416,0.001555076247458721,-0.002552169248626536
7.216035634743875,46.80400890868597,16.970562748477143,2.25,12.5,0,12,5.315500094009459,2.25,12.5,4.783950084608515e-05,0.7559307892632869,0.001040645804287536,0.00152463347401178,-0.002553130328565946
8.017817371937639,47.00445434298441,16.970562748477143,2.25,12.5,0,12,5.315500094009459,2.25,12.5,4.783950084608515e-05,0.7433617129185817,0.001072112397599692,0.001493876477295608,-0.00255370524017991
8.819599109131403,47.20489977728285,16.970562748477143,2.25,12.5,0,12,5.315500094009459,2.25,12.5,4.783950084608515e-05,0.7329313051219837,0.001103490343818597,0.001462819449523573,-0.002553913465282855
9.621380846325167,47.40534521158129,16.970562748477143,2.25,12.5,0,12,5.315500094009459,2.25,12.5,4.783950084608515e-05,0.7248589184039241,0.001134781395909562,0.001431482759545876,-0.002553776223946942
11.224944320712694,47.806236080178174,16.970562748477143,2.25,12.5,0,12,5.315500094009459,2.25,12.5,4.783950084608515e-05,0.7163164249734469,0.00119715558140237,0.00136800982229772,-0.002552553298518032
12.026726057906458,48.00668151447661,16.970562748477143,2.25,12.5,0,12,5.315500094009459,2.25,12.5,4.783950084608515e-05,0.7158863287577377,0.00122827098734135,0.001335883088433369,-0.00255150765094117
14.43207126948775,48.60801781737194,16.970562748477143,2.25,12.5,0,12,5.315500094009459,2.25,12.5,4.783950084608515e-05,0.729036642214382,0.001321387398105889,0.001238053197618716,-0.002546795991586823
12.828507795100222,48.207126948775056,16.970562748477143,2.25,12.5,0,12,5.315500094009459,2.25,12.5,4.783950084608515e-05,0.7179381713727929,0.001259339835364455,0.001303516088698962,-0.002550192885175498
13.630289532293986,48.4075723830735,16.970562748477143,2.25,12.5,0,12,5.315500094009459,2.25,12.5,4.783950084608515e-05,0.722361207082944,0.001290376613869322,0.001270905769939654,-0.002548620071214452
18.44097995545657,49.61024498886414,16.970562748477143,2.25,12.5,0,12,5.315500094009459,2.25,12.5,4.783950084608515e-05,0.792706521907342,0.001476526207481907,0.001069738908728071,-0.002533949505065999
15.233853006681514,48.808463251670375,16.970562748477143,2.25,12.5,0,12,5.315500094009459,2.25,12.5,4.783950084608515e-05,0.737859875427871,0.001352381967534132,0.001204953369468163,-0.002544724847888116
16.035634743875278,49.00890868596882,16.970562748477143,2.25,12.5,0,12,5.315500094009459,2.25,12.5,4.783950084608515e-05,0.7487289847291593,0.001383381913300265,0.001171586701440073,-0.002542408146272924
16.83741648106904,49.209354120267264,16.970562748477143,2.25,12.5,0,12,5.315500094009459,2.25,12.5,4.783950084608515e-05,0.7615659307334444,0.001414405451497075,0.001137933559445744,-0.002539844358831367
17.639198218262806,49.4097995545657,16.970562748477143,2.25,12.5,0,12,5.315500094009459,2.25,12.5,4.783950084608515e-05,0.7762617879262933,0.001445455355342601,0.001103985579047262,-0.002537027926965517
19.242761692650333,49.81069042316258,16.970562748477143,2.25,12.5,0,12,5.315500094009459,2.25,12.5,4.783950084608515e-05,0.8107965008854995,0.001507613506698003,0.0010351874184658,-0.002530598398896355
10.42316258351893,47.605790645879736,16.970562748477143,2.25,12.5,0,12,5.315500094009459,2.25,12.5,4.783950084608515e-05,0.719300260685893,0.001165994697499486,0.001399880458239652,-0.002553315624944266
20.044543429844097,50.01113585746103,16.970562748477143,2.25,12.5,0,12,5.315500094009459,2.25,12.5,4.783950084608515e-05,0.8303862364882737,0.001538712164182281,0.001000325914184027,-0.002526964191096363
20.84632516703786,50.211581291759465,16.970562748477143,2.25,12.5,0,12,5.315500094009459,2.25,12.5,4.783950084608515e-05,0.8513349594751498,0.001569812155118785,0.0009651544283547482,-0.002523036724485626
21.648106904231625,50.4120267260579,16.970562748477143,2.25,12.5,0,12,5.315500094009459,2.25,12.5,4.783950084608515e-05,0.873460911335968,0.001600901058673058,0.0009296752794654473,-0.002518805765760386
22.44988864142539,50.61247216035635,16.970562748477143,2.25,12.5,0,12,5.315500094009459,2.25,12.5,4.783950084608515e-05,0.8965511402804337,0.001631964736051236,0.0008938920886533763,-0.002514260719672425
23.251670378619153,50.81291759465479,16.970562748477143,2.25,12.5,0,12,5.315500094009459,2.25,12.5,4.783950084608515e-05,0.9203606839737549,0.001662986745086075,0.0008578123282154574,-0.002509392567398369
24.053452115812917,51.01336302895323,16.970562748477143,2.25,12.5,0,12,5.315500094009459,2.25,12.5,4.783950084608515e-05,0.9446206154656562,0.001693944827189438,0.0008214497900056365,-0.002504192870255214
24.85523385300668,51.21380846325167,16.970562748477143,2.25,12.5,0,12,5.315500094009459,2.25,12.5,4.783950084608515e-05,0.9690514912987667,0.001724813135866473,0.0007848212528240737,-0.002498652765946195
25.657015590200444,51.41425389755011,16.970562748477143,2.25,12.5,0,12,5.315500094009459,2.25,12.5,4.783950084608515e-05,0.993384636671799,0.001755565076943458,0.0007479400758587265,-0.002492759705465418
26.45879732739421,51.614699331848556,16.970562748477143,2.25,12.5,0,12,5.315500094009459,2.25,12.5,4.783950084608515e-05,1.017381007532404,0.001786168822903052,0.000710826023396972,-0.002486502655018175
27.260579064587972,51.81514476614699,16.970562748477143,2.25,12.5,0,12,5.315500094009459,2.25,12.5,4.783950084608515e-05,1.040833524360626,0.001816588217363432,0.0006735051978724711,-0.002479872870874139
28.062360801781736,52.01559020044543,16.970562748477143,2.25,12.5,0,12,5.315500094009459,2.25,12.5,4.783950084608515e-05,1.063541244868897,0.001846783334712394,0.0006360176826164082,-0.002472871577794536
28.8641425389755,52.216035634743875,16.970562748477143,2.25,12.5,0,12,5.315500094009459,2.25,12.5,4.783950084608515e-05,1.085357138863887,0.00187671150100001,0.000598402581196981,-0.002465494039705583
29.665924276169264,52.41648106904232,16.970562748477143,2.25,12.5,0,12,5.315500094009459,2.25,12.5,4.783950084608515e-05,1.106202453829761,0.00190633067554126,0.0005606857965977191,-0.002457721131371975
31.26948775055679,52.817371937639194,16.970562748477143,2.25,12.5,0,12,5.315500094009459,2.25,12.5,4.783950084608515e-05,1.145024282399163,0.001964398920176841,0.0004850072935674301,-0.00244080110741801
32.071269487750556,53.01781737193764,16.970562748477143,2.25,12.5,0,12,5.315500094009459,2.25,12.5,4.783950084608515e-05,1.162972749831708,0.001992682163223401,0.0004471110931556586,-0.00243155566132205
32.87305122494432,53.21826280623608,16.970562748477143,2.25,12.5,0,12,5.315500094009459,2.25,12.5,4.783950084608515e-05,1.179909810780262,0.00202041481630368,0.0004092347584169843,-0.002421797450216756
33.67483296213808,53.41870824053452,16.970562748477143,2.25,12.5,0,12,5.315500094009459,2.25,12.5,4.783950084608515e-05,1.195787395523605,0.00204760141948843,0.0003714252794643235,-0.002411581558333197
30.467706013363028,52.61692650334076,16.970562748477143,2.25,12.5,0,12,5.315500094009459,2.25,12.5,4.783950084608515e-05,1.126093795739658,0.001935588778120593,0.000522878767333559,-0.002449510303300174
34.47661469933185,53.61915367483296,16.970562748477143,2.25,12.5,0,12,5.315500094009459,2.25,12.5,4.783950084608515e-05,1.21051953852054,0.002074248749672413,0.0003337422309831715,-0.002400979814490023
36.88195991091314,54.220489977728285,16.970562748477143,2.25,12.5,0,12,5.315500094009459,2.25,12.5,4.783950084608515e-05,1.246387790160068,0.002150248985872808,0.0002219440765820143,-0.002366676488970198
35.27839643652561,53.8195991091314,16.970562748477143,2.25,12.5,0,12,5.315500094009459,2.25,12.5,4.783950084608515e-05,1.223986103540385,0.002100330226552994,0.0002962383424659299,-0.002390023687262045
36.080178173719375,54.02004454342985,16.970562748477143,2.25,12.5,0,12,5.315500094009459,2.25,12.5,4.783950084608515e-05,1.235996508865542,0.002125714898492568,0.0002589625445831906,-0.002378631964503066
37.6837416481069,54.42093541202672,16.970562748477143,2.25,12.5,0,12,5.315500094009459,2.25,12.5,4.783950084608515e-05,1.255165206114505,0.002173870030311914,0.0001851325956130128,-0.002354026534498015
38.48552338530067,54.62138084632517,16.970562748477143,2.25,12.5,0,12,5.315500094009459,2.25,12.5,4.783950084608515e-05,1.262423869895004,0.002196641971392097,0.0001484555399462827,-0.002340653127179979
39.28730512249443,54.82182628062361,16.970562748477143,2.25,12.5,0,12,5.315500094009459,2.25,12.5,4.783950084608515e-05,1.268114374220463,0.002218563613558342,0.0001119420056263534,-0.002326587598040175
40.089086859688194,55.02227171492205,16.970562748477143,2.25,12.5,0,12,5.315500094009459,2.25,12.5,4.783950084608515e-05,1.272070132312276,0.002239549375186648,7.570114865582483e-05,-0.002311870134567801
40.89086859688196,55.222717149220486,16.970562748477143,2.25,12.5,0,12,5.315500094009459,2.25,12.5,4.783950084608515e-05,1.274104198938852,0.002259521643305993,3.987035197474572e-05,-0.002296576643095139
41.69265033407572,55.42316258351893,16.970562748477143,2.25,12.5,0,12,5.315500094009459,2.25,12.5,4.783950084608515e-05,1.274264246269316,0.002278490043630028,4.453045844670065e-06,-0.002280726119695249
42.494432071269486,55.623608017817375,16.970562748477143,2.25,12.5,0,12,5.315500094009459,2.25,12.5,4.783950084608515e-05,1.272821419622358,0.002296565580497868,-3.069404044486903e-05,-0.002264258930206044
43.29621380846325,55.82405345211581,16.970562748477143,2.25,12.5,0,12,5.315500094009459,2.25,12.5,4.783950084608515e-05,1.269993094688859,0.002313839755435863,-6.56914649935843e-05,-0.002247128009412283
44.097995545657014,56.02449888641425,16.970562748477143,2.25,12.5,0,12,5.315500094009459,2.25,12.5,4.783950084608515e-05,1.265721084275387,0.002330285543193469,-0.0001004961095235686,-0.002229359026251021
44.89977728285078,56.224944320712694,16.970562748477143,2.25,12.5,0,12,5.315500094009459,2.25,12.5,4.783950084608515e-05,1.259859489833561,0.002345831978323752,-0.0001350116764873777,-0.002210991370207909
45.70155902004454,56.42538975501114,16.970562748477143,2.25,12.5,0,12,5.315500094009459,2.25,12.5,4.783950084608515e-05,1.252298615226364,0.002360458735892431,-0.0001691649827693344,-0.002192090754814137
46.503340757238306,56.625835189309576,16.970562748477143,2.25,12.5,0,12,5.315500094009459,2.25,12.5,4.783950084608515e-05,1.243072780495481,0.00237426970346425,-0.0002029744400367667,-0.002172739278936694
47.30512249443207,56.826280623608014,16.970562748477143,2.25,12.5,0,12,5.315500094009459,2.25,12.5,4.783950084608515e-05,1.232330058382939,0.002387429608031387,-0.0002365575150045644,-0.002152958966759832
48.10690423162583,57.02672605790646,16.970562748477143,2.25,12.5,0,12,5.315500094009459,2.25,12.5,4.783950084608515e-05,1.220254419472563,0.002400098279052175,-0.0002700571568937928,-0.002132740959319421
48.9086859688196,57.2271714922049,16.970562748477143,2.25,12.5,0,12,5.315500094009459,2.25,12.5,4.783950084608515e-05,1.206857762417616,0.002412353545629152,-0.000303508460592408,-0.002112123816792517
52.11581291759465,58.02895322939867,16.970562748477143,2.25,12.5,0,12,5.315500094009459,2.25,12.5,4.783950084608515e-05,1.138291329005344,0.002456412686469503,-0.0004359515755065788,-0.002025934979566568
52.91759465478842,58.229398663697104,16.970562748477143,2.25,12.5,0,12,5.315500094009459,2.25,12.5,4.783950084608515e-05,1.1176357945306,0.002466051748746406,-0.0004686460317796403,-0.002003410072957378
53.71937639198218,58.42984409799554,16.970562748477143,2.25,12.5,0,12,5.315500094009459,2.25,12.5,4.783950084608515e-05,1.096021776877795,0.002475184341127916,-0.0005012424160456711,-0.001980457458135388
50.512249443207125,57.62806236080178,16.970562748477143,2.25,12.5,0,12,5.315500094009459,2.25,12.5,4.783950084608515e-05,1.175647904493381,0.002435486717825342,-0.0003700931427567707,-0.002069777556078736
49.71046770601336,57.42761692650334,16.970562748477143,2.25,12.5,0,12,5.315500094009459,2.25,12.5,4.783950084608515e-05,1.192028787666157,0.002424172955832893,-0.0003368785500222381,-0.002091129674140045
51.31403118040089,57.82850779510022,16.970562748477143,2.25,12.5,0,12,5.315500094009459,2.25,12.5,4.783950084608515e-05,1.157707313530455,0.002446234093788571,-0.0004031153699488994,-0.002048050041613377
54.521158129175944,58.630289532293986,16.970562748477143,2.25,12.5,0,12,5.315500094009459,2.25,12.5,4.783950084608515e-05,1.073743695044895,0.002483821483804753,-0.0005337767902248651,-0.001957047666918154
56.926503340757236,59.231625835189305,16.970562748477143,2.25,12.5,0,12,5.315500094009459,2.25,12.5,4.783950084608515e-05,1.005555546253141,0.002506685565301155,-0.0006309698652188237,-0.001884053866812198
55.32293986636971,58.83073496659243,16.970562748477143,2.25,12.5,0,12,5.315500094009459,2.25,12.5,4.783950084608515e-05,1.051082851845172,0.00249195709774326,-0.0005662486282882093,-0.001933175763177556
56.12472160356347,59.03118040089087,16.970562748477143,2.25,12.5,0,12,5.315500094009459,2.25,12.5,4.783950084608515e-05,1.028284735613406,0.002499581448943076,-0.000598647300917752,-0.001908845639175543
57.728285077951,59.43207126948775,16.970562748477143,2.25,12.5,0,12,5.315500094009459,2.25,12.5,4.783950084608515e-05,0.9830956053898461,0.002513263182844958,-0.0006632297760868851,-0.001858781287583179
58.530066815144764,59.632516703786195,16.970562748477143,2.25,12.5,0,12,5.315500094009459,2.25,12.5,4.783950084608515e-05,0.9610152568083405,0.002519312311108186,-0.000695432916881581,-0.001833019358834784
59.33184855233853,59.83296213808463,16.970562748477143,2.25,12.5,0,12,5.315500094009459,2.25,12.5,4.783950084608515e-05,0.9393578967380337,0.002524835194835071,-0.0007275737066856922,-0.001806774399809673
60.13363028953229,60.03340757238307,16.970562748477143,2.25,12.5,0,12,5.315500094009459,2.25,12.5,4.783950084608515e-05,0.9181409715737654,0.002529838342291768,-0.0007596465111083854,-0.001780057417013802
60.935412026726056,60.233853006681514,16.970562748477143,2.25,12.5,0,12,5.315500094009459,2.25,12.5,4.783950084608515e-05,0.8973642863226513,0.002534332358917746,-0.0007916608132709348,-0.001752869034787373
61.73719376391982,60.43429844097996,16.970562748477143,2.25,12.5,0,12,5.315500094009459,2.25,12.5,4.783950084608515e-05,0.8770153138173927,0.002538330462307309,-0.000823627964856161,-0.001725210966873646
62.53897550111358,60.634743875278396,16.970562748477143,2.25,12.5,0,12,5.315500094009459,2.25,12.5,4.783950084608515e-05,0.8571057329037239,0.002541847004434319,-0.0008555500744625782,-0.001697095190249659
63.34075723830735,60.83518930957683,16.970562748477143,2.25,12.5,0,12,5.315500094009459,2.25,12.5,4.783950084608515e-05,0.8376975860426163,0.002544895980734164,-0.0008874314673085086,-0.001668530769223712
64.14253897550111,61.03563474387528,16.970562748477143,2.25,12.5,0,12,5.315500094009459,2.25,12.5,4.783950084608515e-05,0.818874625059709,0.002547490111128956,-0.0009192573218254262,-0.001639544666389435
64.94432071269487,61.23608017817372,16.970562748477143,2.25,12.5,0,12,5.315500094009459,2.25,12.5,4.783950084608515e-05,0.800824035782976,0.002549641597250067,-0.0009510214998374106,-0.001610154901274488
65.74610244988864,61.43652561247216,16.970562748477143,2.25,12.5,0,12,5.315500094009459,2.25,12.5,4.783950084608515e-05,0.7837870335852165,0.002551362887988513,-0.0009827221875886724,-0.001580375724848561
66.5478841870824,61.6369710467706,16.970562748477143,2.25,12.5,0,12,5.315500094009459,2.25,12.5,4.783950084608515e-05,0.7680485093895933,0.002552667606875982,-0.001014355913408072,-0.001550224422813692
67.34966592427617,61.83741648106904,16.970562748477143,2.25,12.5,0,12,5.315500094009459,2.25,12.5,4.783950084608515e-05,0.7539180803697656,0.002553571888670435,-0.001045917175629379,-0.001519722944983386
68.15144766146993,62.037861915367486,16.970562748477143,2.25,12.5,0,12,5.315500094009459,2.25,12.5,4.783950084608515e-05,0.7416903129971801,0.002554093914389493,-0.001077400243039846,-0.001488895431310974
69.75501113585746,62.43875278396436,16.970562748477143,2.25,12.5,0,12,5.315500094009459,2.25,12.5,4.783950084608515e-05,0.7239271680444677,0.002554071477621934,-0.001140096359418563,-0.001426379446236553
68.9532293986637,62.238307349665924,16.970562748477143,2.25,12.5,0,12,5.315500094009459,2.25,12.5,4.783950084608515e-05,0.7316266124175818,0.002554253541074634,-0.00110879627045867,-0.00145777082674676
71.35857461024499,62.83964365256125,16.970562748477143,2.25,12.5,0,12,5.315500094009459,2.25,12.5,4.783950084608515e-05,0.7160680828468242,0.002552767738884872,-0.001202446885349593,-0.001362848422912376
72.16035634743875,63.04008908685969,16.970562748477143,2.25,12.5,0,12,5.315500094009459,2.25,12.5,4.783950084608515e-05,0.7159755246551182,0.002551684295610568,-0.001233535938659018,-0.00133071031866605
72.96213808463251,63.240534521158125,16.970562748477143,2.25,12.5,0,12,5.315500094009459,2.25,12.5,4.783950084608515e-05,0.7183700939213681,0.002550334685783209,-0.001264589970482379,-0.001298323734238856
70.55679287305122,62.639198218262806,16.970562748477143,2.25,12.5,0,12,5.315500094009459,2.25,12.5,4.783950084608515e-05,0.7187180565615593,0.00255356955481042,-0.001171308159324563,-0.001394736673444789
73.76391982182628,63.44097995545657,16.970562748477143,2.25,12.5,0,12,5.315500094009459,2.25,12.5,4.783950084608515e-05,0.7231305026754784,0.002548729880987299,-0.00129561772831703,-0.001265691329062851
74.56570155902004,63.641425389755014,16.970562748477143,2.25,12.5,0,12,5.315500094009459,2.25,12.5,4.783950084608515e-05,0.7301501905837032,0.002546876395733604,-0.001326633941647304,-0.001232805262214877
75.3674832962138,63.84187082405345,16.970562748477143,2.25,12.5,0,12,5.315500094009459,2.25,12.5,4.783950084608515e-05,0.73929373326702,0.002544777143505818,-0.001357639744731754,-0.001199667718158171
76.16926503340757,64.04231625835189,16.970562748477143,2.25,12.5,0,12,5.315500094009459,2.25,12.5,4.783950084608515e-05,0.7504431346995201,0.002542431042608666,-0.001388632595220594,-0.001166280524053047
76.97104677060133,64.24276169265033,16.970562748477143,2.25,12.5,0,12,5.315500094009459,2.25,12.5,4.783950084608515e-05,0.7635263637501444,0.002539835368534264,-0.00141963574909405,-0.00113261788871864
77.7728285077951,64.44320712694878,16.970562748477143,2.25,12.5,0,12,5.315500094009459,2.25,12.5,4.783950084608515e-05,0.7784791125111699,0.002536985456712862,-0.001450668681551603,-0.001098655483743279
78.57461024498886,64.64365256124722,16.970562748477143,2.25,12.5,0,12,5.315500094009459,2.25,12.5,4.783950084608515e-05,0.7951860663317708,0.002533873273314351,-0.001481727616370855,-0.001064388790882515
79.37639198218262,64.84409799554565,16.970562748477143,2.25,12.5,0,12,5.315500094009459,2.25,12.5,4.783950084608515e-05,0.8135220415832228,0.002530488489078385,-0.001512807515927624,-0.001029812497120412
80.97995545657015,65.24498886414254,16.970562748477143,2.25,12.5,0,12,5.315500094009459,2.25,12.5,4.783950084608515e-05,0.8545294520495024,0.002522856231362785,-0.001574999588379433,-0.0009597180477830947
81.78173719376392,65.44543429844097,16.970562748477143,2.25,12.5,0,12,5.315500094009459,2.25,12.5,4.783950084608515e-05,0.8768213702438127,0.002518587382999035,-0.001606080922924747,-0.0009242098192586142
82.58351893095768,65.64587973273942,16.970562748477143,2.25,12.5,0,12,5.315500094009459,2.25,12.5,4.783950084608515e-05,0.9000365129236096,0.002514002841966965,-0.001637134000481827,-0.0008883989760524513
80.17817371937639,65.0445434298441,16.970562748477143,2.25,12.5,0,12,5.315500094009459,2.25,12.5,4.783950084608515e-05,0.833363160087299,0.002526819789967217,-0.001543902939265648,-0.0009949210362178728
83.38530066815144,65.84632516703786,16.970562748477143,2.25,12.5,0,12,5.315500094009459,2.25,12.5,4.783950084608515e-05,0.9239216539978886,0.002509093028100203,-0.001668143354871171,-0.0008522914038816776
84.18708240534521,66.0467706013363,16.970562748477143,2.25,12.5,0,12,5.315500094009459,2.25,12.5,4.783950084608515e-05,0.9482102243074858,0.002503847702642735,-0.001699085499362344,-0.0008159002488036323
84.98886414253897,66.24721603563475,16.970562748477143,2.25,12.5,0,12,5.315500094009459,2.25,12.5,4.783950084608515e-05,0.9726482568898939,0.002498255305182567,-0.001729935831830502,-0.0007792381988390791
85.79064587973274,66.44766146993318,16.970562748477143,2.25,12.5,0,12,5.315500094009459,2.25,12.5,4.783950084608515e-05,0.9969923283134424,0.002492303393935966,-0.001760666728200505,-0.000742319700727504
86.5924276169265,66.64810690423162,16.970562748477143,2.25,12.5,0,12,5.315500094009459,2.25,12.5,4.783950084608515e-05,1.020992442895073,0.002485980867537976,-0.001791242463880892,-0.0007051683063959072
87.39420935412026,66.84855233853007,16.970562748477143,2.25,12.5,0,12,5.315500094009459,2.25,12.5,4.783950084608515e-05,1.044439948704964,0.002479283227309365,-0.001821626448546363,-0.000667814877812633
88.19599109131403,67.0489977728285,16.970562748477143,2.25,12.5,0,12,5.315500094009459,2.25,12.5,4.783950084608515e-05,1.067160636089275,0.002472208610488164,-0.001851782112213971,-0.0006302930252863431
88.99777282850779,67.24944320712694,16.970562748477143,2.25,12.5,0,12,5.315500094009459,2.25,12.5,4.783950084608515e-05,1.089017863881123,0.002464750765377158,-0.001881665667087134,-0.0005926418277010905
89.79955456570156,67.44988864142539,16.970562748477143,2.25,12.5,0,12,5.315500094009459,2.25,12.5,4.783950084608515e-05,1.10992086387715,0.002456891135887195,-0.001911230203789919,-0.0005548928113203889
90.60133630289532,67.65033407572383,16.970562748477143,2.25,12.5,0,12,5.315500094009459,2.25,12.5,4.783950084608515e-05,1.129835031395377,0.002448595035167095,-0.001940417172092258,-0.0005170717209207284
91.40311804008908,67.85077951002228,16.970562748477143,2.25,12.5,0,12,5.315500094009459,2.25,12.5,4.783950084608515e-05,1.148733847633778,0.00243980277994183,-0.001969137281504539,-0.0004792072324174476
92.20489977728285,68.05122494432071,16.970562748477143,2.25,12.5,0,12,5.315500094009459,2.25,12.5,4.783950084608515e-05,1.166584250774451,0.002430475487985623,-0.00199732104524191,-0.0004413282497578994
93.00668151447661,68.25167037861915,16.970562748477143,2.25,12.5,0,12,5.315500094009459,2.25,12.5,4.783950084608515e-05,1.183348126980832,0.002420642605699561,-0.002024953152680183,-0.000403477241029323
93.80846325167037,68.4521158129176,16.970562748477143,2.25,12.5,0,12,5.315500094009459,2.25,12.5,4.783950084608515e-05,1.198972153535345,0.002410361796268622,-0.002052035028392346,-0.0003657067191097769
94.61024498886414,68.65256124721603,16.970562748477143,2.25,12.5,0,12,5.315500094009459,2.25,12.5,4.783950084608515e-05,1.213372867701624,0.00239969895221912,-0.002078572514949706,-0.0003280704895949155
95.4120267260579,68.85300668151447,16.970562748477143,2.25,12.5,0,12,5.315500094009459,2.25,12.5,4.783950084608515e-05,1.226468084191399,0.002388673641808793,-0.002104530399459854,-0.000290618254073186
96.21380846325167,69.05345211581292,16.970562748477143,2.25,12.5,0,12,5.315500094009459,2.25,12.5,4.783950084608515e-05,1.238117965720355,0.00237719213989893,-0.002129769949321869,-0.0002533944204557901
97.01559020044543,69.25389755011136,16.970562748477143,2.25,12.5,0,12,5.315500094009459,2.25,12.5,4.783950084608515e-05,1.248192361839007,0.002365120162369253,-0.00215414260297115,-0.0002164179102911209
97.8173719376392,69.4543429844098,16.970562748477143,2.25,12.5,0,12,5.315500094009459,2.25,12.5,4.783950084608515e-05,1.256692733386578,0.002352342583245922,-0.002177607379428599,-0.0001796357047349521
101.02449888641425,70.25612472160356,16.970562748477143,2.25,12.5,0,12,5.315500094009459,2.25,12.5,4.783950084608515e-05,1.274611805186784,0.002294420687133957,-0.002262637572482695,-3.452231483193228e-05
98.61915367483296,69.65478841870824,16.970562748477143,2.25,12.5,0,12,5.315500094009459,2.25,12.5,4.783950084608515e-05,1.26370348895648,0.002338848057506479,-0.002200235315752658,-0.0001429839525301574
99.42093541202672,69.85523385300668,16.970562748477143,2.25,12.5,0,12,5.315500094009459,2.25,12.5,4.783950084608515e-05,1.269154449520118,0.002324660502292629,-0.002222007639893473,-0.0001064985107833576
100.22271714922049,70.05567928730513,16.970562748477143,2.25,12.5,0,12,5.315500094009459,2.25,12.5,4.783950084608515e-05,1.272844730890975,0.002309826089051765,-0.002242831565334583,-7.030156928031948e-05
101.82628062360801,70.456570155902,16.970562748477143,2.25,12.5,0,12,5.315500094009459,2.25,12.5,4.783950084608515e-05,1.274505187138397,0.002278459096396126,-0.002281451874219714,8.52298293134861e-07
103.42984409799554,70.85746102449889,16.970562748477143,2.25,12.5,0,12,5.315500094009459,2.25,12.5,4.783950084608515e-05,1.269714475575843,0.002244626089112858,-0.002316549486440097,7.097325992671286e-05
102.62806236080178,70.65701559020044,16.970562748477143,2.25,12.5,0,12,5.315500094009459,2.25,12.5,4.783950084608515e-05,1.272811903726686,0.002261874450607147,-0.002299397975071778,3.598369806837656e-05
104.2316258351893,71.05790645879733,16.970562748477143,2.25,12.5,0,12,5.315500094009459,2.25,12.5,4.783950084608515e-05,1.265128318320826,0.002226737985835401,-0.002332853377381495,0.0001057546531783553
105.03340757238307,71.25835189309576,16.970562748477143,2.25,12.5,0,12,5.315500094009459,2.25,12.5,4.783950084608515e-05,1.258917060336141,0.002208254124246334,-0.002348244239245547,0.0001402328175246964
105.83518930957683,71.45879732739421,16.970562748477143,2.25,12.5,0,12,5.315500094009459,2.25,12.5,4.783950084608515e-05,1.251002713882634,0.00218924894717938,-0.002362719741396083,0.000174342153402383
106.6369710467706,71.65924276169265,16.970562748477143,2.25,12.5,0,12,5.315500094009459,2.25,12.5,4.783950084608515e-05,1.241453074729486,0.002169804284737645,-0.00237640579351833,0.0002081197082704852
107.43875278396436,71.85968819599108,16.970562748477143,2.25,12.5,0,12,5.315500094009459,2.25,12.5,4.783950084608515e-05,1.230456060288343,0.002149925903907903,-0.002389472806057454,0.000241703042057058
108.24053452115812,72.06013363028953,16.970562748477143,2.25,12.5,0,12,5.315500094009459,2.25,12.5,4.783950084608515e-05,1.218158574201958,0.002129613004529009,-0.002402068630472882,0.0002752172121045395
111.44766146993318,72.86191536748329,16.970562748477143,2.25,12.5,0,12,5.315500094009459,2.25,12.5,4.783950084608515e-05,1.15451946429133,0.002044556348838606,-0.002447793957179842,0.0004082185347649986
109.04231625835189,72.26057906458797,16.970562748477143,2.25,12.5,0,12,5.315500094009459,2.25,12.5,4.783950084608515e-05,1.204530747224479,0.002108899065874181,-0.002414246578955633,0.0003086817445678031
110.64587973273942,72.66146993318486,16.970562748477143,2.25,12.5,0,12,5.315500094009459,2.25,12.5,4.783950084608515e-05,1.172770011569672,0.002066372539701467,-0.002437166754551263,0.0003752289765234733
113.05122494432071,73.26280623608018,16.970562748477143,2.25,12.5,0,12,5.315500094009459,2.25,12.5,4.783950084608515e-05,1.113943568474109,0.001999725489536302,-0.002467396524618611,0.0004737183279428494
109.84409799554565,72.46102449888642,16.970562748477143,2.25,12.5,0,12,5.315500094009459,2.25,12.5,4.783950084608515e-05,1.189438087608407,0.002087817957340727,-0.002425968708401147,0.0003420379766289218
112.24944320712694,73.06236080178174,16.970562748477143,2.25,12.5,0,12,5.315500094009459,2.25,12.5,4.783950084608515e-05,1.134836636419565,0.002022346459721419,-0.00245785916495595,0.000441033675500264
114.65478841870824,73.66369710467706,16.970562748477143,2.25,12.5,0,12,5.315500094009459,2.25,12.5,4.783950084608515e-05,1.06972489498138,0.001953143801608606,-0.002484980887459196,0.0005388717431423107
115.456570155902,73.8641425389755,16.970562748477143,2.25,12.5,0,12,5.315500094009459,2.25,12.5,4.783950084608515e-05,1.046961542589951,0.001929167503097298,-0.002493024240966452,0.0005713501515800069
113.85300668151447,73.46325167037861,16.970562748477143,2.25,12.5,0,12,5.315500094009459,2.25,12.5,4.783950084608515e-05,1.092140012363596,0.001976666598264944,-0.002476435284334323,0.0005063217417875437
116.25835189309576,74.06458797327394,16.970562748477143,2.25,12.5,0,12,5.315500094009459,2.25,12.5,4.783950084608515e-05,1.02410763718567,0.001904737796728102,-0.002500553902730268,0.0006037486194502341
117.06013363028953,74.26503340757239,16.970562748477143,2.25,12.5,0,12,5.315500094009459,2.25,12.5,4.783950084608515e-05,1.00138843069986,0.001879842263682795,-0.002507561618417594,0.0006360738218244337
117.86191536748329,74.46547884187082,16.970562748477143,2.25,12.5,0,12,5.315500094009459,2.25,12.5,4.783950084608515e-05,0.9789844244064543,0.001854465242143851,-0.002514042215050423,0.0006683365032718293
121.87082405345211,75.46770601336303,16.970562748477143,2.25,12.5,0,12,5.315500094009459,2.25,12.5,4.783950084608515e-05,0.8735923940829808,0.001720362175919981,-0.002538642175346617,0.0008287748042093355
118.66369710467706,74.66592427616926,16.970562748477143,2.25,12.5,0,12,5.315500094009459,2.25,12.5,4.783950084608515e-05,0.9570077834884325,0.001828597167352939,-0.002519993917708451,0.0007005431456647786
119.46547884187082,74.86636971046771,16.970562748477143,2.25,12.5,0,12,5.315500094009459,2.25,12.5,4.783950084608515e-05,0.9354926511445331,0.001802249065157565,-0.002525420109616215,0.0007326848797047067
122.67260579064587,75.66815144766147,16.970562748477143,2.25,12.5,0,12,5.315500094009459,2.25,12.5,4.783950084608515e-05,0.853786797590739,0.001692153540818612,-0.002542073371766555,0.0008606994610945297
120.26726057906458,75.06681514476614,16.970562748477143,2.25,12.5,0,12,5.315500094009459,2.25,12.5,4.783950084608515e-05,0.9144350974581166,0.001775423330583604,-0.002530329169847648,0.0007647672662094584
121.06904231625835,75.26726057906458,16.970562748477143,2.25,12.5,0,12,5.315500094009459,2.25,12.5,4.783950084608515e-05,0.8938133640636218,0.001748121451285255,-0.002534732236460719,0.0007967994291825001
123.47438752783964,75.86859688195992,16.970562748477143,2.25,12.5,0,12,5.315500094009459,2.25,12.5,4.783950084608515e-05,0.8344604940714851,0.001663507707866657,-0.002545038630961525,0.0008925733493867711
124.2761692650334,76.06904231625835,16.970562748477143,2.25,12.5,0,12,5.315500094009459,2.25,12.5,4.783950084608515e-05,0.8157302216202391,0.001634449999332997,-0.002547550096090493,0.0009243826645118933
125.07795100222717,76.26948775055679,16.970562748477143,2.25,12.5,0,12,5.315500094009459,2.25,12.5,4.783950084608515e-05,0.7978129645619105,0.001604984235975645,-0.002549620384959552,0.0009561362079596301
125.87973273942093,76.46993318485524,16.970562748477143,2.25,12.5,0,12,5.315500094009459,2.25,12.5,4.783950084608515e-05,0.7809550240394889,0.001575127507524441,-0.002551262772649586,0.0009878303087385275
126.6815144766147,76.67037861915367,16.970562748477143,2.25,12.5,0,12,5.315500094009459,2.25,12.5,4.783950084608515e-05,0.7654613526818209,0.001544903913307589,-0.002552491753417126,0.001019455442434104
127.48329621380846,76.87082405345211,16.970562748477143,2.25,12.5,0,12,5.315500094009459,2.25,12.5,4.783950084608515e-05,0.7516457700309462,0.001514340229085099,-0.002553323621888456,0.001051001366278927
128.28507795100222,77.07126948775056,16.970562748477143,2.25,12.5,0,12,5.315500094009459,2.25,12.5,4.783950084608515e-05,0.7398108328473432,0.001483458643285732,-0.002553777026506661,0.001082464942163378
130.6904231625835,77.67260579064587,16.970562748477143,2.25,12.5,0,12,5.315500094009459,2.25,12.5,4.783950084608515e-05,0.7183951981909676,0.001389103745265982,-0.00255307328496364,0.001176377406436074
132.29398663697106,78.07349665924276,16.970562748477143,2.25,12.5,0,12,5.315500094009459,2.25,12.5,4.783950084608515e-05,0.716702191958036,0.001324946413719873,-0.002551089044484106,0.001238629887483736
131.49220489977728,77.87305122494432,16.970562748477143,2.25,12.5,0,12,5.315500094009459,2.25,12.5,4.783950084608515e-05,0.7162937729979799,0.001357142761030343,-0.00255222054671544,0.001207534249495861
129.086859688196,77.271714922049,16.970562748477143,2.25,12.5,0,12,5.315500094009459,2.25,12.5,4.783950084608515e-05,0.7302210091474853,0.001452272540193269,-0.002553872312365983,0.001113853617620696
133.89755011135856,78.47438752783964,16.970562748477143,2.25,12.5,0,12,5.315500094009459,2.25,12.5,4.783950084608515e-05,0.7247677372982533,0.001259820547769576,-0.002548042763292484,0.001300718874436854
129.88864142538975,77.47216035634744,16.970562748477143,2.25,12.5,0,12,5.315500094009459,2.25,12.5,4.783950084608515e-05,0.7230490180529158,0.001420814516479373,-0.00255363066586515,0.001145156809898378
134.69933184855233,78.67483296213808,16.970562748477143,2.25,12.5,0,12,5.315500094009459,2.25,12.5,4.783950084608515e-05,0.7322250027759308,0.001226873876719448,-0.002546145167904842,0.001331747102010918
133.0957683741648,78.2739420935412,16.970562748477143,2.25,12.5,0,12,5.315500094009459,2.25,12.5,4.783950084608515e-05,0.7195542919717398,0.001292511495348253,-0.002549692845631591,0.001269681950426712
136.30289532293986,79.07572383073497,16.970562748477143,2.25,12.5,0,12,5.315500094009459,2.25,12.5,4.783950084608515e-05,0.753370032215464,0.001160206250440476,-0.00254161319238534,0.001393792064605613
135.5011135857461,78.87527839643653,16.970562748477143,2.25,12.5,0,12,5.315500094009459,2.25,12.5,4.783950084608515e-05,0.7418025822064366,0.001193671797794747,-0.002544002393343863,0.001362769116361405
137.9064587973274,79.47661469933185,16.970562748477143,2.25,12.5,0,12,5.315500094009459,2.25,12.5,4.783950084608515e-05,0.7820721453822592,0.001092462527544031,-0.002536073619584713,0.001455842223393939
137.1046770601336,79.2761692650334,16.970562748477143,2.25,12.5,0,12,5.315500094009459,2.25,12.5,4.783950084608515e-05,0.7668295888233787,0.001126472533786433,-0.002538972543863625,0.001424815977109905
141.11358574610244,80.27839643652561,16.970562748477143,2.25,12.5,0,12,5.315500094009459,2.25,12.5,4.783950084608515e-05,0.8589600820790423,0.0009533162466591626,-0.002521719248667267,0.001580134489803286
138.70824053452117,79.67706013363029,16.970562748477143,2.25,12.5,0,12,5.315500094009459,2.25,12.5,4.783950084608515e-05,0.7990130959285341,0.001058155527455714,-0.002532908037435177,0.001486882808437604
141.91536748329622,80.47884187082406,16.970562748477143,2.25,12.5,0,12,5.315500094009459,2.25,12.5,4.783950084608515e-05,0.8814124127604036,0.0009177452615320709,-0.002517390035888058,0.001611212239662372
142.71714922048997,80.6792873051225,16.970562748477143,2.25,12.5,0,12,5.315500094009459,2.25,12.5,4.783950084608515e-05,0.9047483002732938,0.0008818723526013571,-0.002512743290289397,0.001642259126743616
139.51002227171492,79.87750556792872,16.970562748477143,2.25,12.5,0,12,5.315500094009459,2.25,12.5,4.783950084608515e-05,0.817576913766463,0.001023529720950956,-0.002529467288819375,0.0015179508422155
143.51893095768372,80.87973273942093,16.970562748477143,2.25,12.5,0,12,5.315500094009459,2.25,12.5,4.783950084608515e-05,0.9287217805394027,0.0008457067124751579,-0.002507770231072876,0.001673257236945957
140.31180400890867,80.07795100222717,16.970562748477143,2.25,12.5,0,12,5.315500094009459,2.25,12.5,4.783950084608515e-05,0.8376163083342809,0.0009885803928417658,-0.002525741349366751,0.001549041149312417
144.3207126948775,81.08017817371937,16.970562748477143,2.25,12.5,0,12,5.315500094009459,2.25,12.5,4.783950084608515e-05,0.953050959735465,0.0008092630573402293,-0.002502462403306275,0.001704183328582406
145.12249443207128,81.28062360801782,16.970562748477143,2.25,12.5,0,12,5.315500094009459,2.25,12.5,4.783950084608515e-05,0.9774612837441822,0.0007725574947210499,-0.002496810071201932,0.001735011210150747
145.92427616926503,81.48106904231625,16.970562748477143,2.25,12.5,0,12,5.315500094009459,2.25,12.5,4.783950084608515e-05,1.001708254402234,0.0007356035257447032,-0.002490800283517752,0.001765713595357829
146.72605790645878,81.6815144766147,16.970562748477143,2.25,12.5,0,12,5.315500094009459,2.25,12.5,4.783950084608515e-05,1.025540236196556,0.0006984245029367108,-0.002484423016032277,0.001796256044757413
147.52783964365256,81.88195991091314,16.970562748477143,2.25,12.5,0,12,5.315500094009459,2.25,12.5,4.783950084608515e-05,1.04876842265927,0.0006610481850284432,-0.002477670267641392,0.001826601487203802
148.32962138084633,82.08240534521158,16.970562748477143,2.25,12.5,0,12,5.315500094009459,2.25,12.5,4.783950084608515e-05,1.071206507117371,0.0006235186078273069,-0.002470543985025841,0.001856707426860616
149.13140311804008,82.28285077951003,16.970562748477143,2.25,12.5,0,12,5.315500094009459,2.25,12.5,4.783950084608515e-05,1.092714697213978,0.0005858702719815256,-0.00246303364325359,0.001886530969441476
150.7349665924276,82.6837416481069,16.970562748477143,2.25,12.5,0,12,5.315500094009459,2.25,12.5,4.783950084608515e-05,1.132829111770641,0.0005102888587283383,-0.002446733430491828,0.001945141859098522
149.93318485523383,82.48329621380846,16.970562748477143,2.25,12.5,0,12,5.315500094009459,2.25,12.5,4.783950084608515e-05,1.113250662642814,0.0005481224639932248,-0.002455113424361701,0.001916030015940048
151.5367483296214,82.88418708240535,16.970562748477143,2.25,12.5,0,12,5.315500094009459,2.25,12.5,4.783950084608515e-05,1.151436736238666,0.0004724044855091642,-0.002437837626985446,0.001973774236485954
152.33853006681514,83.08463251670378,16.970562748477143,2.25,12.5,0,12,5.315500094009459,2.25,12.5,4.783950084608515e-05,1.169044066328518,0.0004345113583978791,-0.00242841034825729,0.002001867283216065
153.1403118040089,83.28507795100222,16.970562748477143,2.25,12.5,0,12,5.315500094009459,2.25,12.5,4.783950084608515e-05,1.185620513301153,0.00039665625104958,-0.002418491618933424,0.00202941144713109
153.94209354120267,83.48552338530067,16.970562748477143,2.25,12.5,0,12,5.315500094009459,2.25,12.5,4.783950084608515e-05,1.201107442067085,0.0003588890913815487,-0.002408142289583997,0.002056413514498735
154.74387527839644,83.68596881959911,16.970562748477143,2.25,12.5,0,12,5.315500094009459,2.25,12.5,4.783950084608515e-05,1.21540225389276,0.0003212701823720106,-0.002397429145570493,0.002082874004750594
155.5456570155902,83.88641425389756,16.970562748477143,2.25,12.5,0,12,5.315500094009459,2.25,12.5,4.783950084608515e-05,1.228369127647311,0.0002838474096151337,-0.002386343367729151,0.002108732885142218
156.34743875278394,84.08685968819599,16.970562748477143,2.25,12.5,0,12,5.315500094009459,2.25,12.5,4.783950084608515e-05,1.239823354191944,0.0002466624046096525,-0.002374779667576814,0.002133843858054558
157.14922048997772,84.28730512249443,16.970562748477143,2.25,12.5,0,12,5.315500094009459,2.25,12.5,4.783950084608515e-05,1.2496409015402,0.0002097275799319571,-0.002362604889642613,0.002158068376756044
157.9510022271715,84.48775055679288,16.970562748477143,2.25,12.5,0,12,5.315500094009459,2.25,12.5,4.783950084608515e-05,1.257887173673449,0.0001729662557296858,-0.002349708849724922,0.002181395453773001
158.75278396436525,84.6881959910913,16.970562748477143,2.25,12.5,0,12,5.315500094009459,2.25,12.5,4.783950084608515e-05,1.2646206634867,0.0001363327172189327,-0.002336100716822249,0.002203893488605298
159.554565701559,84.88864142538975,16.970562748477143,2.25,12.5,0,12,5.315500094009459,2.25,12.5,4.783950084608515e-05,1.269749154329806,9.988728369193876e-05,-0.002321812172072569,0.002225523590037651
161.15812917594656,85.28953229398664,16.970562748477143,2.25,12.5,0,12,5.315500094009459,2.25,12.5,4.783950084608515e-05,1.274437048084254,2.80730534841196e-05,-0.002291422685555306,0.0022658269883501
160.35634743875278,85.0890868596882,16.970562748477143,2.25,12.5,0,12,5.315500094009459,2.25,12.5,4.783950084608515e-05,1.273071620994524,6.376079612262048e-05,-0.002306895416958779,0.002246189091534206
164.3652561247216,86.0913140311804,16.970562748477143,2.25,12.5,0,12,5.315500094009459,2.25,12.5,4.783950084608515e-05,1.26399299025987,-0.000112041504309806,-0.00222337959963236,0.002335516349554413
162.76169265033406,85.69042316258351,16.970562748477143,2.25,12.5,0,12,5.315500094009459,2.25,12.5,4.783950084608515e-05,1.272086482892597,-4.234787612293993e-05,-0.00225869269719966,0.002302314924007051
161.9599109131403,85.48997772828508,16.970562748477143,2.25,12.5,0,12,5.315500094009459,2.25,12.5,4.783950084608515e-05,1.274008761119403,-7.241167482488917e-06,-0.002275375968543694,0.002284490689892687
163.56347438752783,85.89086859688196,16.970562748477143,2.25,12.5,0,12,5.315500094009459,2.25,12.5,4.783950084608515e-05,1.268792467832516,-7.73128025991618e-05,-0.002241349510090822,0.002319348095334367
165.16703786191536,86.29175946547883,16.970562748477143,2.25,12.5,0,12,5.315500094009459,2.25,12.5,4.783950084608515e-05,1.257546259566427,-0.000146447515340807,-0.002204821931036907,0.002350756553489912
165.9688195991091,86.49220489977728,16.970562748477143,2.25,12.5,0,12,5.315500094009459,2.25,12.5,4.783950084608515e-05,1.249375586064363,-0.0001804771180306944,-0.002185760590680664,0.002365089958538051
166.7706013363029,86.69265033407572,16.970562748477143,2.25,12.5,0,12,5.315500094009459,2.25,12.5,4.783950084608515e-05,1.239589741019301,-0.000214195907954717,-0.002166264530889013,0.002378663586769528
167.57238307349667,86.89309576837417,16.970562748477143,2.25,12.5,0,12,5.315500094009459,2.25,12.5,4.783950084608515e-05,1.228367697706716,-0.0002477446877291494,-0.002146337046659037,0.002391650276087679
168.37416481069042,87.09354120267261,16.970562748477143,2.25,12.5,0,12,5.315500094009459,2.25,12.5,4.783950084608515e-05,1.215841095212268,-0.0002812392809645614,-0.002125983303432568,0.002404191122470258
169.17594654788417,87.29398663697104,16.970562748477143,2.25,12.5,0,12,5.315500094009459,2.25,12.5,4.783950084608515e-05,1.201961846929987,-0.0003146754458201625,-0.00210524083414137,0.00241631581720665
169.97772828507794,87.49443207126949,16.970562748477143,2.25,12.5,0,12,5.315500094009459,2.25,12.5,4.783950084608515e-05,1.186607607195839,-0.0003480041941371612,-0.002084122056112114,0.00242797353984143
170.77951002227172,87.69487750556793,16.970562748477143,2.25,12.5,0,12,5.315500094009459,2.25,12.5,4.783950084608515e-05,1.16966473312172,-0.0003811497181776656,-0.002062640950554822,0.002439089392850179
171.58129175946547,87.89532293986636,16.970562748477143,2.25,12.5,0,12,5.315500094009459,2.25,12.5,4.783950084608515e-05,1.151187524287775,-0.0004140988928646406,-0.002040776875887702,0.002449627516898534
173.98663697104678,88.4966592427617,16.970562748477143,2.25,12.5,0,12,5.315500094009459,2.25,12.5,4.783950084608515e-05,1.08844919323812,-0.0005120947643190946,-0.001972742906359255,0.002478020957020405
174.78841870824053,88.69710467706014,16.970562748477143,2.25,12.5,0,12,5.315500094009459,2.25,12.5,4.783950084608515e-05,1.066041387534642,-0.000544608932012459,-0.001949175076076907,0.002486488512344361
172.38307349665922,88.0957683741648,16.970562748477143,2.25,12.5,0,12,5.315500094009459,2.25,12.5,4.783950084608515e-05,1.131320422245998,-0.000446871568154859,-0.002018521864386681,0.002459605358375954
173.184855233853,88.29621380846325,16.970562748477143,2.25,12.5,0,12,5.315500094009459,2.25,12.5,4.783950084608515e-05,1.110309342844892,-0.0004795237611669263,-0.001995849868856653,0.002469060441185874
175.59020044543428,88.89755011135857,16.970562748477143,2.25,12.5,0,12,5.315500094009459,2.25,12.5,4.783950084608515e-05,1.04332504287629,-0.0005770570666446911,-0.00192514864490678,0.002494453965886117
176.39198218262806,89.09799554565701,16.970562748477143,2.25,12.5,0,12,5.315500094009459,2.25,12.5,4.783950084608515e-05,1.020552848317389,-0.0006094322174496974,-0.00190066261806227,0.00250190582019679
177.19376391982183,89.29844097995546,16.970562748477143,2.25,12.5,0,12,5.315500094009459,2.25,12.5,4.783950084608515e-05,0.9979196425573502,-0.0006417328436015507,-0.001875710837288964,0.002508834604086728
177.99554565701558,89.49888641425389,16.970562748477143,2.25,12.5,0,12,5.315500094009459,2.25,12.5,4.783950084608515e-05,0.9755927985647799,-0.0006739726812955704,-0.001850273881179061,0.002515234704366865
178.79732739420933,89.69933184855233,16.970562748477143,2.25,12.5,0,12,5.315500094009459,2.25,12.5,4.783950084608515e-05,0.9536619257027874,-0.0007061506059913311,-0.001824351635243318,0.002521105889792846
179.5991091314031,89.89977728285078,16.970562748477143,2.25,12.5,0,12,5.315500094009459,2.25,12.5,4.783950084608515e-05,0.93216248891213,-0.0007382659466058961,-0.00179794766167292,0.002526452234128794
180.4008908685969,90.10022271714922,16.970562748477143,2.25,12.5,0,12,5.315500094009459,2.25,12.5,4.783950084608515e-05,0.9110964999334269,-0.0007703164483678613,-0.001771071745900671,0.002531282147831619
181.20267260579064,90.30066815144767,16.970562748477143,2.25,12.5,0,12,5.315500094009459,2.25,12.5,4.783950084608515e-05,0.8904650466499135,-0.0008023157614463352,-0.001743721607931116,0.002535607391585429
182.0044543429844,90.5011135857461,16.970562748477143,2.25,12.5,0,12,5.315500094009459,2.25,12.5,4.783950084608515e-05,0.8702604317269298,-0.0008342704894470209,-0.001715904406247058,0.0025394418442145
182.80623608017817,90.70155902004454,16.970562748477143,2.25,12.5,0,12,5.315500094009459,2.25,12.5,4.783950084608515e-05,0.8505104496474839,-0.0008661822614564572,-0.001687632044454596,0.002542799581481236
183.60801781737194,90.90200445434299,16.970562748477143,2.25,12.5,0,12,5.315500094009459,2.25,12.5,4.783950084608515e-05,0.8312825430670367,-0.0008980484828900921,-0.001658919842297814,0.002545694051827503
184.4097995545657,91.10244988864142,16.970562748477143,2.25,12.5,0,12,5.315500094009459,2.25,12.5,4.783950084608515e-05,0.8126931688934222,-0.0009298535458022126,-0.001629795347975258,0.002548137705451419
185.21158129175944,91.30289532293986,16.970562748477143,2.25,12.5,0,12,5.315500094009459,2.25,12.5,4.783950084608515e-05,0.794940945850122,-0.0009615956974697715,-0.001600272343302065,0.002550142770019179
186.01336302895322,91.5033407572383,16.970562748477143,2.25,12.5,0,12,5.315500094009459,2.25,12.5,4.783950084608515e-05,0.7782995779164574,-0.0009932728487478,-0.001570365799113832,0.002551721989676132
186.815144766147,91.70378619153675,16.970562748477143,2.25,12.5,0,12,5.315500094009459,2.25,12.5,4.783950084608515e-05,0.7630609131778392,-0.001024880213072001,-0.001540094950436973,0.002552889632597606
187.61692650334075,91.9042316258352,16.970562748477143,2.25,12.5,0,12,5.315500094009459,2.25,12.5,4.783950084608515e-05,0.7495235653452511,-0.0010564061495633,-0.00150948779237141,0.002553662029392867
188.4187082405345,92.10467706013362,16.970562748477143,2.25,12.5,0,12,5.315500094009459,2.25,12.5,4.783950084608515e-05,0.7379724469640023,-0.00108784310301842,-0.001478570422316905,0.002554057543477986
189.22048997772828,92.30512249443207,16.970562748477143,2.25,12.5,0,12,5.315500094009459,2.25,12.5,4.783950084608515e-05,0.7286612439290627,-0.001119186114480944,-0.00144736871631605,0.002554096376380807
190.02227171492206,92.50556792873051,16.970562748477143,2.25,12.5,0,12,5.315500094009459,2.25,12.5,4.783950084608515e-05,0.7217792891087391,-0.001150444244169733,-0.001415896679800116,0.002553800578377758
190.8240534521158,92.70601336302894,16.970562748477143,2.25,12.5,0,12,5.315500094009459,2.25,12.5,4.783950084608515e-05,0.7174441178202752,-0.001181634902665673,-0.001384160393486615,0.002553192546305616
191.62583518930956,92.90645879732739,16.970562748477143,2.25,12.5,0,12,5.315500094009459,2.25,12.5,4.783950084608515e-05,0.7156971623426561,-0.001212771686583838,-0.00135216679115049,0.002552291980323829
192.42761692650333,93.10690423162583,16.970562748477143,2.25,12.5,0,12,5.315500094009459,2.25,12.5,4.783950084608515e-05,0.7164852308733113,-0.001243861773335477,-0.00131992584081985,0.002551115371770799
193.2293986636971,93.30734966592428,16.970562748477143,2.25,12.5,0,12,5.315500094009459,2.25,12.5,4.783950084608515e-05,0.7196974383401209,-0.00127490934087592,-0.00128744707807232,0.002549675927081965
194.8329621380846,93.70824053452115,16.970562748477143,2.25,12.5,0,12,5.315500094009459,2.25,12.5,4.783950084608515e-05,0.7329566330170953,-0.00133692625625458,-0.001221761318632637,0.002546041648248553
195.6347438752784,93.9086859688196,16.970562748477143,2.25,12.5,0,12,5.315500094009459,2.25,12.5,4.783950084608515e-05,0.7427786928440362,-0.00136792199540141,-0.001188537402922909,0.002543855244566138
194.03118040089086,93.50779510022272,16.970562748477143,2.25,12.5,0,12,5.315500094009459,2.25,12.5,4.783950084608515e-05,0.7252274567329076,-0.001305925110252899,-0.001254729480188419,0.002547982989886856
196.43652561247217,94.10913140311804,16.970562748477143,2.25,12.5,0,12,5.315500094009459,2.25,12.5,4.783950084608515e-05,0.7546049436011615,-0.001398926820270238,-0.001155043329550902,0.002541423531268273
198.84187082405344,94.71046770601336,16.970562748477143,2.25,12.5,0,12,5.315500094009459,2.25,12.5,4.783950084608515e-05,0.8012354300891394,-0.00149210143758043,-0.001052779080593591,0.002532601428632066
197.23830734966592,94.30957683741647,16.970562748477143,2.25,12.5,0,12,5.315500094009459,2.25,12.5,4.783950084608515e-05,0.7683590414567235,-0.001429961164014585,-0.00112125490624285,0.002538742827501649
198.04008908685967,94.51002227171492,16.970562748477143,2.25,12.5,0,12,5.315500094009459,2.25,12.5,4.783950084608515e-05,0.7839498557848912,-0.001461024389571663,-0.001087165230289732,0.002535805596528888
199.64365256124722,94.9109131403118,16.970562748477143,2.25,12.5,0,12,5.315500094009459,2.25,12.5,4.783950084608515e-05,0.8201027051470022,-0.001523191038554312,-0.001018087129371021,0.002529119667983713
200.44543429844097,95.11135857461025,16.970562748477143,2.25,12.5,0,12,5.315500094009459,2.25,12.5,4.783950084608515e-05,0.8404121516905712,-0.001554290762495621,-0.0009830820125675671,0.0025253503736124
201.24721603563472,95.31180400890868,16.970562748477143,2.25,12.5,0,12,5.315500094009459,2.25,12.5,4.783950084608515e-05,0.8619819804534461,-0.001585385855856918,-0.0009477679082556503,0.002521282837627018
202.0489977728285,95.51224944320712,16.970562748477143,2.25,12.5,0,12,5.315500094009459,2.25,12.5,4.783950084608515e-05,0.8846126887474564,-0.001616461247344698,-0.0009121497026996701,0.00251690674535581
202.85077951002228,95.71269487750557,16.970562748477143,2.25,12.5,0,12,5.315500094009459,2.25,12.5,4.783950084608515e-05,0.9080742544114948,-0.001647504350461239,-0.0008762302196778048,0.002512212263805635
203.65256124721603,95.913140311804,16.970562748477143,2.25,12.5,0,12,5.315500094009459,2.25,12.5,4.783950084608515e-05,0.932117783091859,-0.001678496788501765,-0.0008400180782994124,0.002507189639456551
204.45434298440978,96.11358574610244,16.970562748477143,2.25,12.5,0,12,5.315500094009459,2.25,12.5,4.783950084608515e-05,0.9564703126025381,-0.001709414163822253,-0.0008035270534617427,0.002501828406485244
205.25612472160356,96.31403118040089,16.970562748477143,2.25,12.5,0,12,5.315500094009459,2.25,12.5,4.783950084608515e-05,0.9808789956110898,-0.001740231540432303,-0.0007667697944277312,0.00249611673647017
206.05790645879733,96.51447661469933,16.970562748477143,2.25,12.5,0,12,5.315500094009459,2.25,12.5,4.783950084608515e-05,1.005111327575702,-0.001770918321953087,-0.0007297635644749246,0.00249004216776601
206.85968819599108,96.71492204899778,16.970562748477143,2.25,12.5,0,12,5.315500094009459,2.25,12.5,4.783950084608515e-05,1.02892494996147,-0.001801438285465577,-0.0006925344013971749,0.002483595622904889
207.66146993318483,96.91536748329621,16.970562748477143,2.25,12.5,0,12,5.315500094009459,2.25,12.5,4.783950084608515e-05,1.052117650150744,-0.001831755420493946,-0.0006551142895174686,0.00247677435277151
208.4632516703786,97.11581291759465,16.970562748477143,2.25,12.5,0,12,5.315500094009459,2.25,12.5,4.783950084608515e-05,1.07453403928158,-0.001861831847853988,-0.0006175380628872307,0.002469575816802005
211.67037861915367,97.91759465478842,16.970562748477143,2.25,12.5,0,12,5.315500094009459,2.25,12.5,4.783950084608515e-05,1.154672577994284,-0.001978679988134196,-0.0004663357144822403,0.002436578040268495
212.47216035634744,98.11804008908686,16.970562748477143,2.25,12.5,0,12,5.315500094009459,2.25,12.5,4.783950084608515e-05,1.172154706762231,-0.002006689803788196,-0.0004284525700425347,0.002427081125525774
209.2650334075724,97.3162583518931,16.970562748477143,2.25,12.5,0,12,5.315500094009459,2.25,12.5,4.783950084608515e-05,1.096050900245902,-0.001891621347080274,-0.0005798446372800011,0.00246199027595188
213.2739420935412,98.3184855233853,16.970562748477143,2.25,12.5,0,12,5.315500094009459,2.25,12.5,4.783950084608515e-05,1.188535679593665,-0.002034146055513,-0.0003906161286588421,0.00241709661969363
210.06681514476614,97.51670378619153,16.970562748477143,2.25,12.5,0,12,5.315500094009459,2.25,12.5,4.783950084608515e-05,1.116595810561459,-0.001921076360106329,-0.0005420613318177563,0.002453994392162916
210.8685968819599,97.71714922048997,16.970562748477143,2.25,12.5,0,12,5.315500094009459,2.25,12.5,4.783950084608515e-05,1.13614378459004,-0.001950125833119992,-0.0005042160155003498,0.002445544196769265
214.07572383073494,98.51893095768374,16.970562748477143,2.25,12.5,0,12,5.315500094009459,2.25,12.5,4.783950084608515e-05,1.203753571450987,-0.002061055003005737,-0.0003528781566126065,0.002406687009115878
214.87750556792872,98.71937639198218,16.970562748477143,2.25,12.5,0,12,5.315500094009459,2.25,12.5,4.783950084608515e-05,1.217749869930926,-0.002087420506719689,-0.0003152912310993582,0.002395915079722425
215.6792873051225,98.91982182628063,16.970562748477143,2.25,12.5,0,12,5.315500094009459,2.25,12.5,4.783950084608515e-05,1.230403900663504,-0.002113165292714494,-0.0002779043695378956,0.002384756120531761
216.48106904231625,99.12026726057906,16.970562748477143,2.25,12.5,0,12,5.315500094009459,2.25,12.5,4.783950084608515e-05,1.241562654473472,-0.002138133896669624,-0.000240757144760934,0.002373093662923089
217.28285077951,99.3207126948775,16.970562748477143,2.25,12.5,0,12,5.315500094009459,2.25,12.5,4.783950084608515e-05,1.251136957164496,-0.002162201693293141,-0.0002038499956708537,0.002360794019209516
218.08463251670378,99.52115812917594,16.970562748477143,2.25,12.5,0,12,5.315500094009459,2.25,12.5,4.783950084608515e-05,1.259174064769639,-0.002185381793285958,-0.000167105972880849,0.002347769081238774
218.88641425389756,99.72160356347439,16.970562748477143,2.25,12.5,0,12,5.315500094009459,2.25,12.5,4.783950084608515e-05,1.265695906853562,-0.002207728557090865,-0.0001305000211689426,0.00233403860301682
219.6881959910913,99.92204899777283,16.970562748477143,2.25,12.5,0,12,5.315500094009459,2.25,12.5,4.783950084608515e-05,1.270597343212507,-0.002229186877262251,-9.409939291889765e-05,0.002319627238771324
220.48997772828506,100.12249443207126,16.970562748477143,2.25,12.5,0,12,5.315500094009459,2.25,12.5,4.783950084608515e-05,1.273663085984544,-0.002249666527701071,-5.803779587306172e-05,0.002304595561528471
221.29175946547883,100.32293986636971,16.970562748477143,2.25,12.5,0,12,5.315500094009459,2.25,12.5,4.783950084608515e-05,1.274776807105355,-0.002269122250907552,-2.24154392104595e-05,0.002289012881400827
222.0935412026726,100.52338530066815,16.970562748477143,2.25,12.5,0,12,5.315500094009459,2.25,12.5,4.783950084608515e-05,1.274112371026132,-0.002287622065746974,1.285256720608275e-05,0.002272851203131632
222.89532293986636,100.72383073496658,16.970562748477143,2.25,12.5,0,12,5.315500094009459,2.25,12.5,4.783950084608515e-05,1.271934919111879,-0.002305287772517388,4.792355158947443e-05,0.00225604480516313
223.6971046770601,100.92427616926503,16.970562748477143,2.25,12.5,0,12,5.315500094009459,2.25,12.5,4.783950084608515e-05,1.268358348389288,-0.002322152560391952,8.285125111978258e-05,0.002238572309816033
224.4988864142539,101.12472160356347,16.970562748477143,2.25,12.5,0,12,5.315500094009459,2.25,12.5,4.783950084608515e-05,1.263246613614144,-0.002338150713165636,0.0001175368452502224,0.002220479221120051
225.30066815144767,101.32516703786192,16.970562748477143,2.25,12.5,0,12,5.315500094009459,2.25,12.5,4.783950084608515e-05,1.256477763554811,-0.002353229298648863,0.000151894919659832,0.002201812767502134
226.10244988864142,101.52561247216036,16.970562748477143,2.25,12.5,0,12,5.315500094009459,2.25,12.5,4.783950084608515e-05,1.248005199355859,-0.002367423519511678,0.0001858784673147691,0.002182662238902318
226.90423162583517,101.72605790645879,16.970562748477143,2.25,12.5,0,12,5.315500094009459,2.25,12.5,4.783950084608515e-05,1.237953032066532,-0.002380883681556781,0.0002195722799843985,0.002163077566579883
227.70601336302894,101.92650334075724,16.970562748477143,2.25,12.5,0,12,5.315500094009459,2.25,12.5,4.783950084608515e-05,1.226507513355801,-0.00239377580829941,0.0002531164219692218,0.002143056027820878
228.50779510022272,102.12694877505568,16.970562748477143,2.25,12.5,0,12,5.315500094009459,2.25,12.5,4.783950084608515e-05,1.21378427171345,-0.002406230805316795,0.00028661588911762,0.002122606862695515
229.30957683741647,102.32739420935411,16.970562748477143,2.25,12.5,0,12,5.315500094009459,2.25,12.5,4.783950084608515e-05,1.199682561185365,-0.00241826858987706,0.0003200505939464261,0.002101775867073503
230.11135857461022,102.52783964365256,16.970562748477143,2.25,12.5,0,12,5.315500094009459,2.25,12.5,4.783950084608515e-05,1.184091101592939,-0.002429838181820705,0.0003533647421209455,0.002080582253239723
230.913140311804,102.728285077951,16.970562748477143,2.25,12.5,0,12,5.315500094009459,2.25,12.5,4.783950084608515e-05,1.166916663906354,-0.002440866074957573,0.0003864958474357781,0.002059026719826023
233.31848552338528,103.32962138084632,16.970562748477143,2.25,12.5,0,12,5.315500094009459,2.25,12.5,4.783950084608515e-05,1.106869570384816,-0.002470594173712655,0.0004848548765705058,0.001991999479001826
231.71492204899778,102.92873051224944,16.970562748477143,2.25,12.5,0,12,5.315500094009459,2.25,12.5,4.783950084608515e-05,1.148186684633684,-0.002451320416997515,0.0004194299248761756,0.002037092342317319
234.12026726057906,103.53006681514476,16.970562748477143,2.25,12.5,0,12,5.315500094009459,2.25,12.5,4.783950084608515e-05,1.08483428344598,-0.002479472402466215,0.0005174366726752092,0.001968794991635836
232.51670378619153,103.12917594654789,16.970562748477143,2.25,12.5,0,12,5.315500094009459,2.25,12.5,4.783950084608515e-05,1.128088760423746,-0.002461218347964601,0.0004522016823282176,0.002014755593931374
234.92204899777283,103.73051224944321,16.970562748477143,2.25,12.5,0,12,5.315500094009459,2.25,12.5,4.783950084608515e-05,1.062268025599459,-0.002487852791345562,0.0005499594898899757,0.001945127659499226
235.72383073496658,103.93095768374164,16.970562748477143,2.25,12.5,0,12,5.315500094009459,2.25,12.5,4.783950084608515e-05,1.039439644888643,-0.002495726592195659,0.0005824030965162348,0.001921011125845251
236.52561247216033,104.13140311804008,16.970562748477143,2.25,12.5,0,12,5.315500094009459,2.25,12.5,4.783950084608515e-05,1.016609281421263,-0.002503084423557219,0.0006147709767194323,0.00189643576848017
237.3273942093541,104.33184855233853,16.970562748477143,2.25,12.5,0,12,5.315500094009459,2.25,12.5,4.783950084608515e-05,0.9939666496326771,-0.002509918399023658,0.000647065498016601,0.001871392830140878
238.1291759465479,104.53229398663697,16.970562748477143,2.25,12.5,0,12,5.315500094009459,2.25,12.5,4.783950084608515e-05,0.9716853160603548,-0.002516224982105396,0.0006793040390876194,0.001845861334817727
238.93095768374164,104.73273942093542,16.970562748477143,2.25,12.5,0,12,5.315500094009459,2.25,12.5,4.783950084608515e-05,0.9498588067055603,-0.002522004104795574,0.0007114882434690538,0.001819838288114165
239.7327394209354,104.93318485523385,16.970562748477143,2.25,12.5,0,12,5.315500094009459,2.25,12.5,4.783950084608515e-05,0.9284882415629341,-0.002527260242063471,0.0007436060679466431,0.001793338797991502
240.53452115812917,105.13363028953229,16.970562748477143,2.25,12.5,0,12,5.315500094009459,2.25,12.5,4.783950084608515e-05,0.9075660238474824,-0.002532002108188749,0.0007756620436319326,0.001766366316614688
242.1380846325167,105.53452115812917,16.970562748477143,2.25,12.5,0,12,5.315500094009459,2.25,12.5,4.783950084608515e-05,0.8669747515675118,-0.002539993221272437,0.000839614209583145,0.001711025942306962
242.93986636971044,105.73496659242761,16.970562748477143,2.25,12.5,0,12,5.315500094009459,2.25,12.5,4.783950084608515e-05,0.847313593081534,-0.002543270158471926,0.0008715170735408942,0.001682678479321304
243.74164810690422,105.93541202672606,16.970562748477143,2.25,12.5,0,12,5.315500094009459,2.25,12.5,4.783950084608515e-05,0.8281651743763003,-0.00254608508983922,0.0009033663519192457,0.001653900480276699
244.543429844098,106.1358574610245,16.970562748477143,2.25,12.5,0,12,5.315500094009459,2.25,12.5,4.783950084608515e-05,0.8096797175672361,-0.002548450091452299,0.0009351535471914729,0.001624712021711704
241.33630289532294,105.33407572383074,16.970562748477143,2.25,12.5,0,12,5.315500094009459,2.25,12.5,4.783950084608515e-05,0.8870702132923546,-0.0025362419283618,0.0008076649318343935,0.001738924064914192
245.34521158129175,106.33630289532294,16.970562748477143,2.25,12.5,0,12,5.315500094009459,2.25,12.5,4.783950084608515e-05,0.7920755473890488,-0.002550377778695462,0.0009668835299352738,0.001595120678868399
246.1469933184855,106.53674832962137,16.970562748477143,2.25,12.5,0,12,5.315500094009459,2.25,12.5,4.783950084608515e-05,0.7756242541472363,-0.00255188180133889,0.0009985480628766196,0.001565148506891783
246.94877505567928,106.73719376391982,16.970562748477143,2.25,12.5,0,12,5.315500094009459,2.25,12.5,4.783950084608515e-05,0.7606356054707926,-0.00255297732072111,0.001030141056580554,0.001534817063848338
247.75055679287306,106.93763919821826,16.970562748477143,2.25,12.5,0,12,5.315500094009459,2.25,12.5,4.783950084608515e-05,0.7474168005983721,-0.00255368137064632,0.001061650736201262,0.001504155436980397
249.35412026726056,107.33853006681514,16.970562748477143,2.25,12.5,0,12,5.315500094009459,2.25,12.5,4.783950084608515e-05,0.727404327910669,-0.002553993333408328,0.001124417384730501,0.001441923594991232
248.5523385300668,107.1380846325167,16.970562748477143,2.25,12.5,0,12,5.315500094009459,2.25,12.5,4.783950084608515e-05,0.7362674032737708,-0.002554013246967234,0.001093077248219027,0.001473182942549798
250.15590200445433,107.53897550111358,16.970562748477143,2.25,12.5,0,12,5.315500094009459,2.25,12.5,4.783950084608515e-05,0.7209957352974031,-0.002553642759869328,0.001155663038389829,0.001410407651203505
250.9576837416481,107.73942093541203,16.970562748477143,2.25,12.5,0,12,5.315500094009459,2.25,12.5,4.783950084608515e-05,0.7171228544206573,-0.00255298258927447,0.001186830777107421,0.001378640818266661
251.75946547884186,107.93986636971047,16.970562748477143,2.25,12.5,0,12,5.315500094009459,2.25,12.5,4.783950084608515e-05,0.7158048949778608,-0.002552032657959784,0.001217945033714693,0.001346619536066052
252.5612472160356,108.1403118040089,16.970562748477143,2.25,12.5,0,12,5.315500094009459,2.25,12.5,4.783950084608515e-05,0.7169996178442554,-0.002550809164980409,0.001249015725774808,0.001314350677081384
254.96659242761692,108.74164810690422,16.970562748477143,2.25,12.5,0,12,5.315500094009459,2.25,12.5,4.783950084608515e-05,0.7346994569252683,-0.002545605944923229,0.001342097513282321,0.001216040537663938
253.3630289532294,108.34075723830735,16.970562748477143,2.25,12.5,0,12,5.315500094009459,2.25,12.5,4.783950084608515e-05,0.7206301431245254,-0.002549325276377488,0.001280059851771955,0.001281830858452431
254.16481069042317,108.54120267260579,16.970562748477143,2.25,12.5,0,12,5.315500094009459,2.25,12.5,4.783950084608515e-05,0.726570484003948,-0.002547589423663183,0.00131108767025995,0.001249058674555368
255.76837416481067,108.94209354120267,16.970562748477143,2.25,12.5,0,12,5.315500094009459,2.25,12.5,4.783950084608515e-05,0.7448971341880624,-0.002543375878689841,0.001373095329500691,0.001182771907478872
256.57015590200444,109.14253897550111,16.970562748477143,2.25,12.5,0,12,5.315500094009459,2.25,12.5,4.783950084608515e-05,0.757055851873446,-0.002540897308778493,0.001404095648226924,0.001149236618824391
257.3719376391982,109.34298440979956,16.970562748477143,2.25,12.5,0,12,5.315500094009459,2.25,12.5,4.783950084608515e-05,0.7711013168914979,-0.002538166836727691,0.001435114525393556,0.001115415275429125
258.173719376392,109.543429844098,16.970562748477143,2.25,12.5,0,12,5.315500094009459,2.25,12.5,4.783950084608515e-05,0.7869403338150871,-0.002535178084222113,0.001466160013920678,0.001081293174069639
258.9755011135857,109.74387527839643,16.970562748477143,2.25,12.5,0,12,5.315500094009459,2.25,12.5,4.783950084608515e-05,0.8044722349094782,-0.002531921649935848,0.001497232693444799,0.00104686012678849
260.5790645879733,110.14476614699332,16.970562748477143,2.25,12.5,0,12,5.315500094009459,2.25,12.5,4.783950084608515e-05,0.8440793734147686,-0.002524561501505961,0.001559424309708502,0.0009770532333761303
261.380846325167,110.34521158129175,16.970562748477143,2.25,12.5,0,12,5.315500094009459,2.25,12.5,4.783950084608515e-05,0.8658321363881911,-0.002520436242588342,0.001590516614034694,0.0009416850507829923
259.7772828507795,109.94432071269487,16.970562748477143,2.25,12.5,0,12,5.315500094009459,2.25,12.5,4.783950084608515e-05,0.8235683748273741,-0.002528386516660979,0.001528325426731803,0.001012112449492332
262.1826280623608,110.5456570155902,16.970562748477143,2.25,12.5,0,12,5.315500094009459,2.25,12.5,4.783950084608515e-05,0.8886217959686719,-0.002515999943935685,0.001621588237762167,0.0009060113278420986
262.98440979955456,110.74610244988864,16.970562748477143,2.25,12.5,0,12,5.315500094009459,2.25,12.5,4.783950084608515e-05,0.9122252007934561,-0.002511242830429924,0.001652623714418435,0.000870037792307841
263.78619153674833,110.94654788418708,16.970562748477143,2.25,12.5,0,12,5.315500094009459,2.25,12.5,4.783950084608515e-05,0.9363766404649579,-0.002506156519978409,0.001683602867513492,0.0008337762291274605
264.5879732739421,111.14699331848553,16.970562748477143,2.25,12.5,0,12,5.315500094009459,2.25,12.5,4.783950084608515e-05,0.9607938986431006,-0.002500732379364606,0.001714500954114431,0.0007972426132981544
265.38975501113583,111.34743875278396,16.970562748477143,2.25,12.5,0,12,5.315500094009459,2.25,12.5,4.783950084608515e-05,0.9852043724261075,-0.002494959227893867,0.001745291532583446,0.0007604516997810456
266.1915367483296,111.5478841870824,16.970562748477143,2.25,12.5,0,12,5.315500094009459,2.25,12.5,4.783950084608515e-05,1.009364503176039,-0.00248882434826414,0.001775945111504219,0.0007234193041881585
266.9933184855234,111.74832962138085,16.970562748477143,2.25,12.5,0,12,5.315500094009459,2.25,12.5,4.783950084608515e-05,1.0330477070402,-0.002482318670785317,0.001806425803852468,0.0006861710205890919
267.7951002227171,111.94877505567928,16.970562748477143,2.25,12.5,0,12,5.315500094009459,2.25,12.5,4.783950084608515e-05,1.056048604005149,-0.002475438761587174,0.00183669527241478,0.0006487404054439384
268.5968819599109,112.14922048997772,16.970562748477143,2.25,12.5,0,12,5.315500094009459,2.25,12.5,4.783950084608515e-05,1.078203392248082,-0.002468185275786655,0.001866710790201457,0.0006111710801529855
269.39866369710467,112.34966592427617,16.970562748477143,2.25,12.5,0,12,5.315500094009459,2.25,12.5,4.783950084608515e-05,1.099412574341444,-0.002460543805166565,0.001896430065767476,0.0005734935938107987
270.20044543429844,112.55011135857461,16.970562748477143,2.25,12.5,0,12,5.315500094009459,2.25,12.5,4.783950084608515e-05,1.11965279124099,-0.002452481240216521,0.001925808621506799,0.0005357219663040933
271.0022271714922,112.75055679287306,16.970562748477143,2.25,12.5,0,12,5.315500094009459,2.25,12.5,4.783950084608515e-05,1.138937359473071,-0.002443940739668901,0.001954771412408371,0.0004978743369171358
271.80400890868594,112.95100222717149,16.970562748477143,2.25,12.5,0,12,5.315500094009459,2.25,12.5,4.783950084608515e-05,1.157238595832065,-0.002434870485518791,0.001983226440200008,0.0004599897243684836
272.6057906458797,113.15144766146993,16.970562748477143,2.25,12.5,0,12,5.315500094009459,2.25,12.5,4.783950084608515e-05,1.174527139544476,-0.002425273555647582,0.00201113367115103,0.0004221091586412685
273.4075723830735,113.35189309576838,16.970562748477143,2.25,12.5,0,12,5.315500094009459,2.25,12.5,4.783950084608515e-05,1.190771021949642,-0.002415198025299703,0.002038493129065359,0.0003842778315741193
274.2093541202672,113.5523385300668,16.970562748477143,2.25,12.5,0,12,5.315500094009459,2.25,12.5,4.783950084608515e-05,1.205891590838561,-0.002404710415278003,0.002065310017047741,0.0003465520777344332
275.011135857461,113.75278396436525,16.970562748477143,2.25,12.5,0,12,5.315500094009459,2.25,12.5,4.783950084608515e-05,1.219778833667939,-0.00239386948077908,0.002091578516837652,0.0003089901938256675
276.61469933184856,114.15367483296214,16.970562748477143,2.25,12.5,0,12,5.315500094009459,2.25,12.5,4.783950084608515e-05,1.243193652488914,-0.002370879465562087,0.002142034758778578,0.0002345406829107646
277.41648106904233,114.35412026726058,16.970562748477143,2.25,12.5,0,12,5.315500094009459,2.25,12.5,4.783950084608515e-05,1.252462488754515,-0.002358475386996097,0.002165954718432157,0.0001976789773898888
275.8129175946548,113.9532293986637,16.970562748477143,2.25,12.5,0,12,5.315500094009459,2.25,12.5,4.783950084608515e-05,1.232274070710944,-0.002382632218991739,0.002117205591726347,0.0002716401832224662
278.21826280623605,114.55456570155901,16.970562748477143,2.25,12.5,0,12,5.315500094009459,2.25,12.5,4.783950084608515e-05,1.260193359028127,-0.002345343049597481,0.002189002064592505,0.0001609657606850105
281.4253897550111,115.35634743875278,16.970562748477143,2.25,12.5,0,12,5.315500094009459,2.25,12.5,4.783950084608515e-05,1.274398063888568,-0.002286226435738374,0.002272166493664995,1.649651550027563e-05
279.02004454342983,114.75501113585746,16.970562748477143,2.25,12.5,0,12,5.315500094009459,2.25,12.5,4.783950084608515e-05,1.266406250079643,-0.002331507716343374,0.002211220019971367,0.000124388345741507
279.8218262806236,114.9554565701559,16.970562748477143,2.25,12.5,0,12,5.315500094009459,2.25,12.5,4.783950084608515e-05,1.270951344967663,-0.002317001056071016,0.002232536653734845,8.803621931492108e-05
280.62360801781733,115.15590200445433,16.970562748477143,2.25,12.5,0,12,5.315500094009459,2.25,12.5,4.783950084608515e-05,1.273637504116635,-0.00230188841607272,0.002252862048338016,5.204779137825955e-05
282.2271714922049,115.55679287305122,16.970562748477143,2.25,12.5,0,12,5.315500094009459,2.25,12.5,4.783950084608515e-05,1.273452341657684,-0.002269973377776925,0.002290534722049078,-1.872750105672087e-05
283.02895322939867,115.75723830734967,16.970562748477143,2.25,12.5,0,12,5.315500094009459,2.25,12.5,4.783950084608515e-05,1.271087443647148,-0.00225306689330806,0.002308088932026302,-5.378175204510369e-05
285.43429844097994,116.35857461024499,16.970562748477143,2.25,12.5,0,12,5.315500094009459,2.25,12.5,4.783950084608515e-05,1.25500356011171,-0.002198602212091217,0.002355619805838115,-0.0001575734759774963
283.83073496659244,115.95768374164811,16.970562748477143,2.25,12.5,0,12,5.315500094009459,2.25,12.5,4.783950084608515e-05,1.267314550258611,-0.002235510301816154,0.002324832058967262,-8.866862323261142e-05
284.63251670378617,116.15812917594654,16.970562748477143,2.25,12.5,0,12,5.315500094009459,2.25,12.5,4.783950084608515e-05,1.261993957063295,-0.002217339071735136,0.002340689228947623,-0.000123291021608268
286.2360801781737,116.55902004454343,16.970562748477143,2.25,12.5,0,12,5.315500094009459,2.25,12.5,4.783950084608515e-05,1.246308743958681,-0.002179389194458449,0.002369683842614506,-0.0001914905810326952
287.03786191536744,116.75946547884186,16.970562748477143,2.25,12.5,0,12,5.315500094009459,2.25,12.5,4.783950084608515e-05,1.236049899639269,-0.002159749502437392,0.002383043963340042,-0.0002251362640827796
287.8396436525612,116.9599109131403,16.970562748477143,2.25,12.5,0,12,5.315500094009459,2.25,12.5,4.783950084608515e-05,1.22441205551791,-0.002139673390249561,0.002395865438138729,-0.0002586568032425287
288.641425389755,117.16035634743875,16.970562748477143,2.25,12.5,0,12,5.315500094009459,2.25,12.5,4.783950084608515e-05,1.21146722111215,-0.002119180790297125,0.002408258468117642,-0.0002921300519583322
290.24498886414256,117.56124721603564,16.970562748477143,2.25,12.5,0,12,5.315500094009459,2.25,12.5,4.783950084608515e-05,1.181253087566204,-0.002077060556952318,0.002431698459804751,-0.0003588001828980637
291.0467706013363,117.76169265033407,16.970562748477143,2.25,12.5,0,12,5.315500094009459,2.25,12.5,4.783950084608515e-05,1.163796669679454,-0.002055449609111886,0.00244261928367551,-0.0003918793203581321
291.84855233853006,117.96213808463251,16.970562748477143,2.25,12.5,0,12,5.315500094009459,2.25,12.5,4.783950084608515e-05,1.144829875782421,-0.002033454536121257,0.002452968602096058,-0.0004247680853193963
289.4432071269488,117.3608017817372,16.970562748477143,2.25,12.5,0,12,5.315500094009459,2.25,12.5,4.783950084608515e-05,1.197121515401507,-0.002098304299200363,0.002420222785738929,-0.0003255316430028012
292.65033407572383,118.16258351893096,16.970562748477143,2.25,12.5,0,12,5.315500094009459,2.25,12.5,4.783950084608515e-05,1.124549068294397,-0.002011060882191725,0.002462771730121821,-0.0004574994143489454
295.0556792873051,118.76391982182628,16.970562748477143,2.25,12.5,0,12,5.315500094009459,2.25,12.5,4.783950084608515e-05,1.058561263421998,-0.001941255996075265,0.002489167221675977,-0.0005551815326245253
296.65924276169267,119.16481069042317,16.970562748477143,2.25,12.5,0,12,5.315500094009459,2.25,12.5,4.783950084608515e-05,1.013015247464829,-0.001892424286222257,0.002504239323861064,-0.0006199653386426723
294.25389755011133,118.56347438752783,16.970562748477143,2.25,12.5,0,12,5.315500094009459,2.25,12.5,4.783950084608515e-05,1.08111351902937,-0.001964983968563956,0.002480864098886993,-0.0005226801141638032
297.4610244988864,119.3652561247216,16.970562748477143,2.25,12.5,0,12,5.315500094009459,2.25,12.5,4.783950084608515e-05,0.9904582895670337,-0.001867303671060134,0.002510990991318849,-0.0006522517952319884
295.8574610244989,118.96436525612472,16.970562748477143,2.25,12.5,0,12,5.315500094009459,2.25,12.5,4.783950084608515e-05,1.035781257130714,-0.001917070049519511,0.00249696236964041,-0.0005876116785298975
293.45211581291755,118.36302895322939,16.970562748477143,2.25,12.5,0,12,5.315500094009459,2.25,12.5,4.783950084608515e-05,1.103204855437922,-0.001988246350917797,0.002472064188426756,-0.0004901235740210095
301.4699331848552,120.3674832962138,16.970562748477143,2.25,12.5,0,12,5.315500094009459,2.25,12.5,4.783950084608515e-05,0.8837123238472452,-0.001734474359423935,0.00253689920442601,-0.0008127778309918205
298.26280623608017,119.56570155902004,16.970562748477143,2.25,12.5,0,12,5.315500094009459,2.25,12.5,4.783950084608515e-05,0.9682499256508112,-0.001841694587030052,0.002517213851102951,-0.0006844805453014624
299.06458797327394,119.76614699331849,16.970562748477143,2.25,12.5,0,12,5.315500094009459,2.25,12.5,4.783950084608515e-05,0.9464519611273785,-0.001815604140806679,0.002522908299072667,-0.0007166433491394669
302.271714922049,120.56792873051225,16.970562748477143,2.25,12.5,0,12,5.315500094009459,2.25,12.5,4.783950084608515e-05,0.8636603277720903,-0.001706499508778939,0.002540572158985989,-0.000844721744937466
303.0734966592428,120.7683741648107,16.970562748477143,2.25,12.5,0,12,5.315500094009459,2.25,12.5,4.783950084608515e-05,0.8440811680907457,-0.001678073058449052,0.002543773140998301,-0.0008766236237937311
299.86636971046767,119.96659242761692,16.970562748477143,2.25,12.5,0,12,5.315500094009459,2.25,12.5,4.783950084608515e-05,0.9251005820316484,-0.001789035394511442,0.002528080447219156,-0.0007487424866394755
300.66815144766144,120.16703786191536,16.970562748477143,2.25,12.5,0,12,5.315500094009459,2.25,12.5,4.783950084608515e-05,0.9041926459285051,-0.001761991361130351,0.002532740049315338,-0.0007807842923014767
303.8752783964365,120.96881959910912,16.970562748477143,2.25,12.5,0,12,5.315500094009459,2.25,12.5,4.783950084608515e-05,0.8250494874025341,-0.001649218019931229,0.002546515276112987,-0.0009084728234408026
304.6770601336303,121.16926503340757,16.970562748477143,2.25,12.5,0,12,5.315500094009459,2.25,12.5,4.783950084608515e-05,0.8067202454279148,-0.001619955792583258,0.002548810984529911,-0.0009402601216034336
305.47884187082406,121.36971046770601,16.970562748477143,2.25,12.5,0,12,5.315500094009459,2.25,12.5,4.783950084608515e-05,0.7893228420103062,-0.001590296711074792,0.002550672803541747,-0.0009719878517783737
306.2806236080178,121.57015590200444,16.970562748477143,2.25,12.5,0,12,5.315500094009459,2.25,12.5,4.783950084608515e-05,0.7731350042988697,-0.001560258003880154,0.002552113661026052,-0.001003651750350998
307.08240534521155,121.77060133630289,16.970562748477143,2.25,12.5,0,12,5.315500094009459,2.25,12.5,4.783950084608515e-05,0.7584536862951313,-0.001529861495602371,0.002553148650543512,-0.001035245194899242
307.88418708240533,121.97104677060133,16.970562748477143,2.25,12.5,0,12,5.315500094009459,2.25,12.5,4.783950084608515e-05,0.7455930240590496,-0.001499130350106751,0.002553795505418442,-0.001066763114074446
308.6859688195991,122.17149220489978,16.970562748477143,2.25,12.5,0,12,5.315500094009459,2.25,12.5,4.783950084608515e-05,0.7348235743301585,-0.001468086413262185,0.002554073562335273,-0.001098203427070267
311.0913140311804,122.7728285077951,16.970562748477143,2.25,12.5,0,12,5.315500094009459,2.25,12.5,4.783950084608515e-05,0.7169656619826481,-0.001373338061807661,0.00255290594726113,-0.001192017047635596
311.89309576837417,122.97327394209354,16.970562748477143,2.25,12.5,0,12,5.315500094009459,2.25,12.5,4.783950084608515e-05,0.7160850539834152,-0.001341266190934647,0.002551917142361849,-0.001223140090322913
309.4877505567929,122.37193763919822,16.970562748477143,2.25,12.5,0,12,5.315500094009459,2.25,12.5,4.783950084608515e-05,0.7263764272249742,-0.001436759364713024,0.002554003691671089,-0.001129557986657692
315.902004454343,123.97550111358575,16.970562748477143,2.25,12.5,0,12,5.315500094009459,2.25,12.5,4.783950084608515e-05,0.7470588750044381,-0.001177209330708909,0.002543099261511926,-0.001378320570445264
313.49665924276167,123.37416481069042,16.970562748477143,2.25,12.5,0,12,5.315500094009459,2.25,12.5,4.783950084608515e-05,0.721704071094899,-0.001276409194758752,0.002549138461769933,-0.001285245834100982
310.2895322939866,122.57238307349665,16.970562748477143,2.25,12.5,0,12,5.315500094009459,2.25,12.5,4.783950084608515e-05,0.7204012449737497,-0.001405171596359307,0.002553607518147154,-0.001160826896477906
314.29844097995544,123.57461024498886,16.970562748477143,2.25,12.5,0,12,5.315500094009459,2.25,12.5,4.783950084608515e-05,0.7280207254551212,-0.001243602167944484,0.002547370317953889,-0.001316272624670534
315.1002227171492,123.7750556792873,16.970562748477143,2.25,12.5,0,12,5.315500094009459,2.25,12.5,4.783950084608515e-05,0.7365128665258718,-0.001210532714581045,0.002545357134787682,-0.001347300099051752
316.7037861915367,124.17594654788418,16.970562748477143,2.25,12.5,0,12,5.315500094009459,2.25,12.5,4.783950084608515e-05,0.7595561421305904,-0.001143624390614382,0.002540593333186468,-0.001409338646516532
312.6948775055679,123.17371937639197,16.970562748477143,2.25,12.5,0,12,5.315500094009459,2.25,12.5,4.783950084608515e-05,0.7176926550837367,-0.001308958511469378,0.002550657057208642,-0.001254210075011148
319.109131403118,124.7772828507795,16.970562748477143,2.25,12.5,0,12,5.315500094009459,2.25,12.5,4.783950084608515e-05,0.8077892421578646,-0.001041165774679732,0.002531518166418061,-0.001502444382637502
317.5055679287305,124.37639198218262,16.970562748477143,2.25,12.5,0,12,5.315500094009459,2.25,12.5,4.783950084608515e-05,0.7739028005081993,-0.001109763633871725,0.002537833093563838,-0.001440362532359995
318.3073496659243,124.57683741648107,16.970562748477143,2.25,12.5,0,12,5.315500094009459,2.25,12.5,4.783950084608515e-05,0.7900109105157018,-0.001075616537819818,0.002534810827197083,-0.001471394892359992
320.71269487750556,125.17817371937639,16.970562748477143,2.25,12.5,0,12,5.315500094009459,2.25,12.5,4.783950084608515e-05,0.8478531184016147,-0.0009712939295377303,0.002524083762286795,-0.001564616299430075
321.51447661469933,125.37861915367483,16.970562748477143,2.25,12.5,0,12,5.315500094009459,2.25,12.5,4.783950084608515e-05,0.8697821471125545,-0.0009358879573988497,0.002519919799035682,-0.001595702115566801
322.3162583518931,125.57906458797328,16.970562748477143,2.25,12.5,0,12,5.315500094009459,2.25,12.5,4.783950084608515e-05,0.8926956118721805,-0.0009001790863975045,0.002515443828404554,-0.001626763511194111
323.11804008908683,125.77951002227171,16.970562748477143,2.25,12.5,0,12,5.315500094009459,2.25,12.5,4.783950084608515e-05,0.9163516288850099,-0.0008641708368484888,0.002510645973067205,-0.001657787156583962
319.9109131403118,124.97772828507794,16.970562748477143,2.25,12.5,0,12,5.315500094009459,2.25,12.5,4.783950084608515e-05,0.8271247244783798,-0.001006390893260601,0.002527946088046779,-0.001533522385078236
323.9198218262806,125.97995545657015,16.970562748477143,2.25,12.5,0,12,5.315500094009459,2.25,12.5,4.783950084608515e-05,0.9405073566871235,-0.0008278740740831723,0.002505516234222352,-0.001688752163359709
324.7216035634744,126.1804008908686,16.970562748477143,2.25,12.5,0,12,5.315500094009459,2.25,12.5,4.783950084608515e-05,0.9648951572389423,-0.0007913019207246674,0.002500043678628392,-0.001719634221189962
325.5233853006681,126.38084632516703,16.970562748477143,2.25,12.5,0,12,5.315500094009459,2.25,12.5,4.783950084608515e-05,0.9892629724981518,-0.0007544673329783223,0.002494216157869155,-0.001750407614640063
326.3251670378619,126.58129175946547,16.970562748477143,2.25,12.5,0,12,5.315500094009459,2.25,12.5,4.783950084608515e-05,1.013378339937139,-0.0007173909844197526,0.002488021708484378,-0.001781038766513725
327.12694877505567,126.78173719376392,16.970562748477143,2.25,12.5,0,12,5.315500094009459,2.25,12.5,4.783950084608515e-05,1.037016508608428,-0.0006801007398218083,0.002481452959968968,-0.001811491322933634
327.92873051224944,126.98218262806236,16.970562748477143,2.25,12.5,0,12,5.315500094009459,2.25,12.5,4.783950084608515e-05,1.059967832180486,-0.0006426290857829654,0.002474506851887095,-0.001841728558782031
328.7305122494432,127.1826280623608,16.970562748477143,2.25,12.5,0,12,5.315500094009459,2.25,12.5,4.783950084608515e-05,1.082103967413301,-0.0006050132888888539,0.002467178764383718,-0.001871709184648635
329.53229398663694,127.38307349665924,16.970562748477143,2.25,12.5,0,12,5.315500094009459,2.25,12.5,4.783950084608515e-05,1.103314776418177,-0.0005672887343720678,0.002459453917221417,-0.001901386032931621
330.3340757238307,127.58351893095768,16.970562748477143,2.25,12.5,0,12,5.315500094009459,2.25,12.5,4.783950084608515e-05,1.123539564276779,-0.0005294813558653992,0.002451304330357058,-0.001930707908508348
331.1358574610245,127.78396436525613,16.970562748477143,2.25,12.5,0,12,5.315500094009459,2.25,12.5,4.783950084608515e-05,1.142751297603845,-0.0004916206938816924,0.002442678735935982,-0.001959593627155926
331.9376391982182,127.98440979955456,16.970562748477143,2.25,12.5,0,12,5.315500094009459,2.25,12.5,4.783950084608515e-05,1.160931329862162,-0.0004537353258915744,0.002433525299833189,-0.001987961026459845
332.739420935412,128.184855233853,16.970562748477143,2.25,12.5,0,12,5.315500094009459,2.25,12.5,4.783950084608515e-05,1.178044951714694,-0.0004158649117955176,0.002423855963118555,-0.00201577980914257
333.5412026726058,128.38530066815144,16.970562748477143,2.25,12.5,0,12,5.315500094009459,2.25,12.5,4.783950084608515e-05,1.194027329708828,-0.0003780614271865033,0.00241372388126628,-0.002043047981051342
334.34298440979956,128.5857461024499,16.970562748477143,2.25,12.5,0,12,5.315500094009459,2.25,12.5,4.783950084608515e-05,1.20882047889334,-0.0003403763180719845,0.00240319209788392,-0.002069771882889488
335.14476614699333,128.78619153674833,16.970562748477143,2.25,12.5,0,12,5.315500094009459,2.25,12.5,4.783950084608515e-05,1.222354052073686,-0.0003028610404919201,0.002392304346774667,-0.002095937915329747
335.94654788418705,128.98663697104678,16.970562748477143,2.25,12.5,0,12,5.315500094009459,2.25,12.5,4.783950084608515e-05,1.234490317951837,-0.0002655598891318173,0.002380994644418612,-0.002121434448869561
337.5501113585746,129.38752783964367,16.970562748477143,2.25,12.5,0,12,5.315500094009459,2.25,12.5,4.783950084608515e-05,1.254124526003444,-0.0001916600607494874,0.002356595289275234,-0.002169867081095266
336.74832962138083,129.18708240534522,16.970562748477143,2.25,12.5,0,12,5.315500094009459,2.25,12.5,4.783950084608515e-05,1.245095866490203,-0.0002285006649485824,0.002369133846429847,-0.002146106864914921
340.75723830734967,130.18930957683742,16.970562748477143,2.25,12.5,0,12,5.315500094009459,2.25,12.5,4.783950084608515e-05,1.274348255324203,-4.616533206541668e-05,0.002299525393533798,-0.002256136959726814
341.55902004454344,130.38975501113586,16.970562748477143,2.25,12.5,0,12,5.315500094009459,2.25,12.5,4.783950084608515e-05,1.274809007253827,-1.067492788113271e-05,0.002283759677363289,-0.002275267124410611
338.35189309576833,129.58797327394208,16.970562748477143,2.25,12.5,0,12,5.315500094009459,2.25,12.5,4.783950084608515e-05,1.261644881352474,-0.0001549597978656401,0.002343330523565584,-0.002192768206591038
339.1536748329621,129.78841870824053,16.970562748477143,2.25,12.5,0,12,5.315500094009459,2.25,12.5,4.783950084608515e-05,1.267636203835341,-0.0001184042891495278,0.002329368670681828,-0.002214835615449972
339.9554565701559,129.98886414253897,16.970562748477143,2.25,12.5,0,12,5.315500094009459,2.25,12.5,4.783950084608515e-05,1.271942136283075,-8.209235142191992e-05,0.002314743773667978,-0.002235988288718693
342.36080178173717,130.59020044543428,16.970562748477143,2.25,12.5,0,12,5.315500094009459,2.25,12.5,4.783950084608515e-05,1.273596707644149,2.45230626326683e-05,0.002267391053985289,-0.002293490716785471
343.16258351893094,130.79064587973272,16.970562748477143,2.25,12.5,0,12,5.315500094009459,2.25,12.5,4.783950084608515e-05,1.270954652684747,5.956810281849164e-05,0.00225036653627684,-0.002310917847921922
343.9643652561247,130.99109131403117,16.970562748477143,2.25,12.5,0,12,5.315500094009459,2.25,12.5,4.783950084608515e-05,1.266883860828871,9.444499733109941e-05,0.002232685855130407,-0.00232752558571118
344.76614699331844,131.1915367483296,16.970562748477143,2.25,12.5,0,12,5.315500094009459,2.25,12.5,4.783950084608515e-05,1.261207135893273,0.000129037172645441,0.00221439537305839,-0.002343229271612717
345.5679287305122,131.39198218262806,16.970562748477143,2.25,12.5,0,12,5.315500094009459,2.25,12.5,4.783950084608515e-05,1.253837869884609,0.0001632723628111016,0.002195552391583608,-0.00235799976312703
346.369710467706,131.5924276169265,16.970562748477143,2.25,12.5,0,12,5.315500094009459,2.25,12.5,4.783950084608515e-05,1.244781485847865,0.0001971433608152809,0.002176254087277959,-0.002371927146314614
350.37861915367483,132.59465478841872,16.970562748477143,2.25,12.5,0,12,5.315500094009459,2.25,12.5,4.783950084608515e-05,1.178384151139492,0.000364462231302238,0.002073504782079513,-0.00243354119211557
347.1714922048998,131.79287305122494,16.970562748477143,2.25,12.5,0,12,5.315500094009459,2.25,12.5,4.783950084608515e-05,1.234213995667808,0.0002307759116630412,0.002156521999653186,-0.002385181709445342
347.97327394209356,131.9933184855234,16.970562748477143,2.25,12.5,0,12,5.315500094009459,2.25,12.5,4.783950084608515e-05,1.222316730560732,0.0002643071927818694,0.002136356368984762,-0.002397928830197588
351.18040089086855,132.79510022271714,16.970562748477143,2.25,12.5,0,12,5.315500094009459,2.25,12.5,4.783950084608515e-05,1.160650789508718,0.0003975184594177101,0.002051817276728153,-0.002444362040555497
348.7750556792873,132.19376391982183,16.970562748477143,2.25,12.5,0,12,5.315500094009459,2.25,12.5,4.783950084608515e-05,1.209133587892553,0.0002978000355192106,0.002115777002055187,-0.002410258989843125
351.98218262806233,132.99554565701558,16.970562748477143,2.25,12.5,0,12,5.315500094009459,2.25,12.5,4.783950084608515e-05,1.141423519698377,0.0004303828962731239,0.0020297442232509,-0.002454609528794252
349.57683741648106,132.39420935412028,16.970562748477143,2.25,12.5,0,12,5.315500094009459,2.25,12.5,4.783950084608515e-05,1.194526670670554,0.0003312050191651354,0.002094824246185673,-0.002422152592318759
352.7839643652561,133.19599109131403,16.970562748477143,2.25,12.5,0,12,5.315500094009459,2.25,12.5,4.783950084608515e-05,1.120910720289333,0.0004631023434156218,0.002007263164092118,-0.0024643148882626
354.38752783964367,133.59688195991092,16.970562748477143,2.25,12.5,0,12,5.315500094009459,2.25,12.5,4.783950084608515e-05,1.077165002164353,0.0005282861449245745,0.001960991470599622,-0.002482221665932752
353.5857461024499,133.39643652561247,16.970562748477143,2.25,12.5,0,12,5.315500094009459,2.25,12.5,4.783950084608515e-05,1.099390161868907,0.0004957237206079614,0.001984355361940412,-0.002473513843703398
355.1893095768374,133.79732739420933,16.970562748477143,2.25,12.5,0,12,5.315500094009459,2.25,12.5,4.783950084608515e-05,1.054502996017757,0.0005607830697767997,0.001937171854242353,-0.00249043244227616
355.99109131403117,133.99777282850778,16.970562748477143,2.25,12.5,0,12,5.315500094009459,2.25,12.5,4.783950084608515e-05,1.031671305070654,0.0005932019741831983,0.001912901319627345,-0.002498134981000096
356.79287305122494,134.19821826280622,16.970562748477143,2.25,12.5,0,12,5.315500094009459,2.25,12.5,4.783950084608515e-05,1.008903774231779,0.0006255466634992601,0.001888168527002249,-0.002505318863701998
357.59465478841867,134.39866369710467,16.970562748477143,2.25,12.5,0,12,5.315500094009459,2.25,12.5,4.783950084608515e-05,0.9863900936038743,0.0006578200953015697,0.00186296368806364,-0.002511976549533776
358.39643652561244,134.5991091314031,16.970562748477143,2.25,12.5,0,12,5.315500094009459,2.25,12.5,4.783950084608515e-05,0.964268321599053,0.0006900381470666846,0.001837267549887343,-0.002518105286991009
359.1982182628062,134.79955456570156,16.970562748477143,2.25,12.5,0,12,5.315500094009459,2.25,12.5,4.783950084608515e-05,0.9426024943754705,0.000722196547739208,0.001811085024536282,-0.002523706955112944
360.0,135.0,16.970562748477143,2.25,12.5,0,12,5.315500094009459,2.25,12.5,4.783950084608515e-05,0.9213942194638075,0.0007542907911047912,0.001784426235174287,-0.002528788165109516
