degmech,irms,degel,magnet_depth,ratio,angle,magangle,halbach_side,create_by_angle,i,ratio_inner,ratio_outer,x,y,magarea,torque_airgap,flux_a,flux_b,flux_c
0.0,0,0,5,0.25,-20,0,A,True,12,0.0062096503007499915,0.49379034969925,-20,0,0.00010681530445482,0.000811315156993366,-6.570319677939081e-08,-0.002527806209896222,0.002527854142093953
0.20044543429844097,0,0,5,0.25,-20,0,A,True,12,0.0062096503007499915,0.49379034969925,-20,0,0.00010681530445482,-0.007326451485425009,-4.072745738784381e-05,-0.00250804244662175,0.002546684512038672
0.40089086859688194,0,0,5,0.25,-20,0,A,True,12,0.0062096503007499915,0.49379034969925,-20,0,0.00010681530445482,-0.01533210775073909,-8.135109041668034e-05,-0.002487506611406178,0.002564687093205265
0.6013363028953229,0,0,5,0.25,-20,0,A,True,12,0.0062096503007499915,0.49379034969925,-20,0,0.00010681530445482,-0.02312420725695696,-0.0001218793796697664,-0.002466462904811608,0.002582071159139057
0.8017817371937639,0,0,5,0.25,-20,0,A,True,12,0.0062096503007499915,0.49379034969925,-20,0,0.00010681530445482,-0.03028302639806198,-0.0001623468367480751,-0.002444927620553532,0.002598925847156893
1.0022271714922049,0,0,5,0.25,-20,0,A,True,12,0.0062096503007499915,0.49379034969925,-20,0,0.00010681530445482,-0.0361722971845702,-0.0002028432896690286,-0.002422705463367241,0.002615193168170962
1.2026726057906458,0,0,5,0.25,-20,0,A,True,12,0.0062096503007499915,0.49379034969925,-20,0,0.00010681530445482,-0.04115577814642275,-0.0002432225634835233,-0.002400042097500667,0.002630921321410419
1.4031180400890868,0,0,5,0.25,-20,0,A,True,12,0.0062096503007499915,0.49379034969925,-20,0,0.00010681530445482,-0.04567133690936821,-0.000283342453606618,-0.002377174412061249,0.002646157209906086
1.6035634743875278,0,0,5,0.25,-20,0,A,True,12,0.0062096503007499915,0.49379034969925,-20,0,0.00010681530445482,-0.04878506425927213,-0.0003234111986344937,-0.002353660269134284,0.002660756614995942
1.8040089086859687,0,0,5,0.25,-20,0,A,True,12,0.0062096503007499915,0.49379034969925,-20,0,0.00010681530445482,-0.04968821092895434,-0.000363610789528802,-0.002329138501541882,0.00267461438786294
2.0044543429844097,0,0,5,0.25,-20,0,A,True,12,0.0062096503007499915,0.49379034969925,-20,0,0.00010681530445482,-0.04879479174759593,-0.0004038397834431093,-0.002303803168110585,0.002687787788101722
2.2048997772828507,0,0,5,0.25,-20,0,A,True,12,0.0062096503007499915,0.49379034969925,-20,0,0.00010681530445482,-0.04671353508049127,-0.0004439605649678455,-0.002277915535012816,0.002700353710446907
2.4053452115812917,0,0,5,0.25,-20,0,A,True,12,0.0062096503007499915,0.49379034969925,-20,0,0.00010681530445482,-0.0431840137617598,-0.0004840559621263872,-0.002251328480893591,0.002712284994168942
2.6057906458797326,0,0,5,0.25,-20,0,A,True,12,0.0062096503007499915,0.49379034969925,-20,0,0.00010681530445482,-0.03821618127674119,-0.0005241543801462311,-0.002223995100302497,0.002723581527697798
2.8062360801781736,0,0,5,0.25,-20,0,A,True,12,0.0062096503007499915,0.49379034969925,-20,0,0.00010681530445482,-0.03231549587475393,-0.0005641736306444391,-0.002196079284997356,0.002734298271934293
3.0066815144766146,0,0,5,0.25,-20,0,A,True,12,0.0062096503007499915,0.49379034969925,-20,0,0.00010681530445482,-0.02595144211684386,-0.0006040334130969561,-0.002167739085315404,0.002744486591341945
3.2071269487750556,0,0,5,0.25,-20,0,A,True,12,0.0062096503007499915,0.49379034969925,-20,0,0.00010681530445482,-0.01918643059820571,-0.0006437511986219747,-0.002138934906485749,0.002754139580088408
3.4075723830734965,0,0,5,0.25,-20,0,A,True,12,0.0062096503007499915,0.49379034969925,-20,0,0.00010681530445482,-0.01210238254940058,-0.0006833384054701006,-0.002109639341338654,0.002763251190669471
3.6080178173719375,0,0,5,0.25,-20,0,A,True,12,0.0062096503007499915,0.49379034969925,-20,0,0.00010681530445482,-0.005053846360873426,-0.0007227380573646596,-0.002079954051813568,0.002771846158888394
3.8084632516703785,0,0,5,0.25,-20,0,A,True,12,0.0062096503007499915,0.49379034969925,-20,0,0.00010681530445482,0.001689245832470588,-0.0007619134175617997,-0.002049948378219912,0.002779941353804808
4.008908685968819,0,0,5,0.25,-20,0,A,True,12,0.0062096503007499915,0.49379034969925,-20,0,0.00010681530445482,0.00798567572805373,-0.0008008647069587382,-0.002019621997161556,0.002787537010250506
4.20935412026726,0,0,5,0.25,-20,0,A,True,12,0.0062096503007499915,0.49379034969925,-20,0,0.00010681530445482,0.01372235161737868,-0.000839595604799065,-0.001988964983818989,0.002794631337003699
4.409799554565701,0,0,5,0.25,-20,0,A,True,12,0.0062096503007499915,0.49379034969925,-20,0,0.00010681530445482,0.01882082040343158,-0.0008781114839807765,-0.001957967736600889,0.002801225156917728
4.610244988864142,0,0,5,0.25,-20,0,A,True,12,0.0062096503007499915,0.49379034969925,-20,0,0.00010681530445482,0.02319706020168163,-0.0009164059260081364,-0.001926646108013163,0.002807327591141521
4.810690423162583,0,0,5,0.25,-20,0,A,True,12,0.0062096503007499915,0.49379034969925,-20,0,0.00010681530445482,0.02673971975852538,-0.0009544674468194305,-0.001895029857789394,0.002812952717607232
5.011135857461024,0,0,5,0.25,-20,0,A,True,12,0.0062096503007499915,0.49379034969925,-20,0,0.00010681530445482,0.02943900641699042,-0.0009922918919125381,-0.001863131721773383,0.002818109846555426
5.211581291759465,0,0,5,0.25,-20,0,A,True,12,0.0062096503007499915,0.49379034969925,-20,0,0.00010681530445482,0.03133181569491306,-0.001029889028822077,-0.001830945916591498,0.002822806398407019
5.412026726057906,0,0,5,0.25,-20,0,A,True,12,0.0062096503007499915,0.49379034969925,-20,0,0.00010681530445482,0.03244351668533937,-0.001067262688100297,-0.001798475062505857,0.00282705141956488
5.612472160356347,0,0,5,0.25,-20,0,A,True,12,0.0062096503007499915,0.49379034969925,-20,0,0.00010681530445482,0.03278438527647222,-0.001104414532335973,-0.001765726443621342,0.002830855190966505
5.812917594654788,0,0,5,0.25,-20,0,A,True,12,0.0062096503007499915,0.49379034969925,-20,0,0.00010681530445482,0.03239369464116848,-0.00114135623695441,-0.001732698970851221,0.002834229052215042
6.013363028953229,0,0,5,0.25,-20,0,A,True,12,0.0062096503007499915,0.49379034969925,-20,0,0.00010681530445482,0.03127684125475978,-0.001178097581604013,-0.001699394138610457,0.002837185031745587
6.21380846325167,0,0,5,0.25,-20,0,A,True,12,0.0062096503007499915,0.49379034969925,-20,0,0.00010681530445482,0.02940630153188219,-0.001214642472845106,-0.001665819698235489,0.002839735736977189
6.414253897550111,0,0,5,0.25,-20,0,A,True,12,0.0062096503007499915,0.49379034969925,-20,0,0.00010681530445482,0.02671384644342048,-0.001250986175999222,-0.001631992005946796,0.002841893861256276
6.815144766146993,0,0,5,0.25,-20,0,A,True,12,0.0062096503007499915,0.49379034969925,-20,0,0.00010681530445482,0.01881675212947626,-0.001323109378806813,-0.001563581937596245,0.002845076632543955
6.614699331848552,0,0,5,0.25,-20,0,A,True,12,0.0062096503007499915,0.49379034969925,-20,0,0.00010681530445482,0.02316586192285743,-0.001287134765686201,-0.001597916176857185,0.002843670861758089
7.015590200445434,0,0,5,0.25,-20,0,A,True,12,0.0062096503007499915,0.49379034969925,-20,0,0.00010681530445482,0.01375866958301247,-0.001358924352792186,-0.001528984617722721,0.002846119607913545
7.216035634743875,0,0,5,0.25,-20,0,A,True,12,0.0062096503007499915,0.49379034969925,-20,0,0.00010681530445482,0.008104768249239938,-0.001394571178692846,-0.001494138263557061,0.002846805382452796
7.416481069042316,0,0,5,0.25,-20,0,A,True,12,0.0062096503007499915,0.49379034969925,-20,0,0.00010681530445482,0.002024960854568004,-0.001430028432411332,-0.001459066602531425,0.002847136889003984
7.616926503340757,0,0,5,0.25,-20,0,A,True,12,0.0062096503007499915,0.49379034969925,-20,0,0.00010681530445482,-0.004229118038241901,-0.001465274603298549,-0.001423791364171717,0.002847114909277452
7.817371937639198,0,0,5,0.25,-20,0,A,True,12,0.0062096503007499915,0.49379034969925,-20,0,0.00010681530445482,-0.01035032923991975,-0.001500303114320388,-0.001388320452594811,0.002846739871209134
8.017817371937639,0,0,5,0.25,-20,0,A,True,12,0.0062096503007499915,0.49379034969925,-20,0,0.00010681530445482,-0.01601498642794201,-0.001535115873190548,-0.001352652582528076,0.002846011722688062
8.21826280623608,0,0,5,0.25,-20,0,A,True,12,0.0062096503007499915,0.49379034969925,-20,0,0.00010681530445482,-0.02100098927809039,-0.001569701484375485,-0.00131679569784964,0.002844927357365384
8.41870824053452,0,0,5,0.25,-20,0,A,True,12,0.0062096503007499915,0.49379034969925,-20,0,0.00010681530445482,-0.0252006621147736,-0.001604042591013416,-0.001280760256258333,0.002843480150461116
8.619153674832962,0,0,5,0.25,-20,0,A,True,12,0.0062096503007499915,0.49379034969925,-20,0,0.00010681530445482,-0.02855770863503954,-0.00163812622151794,-0.001244549596399675,0.002841660708815249
8.819599109131403,0,0,5,0.25,-20,0,A,True,12,0.0062096503007499915,0.49379034969925,-20,0,0.00010681530445482,-0.0310746506465062,-0.001671946045186265,-0.001208158540497538,0.002839457670839169
9.020044543429844,0,0,5,0.25,-20,0,A,True,12,0.0062096503007499915,0.49379034969925,-20,0,0.00010681530445482,-0.03277728237069193,-0.001705500666156536,-0.001171575857401317,0.002836858627620276
9.220489977728285,0,0,5,0.25,-20,0,A,True,12,0.0062096503007499915,0.49379034969925,-20,0,0.00010681530445482,-0.03368482030551855,-0.001738786718189652,-0.001134792848925896,0.002833851394660855
9.420935412026726,0,0,5,0.25,-20,0,A,True,12,0.0062096503007499915,0.49379034969925,-20,0,0.00010681530445482,-0.03381880428724494,-0.001771796347032786,-0.001097806239231489,0.002830424309289239
9.621380846325167,0,0,5,0.25,-20,0,A,True,12,0.0062096503007499915,0.49379034969925,-20,0,0.00010681530445482,-0.03318938433292449,-0.001804524086335285,-0.001060611753243505,0.002826566629085707
9.821826280623608,0,0,5,0.25,-20,0,A,True,12,0.0062096503007499915,0.49379034969925,-20,0,0.00010681530445482,-0.0317961922282911,-0.001836962581634595,-0.001023208631534713,0.002822268762069476
10.022271714922049,0,0,5,0.25,-20,0,A,True,12,0.0062096503007499915,0.49379034969925,-20,0,0.00010681530445482,-0.02962795453178503,-0.001869111676076365,-0.0009855905640326961,0.002817522310697916
10.22271714922049,0,0,5,0.25,-20,0,A,True,12,0.0062096503007499915,0.49379034969925,-20,0,0.00010681530445482,-0.02667809029896117,-0.001900974708496534,-0.0009477491435709725,0.002812319548100756
10.42316258351893,0,0,5,0.25,-20,0,A,True,12,0.0062096503007499915,0.49379034969925,-20,0,0.00010681530445482,-0.02294060626346198,-0.001932557477429772,-0.0009096745130678237,0.002806653270392649
10.623608017817372,0,0,5,0.25,-20,0,A,True,12,0.0062096503007499915,0.49379034969925,-20,0,0.00010681530445482,-0.01845826262781408,-0.001963843354787937,-0.0008713708352327764,0.002800511898343583
10.824053452115812,0,0,5,0.25,-20,0,A,True,12,0.0062096503007499915,0.49379034969925,-20,0,0.00010681530445482,-0.01335039368000943,-0.001994794642312637,-0.0008328559580434345,0.00279388016664072
11.024498886414253,0,0,5,0.25,-20,0,A,True,12,0.0062096503007499915,0.49379034969925,-20,0,0.00010681530445482,-0.007691810843606343,-0.002025398611484062,-0.0007941349539492553,0.002786749342160403
11.224944320712694,0,0,5,0.25,-20,0,A,True,12,0.0062096503007499915,0.49379034969925,-20,0,0.00010681530445482,-0.001501523740610782,-0.002055670842983686,-0.0007551949764525602,0.002779116798686286
11.425389755011135,0,0,5,0.25,-20,0,A,True,12,0.0062096503007499915,0.49379034969925,-20,0,0.00010681530445482,0.005170587981658825,-0.002085631650289032,-0.0007160176731923277,0.002770980649518759
11.625835189309576,0,0,5,0.25,-20,0,A,True,12,0.0062096503007499915,0.49379034969925,-20,0,0.00010681530445482,0.01221944708661149,-0.002115271169791744,-0.0006766040346262305,0.002762334712259263
11.826280623608017,0,0,5,0.25,-20,0,A,True,12,0.0062096503007499915,0.49379034969925,-20,0,0.00010681530445482,0.0192939505211054,-0.002144490921593729,-0.0006370096695219505,0.002753155579156167
12.026726057906458,0,0,5,0.25,-20,0,A,True,12,0.0062096503007499915,0.49379034969925,-20,0,0.00010681530445482,0.02601288240010711,-0.002173198666982788,-0.00059729422088151,0.002743426635979275
12.2271714922049,0,0,5,0.25,-20,0,A,True,12,0.0062096503007499915,0.49379034969925,-20,0,0.00010681530445482,0.03238112125278061,-0.002201465443118488,-0.0005574263800515879,0.002733168507605097
12.42761692650334,0,0,5,0.25,-20,0,A,True,12,0.0062096503007499915,0.49379034969925,-20,0,0.00010681530445482,0.03819997801357467,-0.002229292296302035,-0.0005174110561657291,0.002722380386650503
12.628062360801781,0,0,5,0.25,-20,0,A,True,12,0.0062096503007499915,0.49379034969925,-20,0,0.00010681530445482,0.04292668765356405,-0.002256504065877636,-0.0004773413108875423,0.002711010012946126
12.828507795100222,0,0,5,0.25,-20,0,A,True,12,0.0062096503007499915,0.49379034969925,-20,0,0.00010681530445482,0.0461519077611612,-0.002282953681025231,-0.0004372838613453221,0.002699001464740487
13.028953229398663,0,0,5,0.25,-20,0,A,True,12,0.0062096503007499915,0.49379034969925,-20,0,0.00010681530445482,0.04807731500863765,-0.002308757171093533,-0.0003971621082518963,0.002686363004281528
13.229398663697104,0,0,5,0.25,-20,0,A,True,12,0.0062096503007499915,0.49379034969925,-20,0,0.00010681530445482,0.04886519666532994,-0.002333993351926381,-0.0003569270305337282,0.002673101607755162
13.429844097995545,0,0,5,0.25,-20,0,A,True,12,0.0062096503007499915,0.49379034969925,-20,0,0.00010681530445482,0.04781856262473455,-0.002358369725301797,-0.000316736630347391,0.002659135039959997
14.031180400890868,0,0,5,0.25,-20,0,A,True,12,0.0062096503007499915,0.49379034969925,-20,0,0.00010681530445482,0.03570724777984215,-0.00242723982832091,-0.0001960207695680718,0.002613282092967606
13.830734966592427,0,0,5,0.25,-20,0,A,True,12,0.0062096503007499915,0.49379034969925,-20,0,0.00010681530445482,0.04036527549133177,-0.002404588630428501,-0.0002364800877606216,0.002629099575549126
14.231625835189309,0,0,5,0.25,-20,0,A,True,12,0.0062096503007499915,0.49379034969925,-20,0,0.00010681530445482,0.030054974206247,-0.002449387438850806,-0.0001554736434028701,0.002596905341614381
13.630289532293986,0,0,5,0.25,-20,0,A,True,12,0.0062096503007499915,0.49379034969925,-20,0,0.00010681530445482,0.0446505213907735,-0.002381750100745543,-0.0002766643419511282,0.002644423934469732
14.43207126948775,0,0,5,0.25,-20,0,A,True,12,0.0062096503007499915,0.49379034969925,-20,0,0.00010681530445482,0.02311583249019697,-0.002470848691885704,-0.0001149637285034652,0.002579946439249997
14.632516703786191,0,0,5,0.25,-20,0,A,True,12,0.0062096503007499915,0.49379034969925,-20,0,0.00010681530445482,0.01547252938770021,-0.002491812739283433,-7.440466659531793e-05,0.002562455109705861
14.832962138084632,0,0,5,0.25,-20,0,A,True,12,0.0062096503007499915,0.49379034969925,-20,0,0.00010681530445482,0.007478643030086089,-0.00251220748351776,-3.377847752019996e-05,0.002544313134502949
15.033407572383073,0,0,5,0.25,-20,0,A,True,12,0.0062096503007499915,0.49379034969925,-20,0,0.00010681530445482,-0.0006637545006546675,-0.002531802316618871,6.882447622913934e-06,0.002525320105158389
15.233853006681514,0,0,5,0.25,-20,0,A,True,12,0.0062096503007499915,0.49379034969925,-20,0,0.00010681530445482,-0.008863054299288768,-0.002550479688696558,4.752130849619703e-05,0.002505433847389279
15.434298440979955,0,0,5,0.25,-20,0,A,True,12,0.0062096503007499915,0.49379034969925,-20,0,0.00010681530445482,-0.01689709859198105,-0.002568358694972488,8.810353314045428e-05,0.002484820098280468
15.634743875278396,0,0,5,0.25,-20,0,A,True,12,0.0062096503007499915,0.49379034969925,-20,0,0.00010681530445482,-0.02458317487219006,-0.002585642310136598,0.0001285929569735661,0.002463715272765878
15.835189309576837,0,0,5,0.25,-20,0,A,True,12,0.0062096503007499915,0.49379034969925,-20,0,0.00010681530445482,-0.0313945985654694,-0.002602392619835174,0.0001690571806190517,0.002442070147935229
16.035634743875278,0,0,5,0.25,-20,0,A,True,12,0.0062096503007499915,0.49379034969925,-20,0,0.00010681530445482,-0.03685308089924193,-0.002618552884536734,0.0002095564952669444,0.002419729777631888
16.23608017817372,0,0,5,0.25,-20,0,A,True,12,0.0062096503007499915,0.49379034969925,-20,0,0.00010681530445482,-0.04153740149580785,-0.002634189044605956,0.0002499035197032118,0.002397011175216949
16.43652561247216,0,0,5,0.25,-20,0,A,True,12,0.0062096503007499915,0.49379034969925,-20,0,0.00010681530445482,-0.04577353786237051,-0.002649319052137757,0.0002899953254227119,0.002374066316962545
16.6369710467706,0,0,5,0.25,-20,0,A,True,12,0.0062096503007499915,0.49379034969925,-20,0,0.00010681530445482,-0.04848275412439269,-0.002663782514319476,0.0003300733959284544,0.002350391604004585
16.83741648106904,0,0,5,0.25,-20,0,A,True,12,0.0062096503007499915,0.49379034969925,-20,0,0.00010681530445482,-0.04905416837711162,-0.002677501180988179,0.0003702761691793208,0.002325713095657522
17.037861915367483,0,0,5,0.25,-20,0,A,True,12,0.0062096503007499915,0.49379034969925,-20,0,0.00010681530445482,-0.04799125073512824,-0.002690547898899256,0.0004104792366928559,0.002300272064501746
17.238307349665924,0,0,5,0.25,-20,0,A,True,12,0.0062096503007499915,0.49379034969925,-20,0,0.00010681530445482,-0.04579270487935838,-0.002702992633771944,0.0004505688204957543,0.002274291600287666
17.438752783964365,0,0,5,0.25,-20,0,A,True,12,0.0062096503007499915,0.49379034969925,-20,0,0.00010681530445482,-0.04210079924673615,-0.002714798355999642,0.0004906509670292698,0.002247581716340021
17.639198218262806,0,0,5,0.25,-20,0,A,True,12,0.0062096503007499915,0.49379034969925,-20,0,0.00010681530445482,-0.03705632988959605,-0.002725974593421566,0.0005307263144351821,0.002220140737566566
17.839643652561247,0,0,5,0.25,-20,0,A,True,12,0.0062096503007499915,0.49379034969925,-20,0,0.00010681530445482,-0.03118780803888417,-0.002736578235783589,0.0005706986029224373,0.002192150705487111
18.040089086859687,0,0,5,0.25,-20,0,A,True,12,0.0062096503007499915,0.49379034969925,-20,0,0.00010681530445482,-0.02498564184599194,-0.002746656933163725,0.0006104883259149377,0.002163763487381172
18.24053452115813,0,0,5,0.25,-20,0,A,True,12,0.0062096503007499915,0.49379034969925,-20,0,0.00010681530445482,-0.01842316195635023,-0.002756195932241174,0.0006501347259941397,0.002134905432752535
18.44097995545657,0,0,5,0.25,-20,0,A,True,12,0.0062096503007499915,0.49379034969925,-20,0,0.00010681530445482,-0.01157968883816718,-0.002765191635842289,0.000689647440481369,0.00210555719892743
18.64142538975501,0,0,5,0.25,-20,0,A,True,12,0.0062096503007499915,0.49379034969925,-20,0,0.00010681530445482,-0.004823147068954915,-0.002773671529024613,0.0007289673553896525,0.002075826843021573
18.84187082405345,0,0,5,0.25,-20,0,A,True,12,0.0062096503007499915,0.49379034969925,-20,0,0.00010681530445482,0.001580472708140371,-0.002781653596085485,0.000768058566742587,0.002045782759786795
19.042316258351892,0,0,5,0.25,-20,0,A,True,12,0.0062096503007499915,0.49379034969925,-20,0,0.00010681530445482,0.0075479285662449,-0.002789138678729783,0.0008069290800252797,0.002015416638397361
19.242761692650333,0,0,5,0.25,-20,0,A,True,12,0.0062096503007499915,0.49379034969925,-20,0,0.00010681530445482,0.01303681886285214,-0.002796126202108598,0.0008455945456769436,0.001984707593356587
19.443207126948774,0,0,5,0.25,-20,0,A,True,12,0.0062096503007499915,0.49379034969925,-20,0,0.00010681530445482,0.01801911862669509,-0.002802618902298438,0.0008840674959153681,0.001953641178186684
19.643652561247215,0,0,5,0.25,-20,0,A,True,12,0.0062096503007499915,0.49379034969925,-20,0,0.00010681530445482,0.02239743462351825,-0.00280862676027714,0.0009223347764678849,0.001922241622222141
19.844097995545656,0,0,5,0.25,-20,0,A,True,12,0.0062096503007499915,0.49379034969925,-20,0,0.00010681530445482,0.02602946934595595,-0.0028141620827771,0.0009603714575087493,0.001890549876690823
20.044543429844097,0,0,5,0.25,-20,0,A,True,12,0.0062096503007499915,0.49379034969925,-20,0,0.00010681530445482,0.02885779269098106,-0.002819232515965416,0.000998171779110465,0.001858578107556103
20.244988864142538,0,0,5,0.25,-20,0,A,True,12,0.0062096503007499915,0.49379034969925,-20,0,0.00010681530445482,0.03089519346478678,-0.002823844618206884,0.001035743205164964,0.001826322150669408
20.44543429844098,0,0,5,0.25,-20,0,A,True,12,0.0062096503007499915,0.49379034969925,-20,0,0.00010681530445482,0.03213416925839641,-0.002828006147726635,0.001073091421273684,0.001793781636492647
20.64587973273942,0,0,5,0.25,-20,0,A,True,12,0.0062096503007499915,0.49379034969925,-20,0,0.00010681530445482,0.03256697154188176,-0.002831726597617868,0.001110218820483652,0.001760962179004133
20.84632516703786,0,0,5,0.25,-20,0,A,True,12,0.0062096503007499915,0.49379034969925,-20,0,0.00010681530445482,0.0321913576982021,-0.002835016667044269,0.001147128831637685,0.001727870020280813
21.046770601336302,0,0,5,0.25,-20,0,A,True,12,0.0062096503007499915,0.49379034969925,-20,0,0.00010681530445482,0.03101023986648558,-0.002837888675119726,0.001183830474948419,0.001694507750327439
21.247216035634743,0,0,5,0.25,-20,0,A,True,12,0.0062096503007499915,0.49379034969925,-20,0,0.00010681530445482,0.02902510711989225,-0.002840355469071857,0.001220336197032735,0.001660875367552305
21.447661469933184,0,0,5,0.25,-20,0,A,True,12,0.0062096503007499915,0.49379034969925,-20,0,0.00010681530445482,0.02622154449221065,-0.002842430120548418,0.00125665742060667,0.001626974302213018
21.648106904231625,0,0,5,0.25,-20,0,A,True,12,0.0062096503007499915,0.49379034969925,-20,0,0.00010681530445482,0.02258159294270852,-0.00284412517710537,0.001292798751021067,0.001592812139134174
21.848552338530066,0,0,5,0.25,-20,0,A,True,12,0.0062096503007499915,0.49379034969925,-20,0,0.00010681530445482,0.01808848814263478,-0.002845451195075551,0.001328752261724489,0.001558407318471988
22.048997772828507,0,0,5,0.25,-20,0,A,True,12,0.0062096503007499915,0.49379034969925,-20,0,0.00010681530445482,0.01281414432199741,-0.002846415409524787,0.00136451244324037,0.001523773403985042
22.249443207126948,0,0,5,0.25,-20,0,A,True,12,0.0062096503007499915,0.49379034969925,-20,0,0.00010681530445482,0.006965423298705773,-0.002847021403209271,0.001400091798480822,0.001488902333284103
22.44988864142539,0,0,5,0.25,-20,0,A,True,12,0.0062096503007499915,0.49379034969925,-20,0,0.00010681530445482,0.0008150328387717861,-0.002847271922322818,0.001435493562198012,0.001453793623552616
22.65033407572383,0,0,5,0.25,-20,0,A,True,12,0.0062096503007499915,0.49379034969925,-20,0,0.00010681530445482,-0.005373533439592178,-0.002847168896831742,0.001470699348748633,0.001418467566305815
22.85077951002227,0,0,5,0.25,-20,0,A,True,12,0.0062096503007499915,0.49379034969925,-20,0,0.00010681530445482,-0.01134938704924874,-0.002846712743886658,0.001505686040890752,0.001382947811292603
23.051224944320712,0,0,5,0.25,-20,0,A,True,12,0.0062096503007499915,0.49379034969925,-20,0,0.00010681530445482,-0.01683685906018352,-0.002845902489839154,0.001540438555674419,0.001347248612058392
23.251670378619153,0,0,5,0.25,-20,0,A,True,12,0.0062096503007499915,0.49379034969925,-20,0,0.00010681530445482,-0.0216024515315752,-0.002844735733517833,0.001574958885170775,0.001311365055523534
23.452115812917594,0,0,5,0.25,-20,0,A,True,12,0.0062096503007499915,0.49379034969925,-20,0,0.00010681530445482,-0.02551767656633151,-0.002843206299588708,0.001609239892662436,0.001275297495361752
23.652561247216035,0,0,5,0.25,-20,0,A,True,12,0.0062096503007499915,0.49379034969925,-20,0,0.00010681530445482,-0.02857084629542128,-0.002841303431423834,0.001643269114528203,0.001239047339543374
23.853006681514476,0,0,5,0.25,-20,0,A,True,12,0.0062096503007499915,0.49379034969925,-20,0,0.00010681530445482,-0.03079389887306501,-0.002839013963381025,0.001677037063083258,0.001202610839161086
24.053452115812917,0,0,5,0.25,-20,0,A,True,12,0.0062096503007499915,0.49379034969925,-20,0,0.00010681530445482,-0.03221285226010542,-0.002836324659917833,0.001710536017706997,0.001165982443970053
24.253897550111358,0,0,5,0.25,-20,0,A,True,12,0.0062096503007499915,0.49379034969925,-20,0,0.00010681530445482,-0.03286758577948705,-0.002833222962163175,0.001743759572612361,0.001129156445556282
24.4543429844098,0,0,5,0.25,-20,0,A,True,12,0.0062096503007499915,0.49379034969925,-20,0,0.00010681530445482,-0.03278042626538055,-0.002829697369413357,0.001776700833314127,0.001092128946441163
24.65478841870824,0,0,5,0.25,-20,0,A,True,12,0.0062096503007499915,0.49379034969925,-20,0,0.00010681530445482,-0.0319619564560979,-0.002825737075480258,0.001809353667022491,0.001054896157002364
24.85523385300668,0,0,5,0.25,-20,0,A,True,12,0.0062096503007499915,0.49379034969925,-20,0,0.00010681530445482,-0.03039439608130466,-0.00282133198789494,0.001841717884986082,0.001017449313968332
25.05567928730512,0,0,5,0.25,-20,0,A,True,12,0.0062096503007499915,0.49379034969925,-20,0,0.00010681530445482,-0.02803498934701015,-0.002816473046154878,0.001873798092166807,0.0009797766640499163
25.256124721603562,0,0,5,0.25,-20,0,A,True,12,0.0062096503007499915,0.49379034969925,-20,0,0.00010681530445482,-0.02485217877066401,-0.002811152887670964,0.001905599948001721,0.0009418684016401664
25.456570155902003,0,0,5,0.25,-20,0,A,True,12,0.0062096503007499915,0.49379034969925,-20,0,0.00010681530445482,-0.02087329798108921,-0.002805364887478833,0.001937118912047883,0.0009037255853307175
25.657015590200444,0,0,5,0.25,-20,0,A,True,12,0.0062096503007499915,0.49379034969925,-20,0,0.00010681530445482,-0.01620178546612594,-0.002799098704051518,0.001968328321344381,0.0008653630647989319
25.857461024498885,0,0,5,0.25,-20,0,A,True,12,0.0062096503007499915,0.49379034969925,-20,0,0.00010681530445482,-0.0109518579216487,-0.002792341767798718,0.001999195685879133,0.0008267967180871763
26.057906458797326,0,0,5,0.25,-20,0,A,True,12,0.0062096503007499915,0.49379034969925,-20,0,0.00010681530445482,-0.005189862362909587,-0.002785090023327677,0.002029722573418213,0.0007880232522002367
26.258351893095767,0,0,5,0.25,-20,0,A,True,12,0.0062096503007499915,0.49379034969925,-20,0,0.00010681530445482,0.001029019470679475,-0.002777344807242208,0.002059924637616342,0.0007490337709441489
26.45879732739421,0,0,5,0.25,-20,0,A,True,12,0.0062096503007499915,0.49379034969925,-20,0,0.00010681530445482,0.007620045600608184,-0.002769106938251339,0.002089815138380956,0.0007098194994603962
26.65924276169265,0,0,5,0.25,-20,0,A,True,12,0.0062096503007499915,0.49379034969925,-20,0,0.00010681530445482,0.01443600382613997,-0.002760369306429767,0.002119376045456531,0.000670386856677394
26.85968819599109,0,0,5,0.25,-20,0,A,True,12,0.0062096503007499915,0.49379034969925,-20,0,0.00010681530445482,0.02118002139748647,-0.002751106264597805,0.002148514303172429,0.0006307829641190565
27.06013363028953,0,0,5,0.25,-20,0,A,True,12,0.0062096503007499915,0.49379034969925,-20,0,0.00010681530445482,0.02754871231276592,-0.002741295850134276,0.002177150393720436,0.0005910512526867016
27.260579064587972,0,0,5,0.25,-20,0,A,True,12,0.0062096503007499915,0.49379034969925,-20,0,0.00010681530445482,0.03358847365858252,-0.002730953285539681,0.002205357549420808,0.0005511546324886419
27.461024498886413,0,0,5,0.25,-20,0,A,True,12,0.0062096503007499915,0.49379034969925,-20,0,0.00010681530445482,0.0390409444918481,-0.002720062666549463,0.002233094166498799,0.0005111176342504684
27.661469933184854,0,0,5,0.25,-20,0,A,True,12,0.0062096503007499915,0.49379034969925,-20,0,0.00010681530445482,0.04336419500612766,-0.002708569110682671,0.002260182690866653,0.0004710327105720326
27.861915367483295,0,0,5,0.25,-20,0,A,True,12,0.0062096503007499915,0.49379034969925,-20,0,0.00010681530445482,0.04620395787424746,-0.002696424032628537,0.002286501122326447,0.000430954691673441
28.062360801781736,0,0,5,0.25,-20,0,A,True,12,0.0062096503007499915,0.49379034969925,-20,0,0.00010681530445482,0.04784270760079584,-0.002683650830276887,0.002312206010462484,0.0003907899461508743
28.262806236080177,0,0,5,0.25,-20,0,A,True,12,0.0062096503007499915,0.49379034969925,-20,0,0.00010681530445482,0.04827112207930139,-0.002670244342869114,0.002337307126684392,0.0003505320405162148
28.463251670378618,0,0,5,0.25,-20,0,A,True,12,0.0062096503007499915,0.49379034969925,-20,0,0.00010681530445482,0.04685255171700467,-0.002656120479522818,0.002361513478024709,0.0003103340584813392
28.66369710467706,0,0,5,0.25,-20,0,A,True,12,0.0062096503007499915,0.49379034969925,-20,0,0.00010681530445482,0.04349064332741509,-0.002641262142020841,0.002384767078418884,0.0002702294102729499
28.8641425389755,0,0,5,0.25,-20,0,A,True,12,0.0062096503007499915,0.49379034969925,-20,0,0.00010681530445482,0.03924820337173746,-0.002625820720682661,0.002407567062682795,0.0002299734672961415
29.06458797327394,0,0,5,0.25,-20,0,A,True,12,0.0062096503007499915,0.49379034969925,-20,0,0.00010681530445482,0.03460024577253042,-0.002609893347303063,0.002430158844370615,0.0001894677617252181
29.265033407572382,0,0,5,0.25,-20,0,A,True,12,0.0062096503007499915,0.49379034969925,-20,0,0.00010681530445482,0.02880067359864008,-0.00259340511661395,0.002452180248605258,0.0001489268473293803
29.465478841870823,0,0,5,0.25,-20,0,A,True,12,0.0062096503007499915,0.49379034969925,-20,0,0.00010681530445482,0.0217482876211388,-0.002576355277514257,0.002473542095945853,0.0001084226659415526
29.665924276169264,0,0,5,0.25,-20,0,A,True,12,0.0062096503007499915,0.49379034969925,-20,0,0.00010681530445482,0.01412463357912754,-0.002558765698836593,0.002494431566286726,6.784945713798505e-05
29.866369710467705,0,0,5,0.25,-20,0,A,True,12,0.0062096503007499915,0.49379034969925,-20,0,0.00010681530445482,0.00617540656150311,-0.002540483978575749,0.002514713796066811,2.721052808356381e-05
30.066815144766146,0,0,5,0.25,-20,0,A,True,12,0.0062096503007499915,0.49379034969925,-20,0,0.00010681530445482,-0.001882414040656812,-0.002521319497252017,0.002534164180127005,-1.346441113800139e-05
30.267260579064587,0,0,5,0.25,-20,0,A,True,12,0.0062096503007499915,0.49379034969925,-20,0,0.00010681530445482,-0.009943808281681198,-0.002501276018490413,0.002552705600393483,-5.412022865911156e-05
30.467706013363028,0,0,5,0.25,-20,0,A,True,12,0.0062096503007499915,0.49379034969925,-20,0,0.00010681530445482,-0.01784014758309168,-0.002480549402735319,0.002570487953502185,-9.471907120672828e-05
30.66815144766147,0,0,5,0.25,-20,0,A,True,12,0.0062096503007499915,0.49379034969925,-20,0,0.00010681530445482,-0.02541974378934416,-0.002459350245387601,0.002587693962503595,-0.0001352216656624383
30.86859688195991,0,0,5,0.25,-20,0,A,True,12,0.0062096503007499915,0.49379034969925,-20,0,0.00010681530445482,-0.03207840650848249,-0.002437565032738622,0.002604348570266436,-0.0001757118998308063
31.06904231625835,0,0,5,0.25,-20,0,A,True,12,0.0062096503007499915,0.49379034969925,-20,0,0.00010681530445482,-0.03749861891600086,-0.002415133314107735,0.002620418586429706,-0.0002162020143427053
31.26948775055679,0,0,5,0.25,-20,0,A,True,12,0.0062096503007499915,0.49379034969925,-20,0,0.00010681530445482,-0.04231227303850975,-0.002392417144031626,0.002635985870352011,-0.0002564865242469745
31.469933184855233,0,0,5,0.25,-20,0,A,True,12,0.0062096503007499915,0.49379034969925,-20,0,0.00010681530445482,-0.04646725538267117,-0.002369402237364175,0.002651023687224546,-0.0002965507707300586
31.670378619153674,0,0,5,0.25,-20,0,A,True,12,0.0062096503007499915,0.49379034969925,-20,0,0.00010681530445482,-0.04878629271398541,-0.002345544453323717,0.002665366223940943,-0.0003366620151529102
32.071269487750556,0,0,5,0.25,-20,0,A,True,12,0.0062096503007499915,0.49379034969925,-20,0,0.00010681530445482,-0.04757894202628082,-0.002295179155568775,0.002691942170571156,-0.0004170847632052375
32.271714922049,0,0,5,0.25,-20,0,A,True,12,0.0062096503007499915,0.49379034969925,-20,0,0.00010681530445482,-0.04502860623643087,-0.002269096769781083,0.002704305358020255,-0.0004571763218847098
32.47216035634744,0,0,5,0.25,-20,0,A,True,12,0.0062096503007499915,0.49379034969925,-20,0,0.00010681530445482,-0.04092561274457232,-0.002242257047009921,0.002716024453997476,-0.000497275892397533
31.870824053452115,0,0,5,0.25,-20,0,A,True,12,0.0062096503007499915,0.49379034969925,-20,0,0.00010681530445482,-0.04895843698988529,-0.002320709983757554,0.002678978288395212,-0.0003768887370896023
32.672605790645875,0,0,5,0.25,-20,0,A,True,12,0.0062096503007499915,0.49379034969925,-20,0,0.00010681530445482,-0.03554478878477963,-0.002214715103350167,0.002727123677644452,-0.0005373555708043576
32.87305122494432,0,0,5,0.25,-20,0,A,True,12,0.0062096503007499915,0.49379034969925,-20,0,0.00010681530445482,-0.0294012209306233,-0.002186649057990398,0.002737660995619272,-0.0005773258748726736
33.073496659242764,0,0,5,0.25,-20,0,A,True,12,0.0062096503007499915,0.49379034969925,-20,0,0.00010681530445482,-0.02289573430581506,-0.002158175306723354,0.002747674033025201,-0.0006171254999437422
33.2739420935412,0,0,5,0.25,-20,0,A,True,12,0.0062096503007499915,0.49379034969925,-20,0,0.00010681530445482,-0.01598579322878576,-0.002129209009483761,0.002757144455009497,-0.0006567970781396176
33.47438752783964,0,0,5,0.25,-20,0,A,True,12,0.0062096503007499915,0.49379034969925,-20,0,0.00010681530445482,-0.00886092497579564,-0.002099775969284973,0.002766079750510922,-0.0006963243145188227
33.67483296213808,0,0,5,0.25,-20,0,A,True,12,0.0062096503007499915,0.49379034969925,-20,0,0.00010681530445482,-0.001871292945122119,-0.002069981771726022,0.002774505806301305,-0.0007356489986028057
33.87527839643653,0,0,5,0.25,-20,0,A,True,12,0.0062096503007499915,0.49379034969925,-20,0,0.00010681530445482,0.004749151605429974,-0.002039872546703014,0.002782434737745997,-0.0007747479875662044
34.075723830734965,0,0,5,0.25,-20,0,A,True,12,0.0062096503007499915,0.49379034969925,-20,0,0.00010681530445482,0.01087814515304157,-0.002009442004082341,0.002789864901316722,-0.0008136236229318929
34.2761692650334,0,0,5,0.25,-20,0,A,True,12,0.0062096503007499915,0.49379034969925,-20,0,0.00010681530445482,0.01642935755256958,-0.001978675094101711,0.00279679383390579,-0.0008522829287183531
34.47661469933185,0,0,5,0.25,-20,0,A,True,12,0.0062096503007499915,0.49379034969925,-20,0,0.00010681530445482,0.0213204972643062,-0.001947569256409832,0.002803224031749579,-0.0008907266784534786
34.67706013363029,0,0,5,0.25,-20,0,A,True,12,0.0062096503007499915,0.49379034969925,-20,0,0.00010681530445482,0.02543302030554044,-0.001916149852820804,0.002809167459336666,-0.0009289439896082126
34.87750556792873,0,0,5,0.25,-20,0,A,True,12,0.0062096503007499915,0.49379034969925,-20,0,0.00010681530445482,0.02871782712075252,-0.001884442954376189,0.002814637179499041,-0.0009669251780299256
35.07795100222717,0,0,5,0.25,-20,0,A,True,12,0.0062096503007499915,0.49379034969925,-20,0,0.00010681530445482,0.03117304399850028,-0.001852450577656176,0.002819641426606631,-0.001004674664701169
35.27839643652561,0,0,5,0.25,-20,0,A,True,12,0.0062096503007499915,0.49379034969925,-20,0,0.00010681530445482,0.03283534187685853,-0.001820166274307839,0.002824188223528739,-0.001042203834812115
35.478841870824056,0,0,5,0.25,-20,0,A,True,12,0.0062096503007499915,0.49379034969925,-20,0,0.00010681530445482,0.03373367972484557,-0.001787596710515724,0.002828286986700896,-0.00107951313586126
35.87973273942093,0,0,5,0.25,-20,0,A,True,12,0.0062096503007499915,0.49379034969925,-20,0,0.00010681530445482,0.03328556328655291,-0.001721624692451613,0.002835184529874696,-0.001153488317941777
35.67928730512249,0,0,5,0.25,-20,0,A,True,12,0.0062096503007499915,0.49379034969925,-20,0,0.00010681530445482,0.0338731691885277,-0.001754749058760018,0.002831948542956723,-0.001116604857483247
36.080178173719375,0,0,5,0.25,-20,0,A,True,12,0.0062096503007499915,0.49379034969925,-20,0,0.00010681530445482,0.03196432813943127,-0.001688226929608719,0.002838007236883102,-0.001190171814439588
36.28062360801782,0,0,5,0.25,-20,0,A,True,12,0.0062096503007499915,0.49379034969925,-20,0,0.00010681530445482,0.0298864132892119,-0.001654558625458876,0.002840429237585399,-0.001226664631148639
36.48106904231626,0,0,5,0.25,-20,0,A,True,12,0.0062096503007499915,0.49379034969925,-20,0,0.00010681530445482,0.02702968399908438,-0.001620622429761827,0.00284246304302731,-0.001262976476831065
36.681514476614694,0,0,5,0.25,-20,0,A,True,12,0.0062096503007499915,0.49379034969925,-20,0,0.00010681530445482,0.02335630076908419,-0.0015864224245516,0.002844120181946643,-0.001299114906438084
36.88195991091314,0,0,5,0.25,-20,0,A,True,12,0.0062096503007499915,0.49379034969925,-20,0,0.00010681530445482,0.0188901549992457,-0.001551965939802421,0.002845410466351865,-0.001335082533144441
37.08240534521158,0,0,5,0.25,-20,0,A,True,12,0.0062096503007499915,0.49379034969925,-20,0,0.00010681530445482,0.01369392890882722,-0.001517267070357033,0.002846341358029345,-0.001370872857347107
37.28285077951002,0,0,5,0.25,-20,0,A,True,12,0.0062096503007499915,0.49379034969925,-20,0,0.00010681530445482,0.00788089152724027,-0.001482348301707346,0.002846918067454934,-0.001406469134928053
37.48329621380846,0,0,5,0.25,-20,0,A,True,12,0.0062096503007499915,0.49379034969925,-20,0,0.00010681530445482,0.001695911183192106,-0.001447222434754322,0.002847142262269954,-0.001441860448604106
37.6837416481069,0,0,5,0.25,-20,0,A,True,12,0.0062096503007499915,0.49379034969925,-20,0,0.00010681530445482,-0.00454010346491879,-0.001411887733636142,0.002847013258483548,-0.001477047006547708
37.88418708240535,0,0,5,0.25,-20,0,A,True,12,0.0062096503007499915,0.49379034969925,-20,0,0.00010681530445482,-0.01052974803320735,-0.00137635676159113,0.002846530308123866,-0.001512015040200615
38.084632516703785,0,0,5,0.25,-20,0,A,True,12,0.0062096503007499915,0.49379034969925,-20,0,0.00010681530445482,-0.01603221012188465,-0.001340646490308488,0.002845691545341517,-0.001546746076455984
38.28507795100222,0,0,5,0.25,-20,0,A,True,12,0.0062096503007499915,0.49379034969925,-20,0,0.00010681530445482,-0.02086757705314802,-0.00130476793586352,0.00284449267332183,-0.001581225058735161
38.48552338530067,0,0,5,0.25,-20,0,A,True,12,0.0062096503007499915,0.49379034969925,-20,0,0.00010681530445482,-0.02492965156966826,-0.001268720538247163,0.002842926325159026,-0.001615444890156018
38.68596881959911,0,0,5,0.25,-20,0,A,True,12,0.0062096503007499915,0.49379034969925,-20,0,0.00010681530445482,-0.0281226974686911,-0.001232487034646504,0.002840982676849181,-0.001649411787384377
38.88641425389755,0,0,5,0.25,-20,0,A,True,12,0.0062096503007499915,0.49379034969925,-20,0,0.00010681530445482,-0.03042868262568684,-0.001196050555379016,0.002838650625244727,-0.001683130939601397
39.086859688195986,0,0,5,0.25,-20,0,A,True,12,0.0062096503007499915,0.49379034969925,-20,0,0.00010681530445482,-0.03189760395578715,-0.00115941049158519,0.002835918140281142,-0.001716591563765334
39.28730512249443,0,0,5,0.25,-20,0,A,True,12,0.0062096503007499915,0.49379034969925,-20,0,0.00010681530445482,-0.03257175709181893,-0.001122569932998981,0.002832773147267226,-0.001749779518570712
39.487750556792875,0,0,5,0.25,-20,0,A,True,12,0.0062096503007499915,0.49379034969925,-20,0,0.00010681530445482,-0.03248495622941,-0.001085525611882375,0.002829204430780183,-0.001782687743873947
39.68819599109131,0,0,5,0.25,-20,0,A,True,12,0.0062096503007499915,0.49379034969925,-20,0,0.00010681530445482,-0.03162530565917827,-0.001048271257578032,0.002825201756503427,-0.001815313235763269
39.88864142538975,0,0,5,0.25,-20,0,A,True,12,0.0062096503007499915,0.49379034969925,-20,0,0.00010681530445482,-0.02999333419362087,-0.001010803635226505,0.002820755816637681,-0.00184765119375529
40.089086859688194,0,0,5,0.25,-20,0,A,True,12,0.0062096503007499915,0.49379034969925,-20,0,0.00010681530445482,-0.02758068157872488,-0.0009731141356738218,0.00281585855306711,-0.001879704317464257
40.28953229398664,0,0,5,0.25,-20,0,A,True,12,0.0062096503007499915,0.49379034969925,-20,0,0.00010681530445482,-0.02438167562677125,-0.0009351961710723745,0.002810502683292825,-0.001911475098287306
40.489977728285076,0,0,5,0.25,-20,0,A,True,12,0.0062096503007499915,0.49379034969925,-20,0,0.00010681530445482,-0.02040005949028747,-0.0008970430608412846,0.002804680345010886,-0.001942964781754943
40.690423162583514,0,0,5,0.25,-20,0,A,True,12,0.0062096503007499915,0.49379034969925,-20,0,0.00010681530445482,-0.01571380432472053,-0.0008586665342498038,0.002798378469498015,-0.00197414616088306
40.89086859688196,0,0,5,0.25,-20,0,A,True,12,0.0062096503007499915,0.49379034969925,-20,0,0.00010681530445482,-0.0104389391465205,-0.0008200818779203121,0.002791582753323425,-0.002004986056394384
41.0913140311804,0,0,5,0.25,-20,0,A,True,12,0.0062096503007499915,0.49379034969925,-20,0,0.00010681530445482,-0.004621568020140705,-0.0007812873927040089,0.002784286813414024,-0.002035482766461293
41.29175946547884,0,0,5,0.25,-20,0,A,True,12,0.0062096503007499915,0.49379034969925,-20,0,0.00010681530445482,0.001706736397009495,-0.0007422662986191475,0.002776488509358051,-0.002065656203494545
41.49220489977728,0,0,5,0.25,-20,0,A,True,12,0.0062096503007499915,0.49379034969925,-20,0,0.00010681530445482,0.008493540934767447,-0.0007030029821035689,0.002768185496995658,-0.002095522393171756
41.69265033407572,0,0,5,0.25,-20,0,A,True,12,0.0062096503007499915,0.49379034969925,-20,0,0.00010681530445482,0.01556091310340253,-0.0006635149579496375,0.002759366223110378,-0.002125044210966738
41.89309576837417,0,0,5,0.25,-20,0,A,True,12,0.0062096503007499915,0.49379034969925,-20,0,0.00010681530445482,0.02251950980217901,-0.0006238690697891684,0.002750006145791529,-0.002154108712939139
42.093541202672604,0,0,5,0.25,-20,0,A,True,12,0.0062096503007499915,0.49379034969925,-20,0,0.00010681530445482,0.02906477428067304,-0.0005841034128680556,0.002740098606563539,-0.002182664302043854
42.29398663697104,0,0,5,0.25,-20,0,A,True,12,0.0062096503007499915,0.49379034969925,-20,0,0.00010681530445482,0.03525697848437782,-0.0005441708962919025,0.002729670385057739,-0.002210810124603935
42.494432071269486,0,0,5,0.25,-20,0,A,True,12,0.0062096503007499915,0.49379034969925,-20,0,0.00010681530445482,0.04072197397315164,-0.0005041212156620312,0.002718697125628845,-0.002238461578200604
42.69487750556793,0,0,5,0.25,-20,0,A,True,12,0.0062096503007499915,0.49379034969925,-20,0,0.00010681530445482,0.04490778821612373,-0.0004640468496731681,0.002707120925034163,-0.002265436659407967
42.89532293986637,0,0,5,0.25,-20,0,A,True,12,0.0062096503007499915,0.49379034969925,-20,0,0.00010681530445482,0.04756315192138721,-0.0004239828072907028,0.00269489847445419,-0.002291644939094895
43.095768374164805,0,0,5,0.25,-20,0,A,True,12,0.0062096503007499915,0.49379034969925,-20,0,0.00010681530445482,0.04909627793060278,-0.0003838080455117406,0.002682062545986636,-0.002317288583907226
43.29621380846325,0,0,5,0.25,-20,0,A,True,12,0.0062096503007499915,0.49379034969925,-20,0,0.00010681530445482,0.04926968838911683,-0.0003435678844077778,0.002668579661097864,-0.002342277382604245
43.496659242761694,0,0,5,0.25,-20,0,A,True,12,0.0062096503007499915,0.49379034969925,-20,0,0.00010681530445482,0.04740289867431033,-0.0003034234733138746,0.002654367028737476,-0.002366313273992023
43.69710467706013,0,0,5,0.25,-20,0,A,True,12,0.0062096503007499915,0.49379034969925,-20,0,0.00010681530445482,0.04364886157032752,-0.0002633466994979284,0.002639438919529207,-0.002389452828200245
43.89755011135857,0,0,5,0.25,-20,0,A,True,12,0.0062096503007499915,0.49379034969925,-20,0,0.00010681530445482,0.0391720979254274,-0.0002230655172661615,0.002623956666914724,-0.002412240401661051
44.097995545657014,0,0,5,0.25,-20,0,A,True,12,0.0062096503007499915,0.49379034969925,-20,0,0.00010681530445482,0.03420699157101832,-0.000182549798391118,0.002607966564817498,-0.002434773048023173
44.29844097995546,0,0,5,0.25,-20,0,A,True,12,0.0062096503007499915,0.49379034969925,-20,0,0.00010681530445482,0.02800644403978388,-0.0001420205430439712,0.002591385078739146,-0.00245667150906566
44.498886414253896,0,0,5,0.25,-20,0,A,True,12,0.0062096503007499915,0.49379034969925,-20,0,0.00010681530445482,0.02068747024090063,-0.0001015027531135569,0.002574244912181364,-0.002477948064244072
44.69933184855233,0,0,5,0.25,-20,0,A,True,12,0.0062096503007499915,0.49379034969925,-20,0,0.00010681530445482,0.01288137159580588,-6.090732252332794e-05,0.00255655771879427,-0.002498757501149185
44.89977728285078,0,0,5,0.25,-20,0,A,True,12,0.0062096503007499915,0.49379034969925,-20,0,0.00010681530445482,0.004750596638992989,-2.026563345810042e-05,0.002538155201789381,-0.002518911523231354
45.10022271714922,0,0,5,0.25,-20,0,A,True,12,0.0062096503007499915,0.49379034969925,-20,0,0.00010681530445482,-0.003497769764230967,2.039395343825863e-05,0.002518852702735495,-0.002538195270530423
45.30066815144766,0,0,5,0.25,-20,0,A,True,12,0.0062096503007499915,0.49379034969925,-20,0,0.00010681530445482,-0.01173282063460001,6.101409006980976e-05,0.002498689335460339,-0.002556568877500409
45.5011135857461,0,0,5,0.25,-20,0,A,True,12,0.0062096503007499915,0.49379034969925,-20,0,0.00010681530445482,-0.01974236078890412,0.0001015680599123264,0.00247788632150514,-0.002574222825396678
45.70155902004454,0,0,5,0.25,-20,0,A,True,12,0.0062096503007499915,0.49379034969925,-20,0,0.00010681530445482,-0.02729651285613029,0.000142031458658039,0.002456635971674337,-0.002591335500750886
45.902004454342986,0,0,5,0.25,-20,0,A,True,12,0.0062096503007499915,0.49379034969925,-20,0,0.00010681530445482,-0.03374238455694549,0.0001825057808637327,0.002434774751562288,-0.002607899949696753
46.102449888641424,0,0,5,0.25,-20,0,A,True,12,0.0062096503007499915,0.49379034969925,-20,0,0.00010681530445482,-0.03892582974001285,0.0002229764038400917,0.002412275527799062,-0.002623881079766817
46.30289532293986,0,0,5,0.25,-20,0,A,True,12,0.0062096503007499915,0.49379034969925,-20,0,0.00010681530445482,-0.04357756169391221,0.0002632275574407515,0.002389511655216783,-0.002639361156463594
46.503340757238306,0,0,5,0.25,-20,0,A,True,12,0.0062096503007499915,0.49379034969925,-20,0,0.00010681530445482,-0.04750440917783189,0.0003032812031268904,0.002366397287306568,-0.002654293746025667
46.70378619153675,0,0,5,0.25,-20,0,A,True,12,0.0062096503007499915,0.49379034969925,-20,0,0.00010681530445482,-0.04955404127636627,0.0003434047861649781,0.002342391736259708,-0.002668515497073947
46.90423162583519,0,0,5,0.25,-20,0,A,True,12,0.0062096503007499915,0.49379034969925,-20,0,0.00010681530445482,-0.04953706962367026,0.0003836336401448864,0.002317427564275303,-0.002682010657560227
47.104677060133625,0,0,5,0.25,-20,0,A,True,12,0.0062096503007499915,0.49379034969925,-20,0,0.00010681530445482,-0.04809439542808878,0.0004238134970502909,0.002291798142991025,-0.002694864659070037
47.30512249443207,0,0,5,0.25,-20,0,A,True,12,0.0062096503007499915,0.49379034969925,-20,0,0.00010681530445482,-0.04543683652444114,0.0004639008470474025,0.00226559042550343,-0.002707109240968958
47.505567928730514,0,0,5,0.25,-20,0,A,True,12,0.0062096503007499915,0.49379034969925,-20,0,0.00010681530445482,-0.0412279741144938,0.0005040032981228235,0.002238607255966724,-0.002718703201166604
47.70601336302895,0,0,5,0.25,-20,0,A,True,12,0.0062096503007499915,0.49379034969925,-20,0,0.00010681530445482,-0.0358310773394153,0.000544066743269881,0.002210948344734142,-0.002729681342653305
47.90645879732739,0,0,5,0.25,-20,0,A,True,12,0.0062096503007499915,0.49379034969925,-20,0,0.00010681530445482,-0.02980527837338672,0.0005839933058450583,0.002182802156862746,-0.002740103454910367
48.10690423162583,0,0,5,0.25,-20,0,A,True,12,0.0062096503007499915,0.49379034969925,-20,0,0.00010681530445482,-0.02345604197568499,0.0006237416361622777,0.002154249373770494,-0.002749998822253782
48.30734966592428,0,0,5,0.25,-20,0,A,True,12,0.0062096503007499915,0.49379034969925,-20,0,0.00010681530445482,-0.01671821559277029,0.0006633601120862756,0.002125198193115047,-0.002759347344328323
48.507795100222715,0,0,5,0.25,-20,0,A,True,12,0.0062096503007499915,0.49379034969925,-20,0,0.00010681530445482,-0.009823071263867625,0.0007028229529442391,0.002095696523488635,-0.002768162579190997
48.70824053452115,0,0,5,0.25,-20,0,A,True,12,0.0062096503007499915,0.49379034969925,-20,0,0.00010681530445482,-0.003136625967581779,0.0007420741992286002,0.002065847316435051,-0.002776470139512867
48.9086859688196,0,0,5,0.25,-20,0,A,True,12,0.0062096503007499915,0.49379034969925,-20,0,0.00010681530445482,0.003170505999769503,0.0007810983682191036,0.002035682257840164,-0.002784278939400998
49.10913140311804,0,0,5,0.25,-20,0,A,True,12,0.0062096503007499915,0.49379034969925,-20,0,0.00010681530445482,0.009024694818502564,0.000819905686241702,0.00200518751773767,-0.002791588517408952
49.30957683741648,0,0,5,0.25,-20,0,A,True,12,0.0062096503007499915,0.49379034969925,-20,0,0.00010681530445482,0.01438625382358669,0.0008585103765794422,0.001974345367975302,-0.002798400188042523
49.51002227171492,0,0,5,0.25,-20,0,A,True,12,0.0062096503007499915,0.49379034969925,-20,0,0.00010681530445482,0.01921960829704891,0.0008969181989443773,0.001943152299659203,-0.002804719476661461
49.71046770601336,0,0,5,0.25,-20,0,A,True,12,0.0062096503007499915,0.49379034969925,-20,0,0.00010681530445482,0.02337915862781264,0.0009351111171664653,0.001911642485254639,-0.002810559069285753
49.910913140311806,0,0,5,0.25,-20,0,A,True,12,0.0062096503007499915,0.49379034969925,-20,0,0.00010681530445482,0.02677013834680483,0.0009730694731081012,0.001879848757776702,-0.002815929940502442
50.11135857461024,0,0,5,0.25,-20,0,A,True,12,0.0062096503007499915,0.49379034969925,-20,0,0.00010681530445482,0.02935419632328653,0.001010793214948523,0.001847774671398993,-0.002820838484218183
50.31180400890868,0,0,5,0.25,-20,0,A,True,12,0.0062096503007499915,0.49379034969925,-20,0,0.00010681530445482,0.03112832292839602,0.001048286272163943,0.001815419949719828,-0.002825291698380882
50.512249443207125,0,0,5,0.25,-20,0,A,True,12,0.0062096503007499915,0.49379034969925,-20,0,0.00010681530445482,0.03210283961264457,0.001085553955594964,0.001782785325631519,-0.002829297736137037
50.71269487750557,0,0,5,0.25,-20,0,A,True,12,0.0062096503007499915,0.49379034969925,-20,0,0.00010681530445482,0.03225609546045765,0.001122599226390098,0.001749876381997742,-0.002832866248656072
50.91314031180401,0,0,5,0.25,-20,0,A,True,12,0.0062096503007499915,0.49379034969925,-20,0,0.00010681530445482,0.03160877084505063,0.001159430224015259,0.001716695366396935,-0.002836008383233674
51.113585746102444,0,0,5,0.25,-20,0,A,True,12,0.0062096503007499915,0.49379034969925,-20,0,0.00010681530445482,0.03015981197752126,0.001196057730042895,0.001683242863579947,-0.002838736375121977
51.31403118040089,0,0,5,0.25,-20,0,A,True,12,0.0062096503007499915,0.49379034969925,-20,0,0.00010681530445482,0.02787250837443067,0.001232484807676428,0.001649528056053626,-0.002841063455771809
51.51447661469933,0,0,5,0.25,-20,0,A,True,12,0.0062096503007499915,0.49379034969925,-20,0,0.00010681530445482,0.02472538855738414,0.001268714248115846,0.00161556019461425,-0.002843002394949053
51.71492204899777,0,0,5,0.25,-20,0,A,True,12,0.0062096503007499915,0.49379034969925,-20,0,0.00010681530445482,0.02073064849936017,0.00130476017571466,0.001581336806809282,-0.002844564418605496
51.91536748329621,0,0,5,0.25,-20,0,A,True,12,0.0062096503007499915,0.49379034969925,-20,0,0.00010681530445482,0.01598132457169877,0.001340641790457223,0.001546849673956884,-0.002845759057909137
52.11581291759465,0,0,5,0.25,-20,0,A,True,12,0.0062096503007499915,0.49379034969925,-20,0,0.00010681530445482,0.01057100932631962,0.001376358252263251,0.001512107636381847,-0.002846593689440644
52.3162583518931,0,0,5,0.25,-20,0,A,True,12,0.0062096503007499915,0.49379034969925,-20,0,0.00010681530445482,0.004668168924240717,0.001411894842514842,0.00147712936074767,-0.002847072610704225
52.516703786191535,0,0,5,0.25,-20,0,A,True,12,0.0062096503007499915,0.49379034969925,-20,0,0.00010681530445482,-0.001503032510792569,0.001447232672640671,0.00144193509912972,-0.002847197838335017
52.71714922048997,0,0,5,0.25,-20,0,A,True,12,0.0062096503007499915,0.49379034969925,-20,0,0.00010681530445482,-0.007653224204359753,0.001482361856676408,0.00140653599390727,-0.002846970395519058
52.91759465478842,0,0,5,0.25,-20,0,A,True,12,0.0062096503007499915,0.49379034969925,-20,0,0.00010681530445482,-0.01342961910648398,0.001517286480835537,0.001370930444594098,-0.002846391555034128
53.11804008908686,0,0,5,0.25,-20,0,A,True,12,0.0062096503007499915,0.49379034969925,-20,0,0.00010681530445482,-0.01859800947248371,0.001551992274902438,0.001335132418172769,-0.002845460766570301
53.3184855233853,0,0,5,0.25,-20,0,A,True,12,0.0062096503007499915,0.49379034969925,-20,0,0.00010681530445482,-0.02300862890147026,0.001586455621935393,0.001299160276446493,-0.002844173093730065
53.518930957683736,0,0,5,0.25,-20,0,A,True,12,0.0062096503007499915,0.49379034969925,-20,0,0.00010681530445482,-0.02660903082669866,0.001620663191818197,0.001263018100497643,-0.002842519708812217
53.71937639198218,0,0,5,0.25,-20,0,A,True,12,0.0062096503007499915,0.49379034969925,-20,0,0.00010681530445482,-0.02937264282443815,0.001654608495083491,0.001226700443874629,-0.002840488962375902
53.919821826280625,0,0,5,0.25,-20,0,A,True,12,0.0062096503007499915,0.49379034969925,-20,0,0.00010681530445482,-0.03132198880922956,0.001688288289142809,0.001190196975981,-0.002838067627160972
54.12026726057906,0,0,5,0.25,-20,0,A,True,12,0.0062096503007499915,0.49379034969925,-20,0,0.00010681530445482,-0.03248592300205438,0.001721697611274822,0.001153499397669998,-0.002835242586599933
54.3207126948775,0,0,5,0.25,-20,0,A,True,12,0.0062096503007499915,0.49379034969925,-20,0,0.00010681530445482,-0.03289016406141143,0.001754831206485889,0.001116600715497906,-0.002832001374066331
54.521158129175944,0,0,5,0.25,-20,0,A,True,12,0.0062096503007499915,0.49379034969925,-20,0,0.00010681530445482,-0.03256563525939495,0.001787681041952546,0.001079498715860549,-0.00282833289577845
54.72160356347439,0,0,5,0.25,-20,0,A,True,12,0.0062096503007499915,0.49379034969925,-20,0,0.00010681530445482,-0.03150170410604429,0.00182024075547687,0.001042190666421954,-0.002824226795331498
54.922048997772826,0,0,5,0.25,-20,0,A,True,12,0.0062096503007499915,0.49379034969925,-20,0,0.00010681530445482,-0.02968393652221097,0.001852510485053467,0.00100466843469825,-0.002819673463002577
55.122494432071264,0,0,5,0.25,-20,0,A,True,12,0.0062096503007499915,0.49379034969925,-20,0,0.00010681530445482,-0.02706508914864321,0.001884496884956895,0.0009669188211194236,-0.002814664201067992
55.32293986636971,0,0,5,0.25,-20,0,A,True,12,0.0062096503007499915,0.49379034969925,-20,0,0.00010681530445482,-0.02362104491493598,0.001916205705688559,0.0009289321420799584,-0.00280919186946926
55.52338530066815,0,0,5,0.25,-20,0,A,True,12,0.0062096503007499915,0.49379034969925,-20,0,0.00010681530445482,-0.01940389534717661,0.001947627226547566,0.0008907129257710192,-0.002803249136150827
55.72383073496659,0,0,5,0.25,-20,0,A,True,12,0.0062096503007499915,0.49379034969925,-20,0,0.00010681530445482,-0.01453132980955334,0.001978726051598427,0.0008522806473888139,-0.002796823401132257
55.92427616926503,0,0,5,0.25,-20,0,A,True,12,0.0062096503007499915,0.49379034969925,-20,0,0.00010681530445482,-0.00911347415353929,0.002009477718420831,0.0008136462233208066,-0.002789903720872293
56.12472160356347,0,0,5,0.25,-20,0,A,True,12,0.0062096503007499915,0.49379034969925,-20,0,0.00010681530445482,-0.003195173742077073,0.002039893086592299,0.0007748020590958477,-0.00278248886601412
56.32516703786192,0,0,5,0.25,-20,0,A,True,12,0.0062096503007499915,0.49379034969925,-20,0,0.00010681530445482,0.003151231222447508,0.002069988985542593,0.0007357390435080499,-0.002774581032089011
56.525612472160354,0,0,5,0.25,-20,0,A,True,12,0.0062096503007499915,0.49379034969925,-20,0,0.00010681530445482,0.009846739496503727,0.002099776351530422,0.0006964486288015033,-0.002766180332709613
56.72605790645879,0,0,5,0.25,-20,0,A,True,12,0.0062096503007499915,0.49379034969925,-20,0,0.00010681530445482,0.01667918894530829,0.002129207086986394,0.0006569534583211714,-0.002757272377875562
56.926503340757236,0,0,5,0.25,-20,0,A,True,12,0.0062096503007499915,0.49379034969925,-20,0,0.00010681530445482,0.02330208016997534,0.002158173126626918,0.000617310449215678,-0.002747828302030121
57.12694877505568,0,0,5,0.25,-20,0,A,True,12,0.0062096503007499915,0.49379034969925,-20,0,0.00010681530445482,0.02954147857875369,0.002186647012509803,0.0005775350682918906,-0.002737838273768193
57.32739420935412,0,0,5,0.25,-20,0,A,True,12,0.0062096503007499915,0.49379034969925,-20,0,0.00010681530445482,0.03543861760093617,0.002214711218238159,0.0005375838361317703,-0.002727317472441371
57.527839643652555,0,0,5,0.25,-20,0,A,True,12,0.0062096503007499915,0.49379034969925,-20,0,0.00010681530445482,0.0405865109380005,0.002242249597268496,0.0004975197613268509,-0.002716229298624147
57.728285077951,0,0,5,0.25,-20,0,A,True,12,0.0062096503007499915,0.49379034969925,-20,0,0.00010681530445482,0.04444170977203303,0.002269082961787545,0.0004574331050265866,-0.002704515453914772
57.928730512249444,0,0,5,0.25,-20,0,A,True,12,0.0062096503007499915,0.49379034969925,-20,0,0.00010681530445482,0.04682556905155502,0.002295153256475245,0.0004173440339032529,-0.002692142984437711
58.12917594654788,0,0,5,0.25,-20,0,A,True,12,0.0062096503007499915,0.49379034969925,-20,0,0.00010681530445482,0.04813693269409124,0.002320672637441181,0.0003771336257361674,-0.002679155125443344
58.32962138084632,0,0,5,0.25,-20,0,A,True,12,0.0062096503007499915,0.49379034969925,-20,0,0.00010681530445482,0.04803778055585784,0.002345505571675932,0.0003368750201570338,-0.002665511493690963
58.530066815144764,0,0,5,0.25,-20,0,A,True,12,0.0062096503007499915,0.49379034969925,-20,0,0.00010681530445482,0.04595539737571228,0.002369372543452654,0.0002967162170510183,-0.002651132694032969
58.930957683741646,0,0,5,0.25,-20,0,A,True,12,0.0062096503007499915,0.49379034969925,-20,0,0.00010681530445482,0.03780904991069679,0.002415135996553679,0.0002162571955282366,-0.002620456174399969
59.33184855233853,0,0,5,0.25,-20,0,A,True,12,0.0062096503007499915,0.49379034969925,-20,0,0.00010681530445482,0.0266540045058891,0.00245937788780014,0.0001351925322121858,-0.002587679988185114
58.73051224944321,0,0,5,0.25,-20,0,A,True,12,0.0062096503007499915,0.49379034969925,-20,0,0.00010681530445482,0.04216784663230105,0.002392402690753803,0.000256597559671756,-0.002636058377872837
59.13140311804008,0,0,5,0.25,-20,0,A,True,12,0.0062096503007499915,0.49379034969925,-20,0,0.00010681530445482,0.03287966555230997,0.002437584054906812,0.0001757169278523202,-0.002604356600139602
59.53229398663697,0,0,5,0.25,-20,0,A,True,12,0.0062096503007499915,0.49379034969925,-20,0,0.00010681530445482,0.01936287506412622,0.002480571645280987,9.468051266899654e-05,-0.002570461089435495
59.73273942093541,0,0,5,0.25,-20,0,A,True,12,0.0062096503007499915,0.49379034969925,-20,0,0.00010681530445482,0.01159635248579997,0.002501277293721936,5.409259836887544e-05,-0.002552669699921203
59.93318485523385,0,0,5,0.25,-20,0,A,True,12,0.0062096503007499915,0.49379034969925,-20,0,0.00010681530445482,0.003566680981164176,0.002521297413125834,1.345234764330884e-05,-0.002534121178526284
60.13363028953229,0,0,5,0.25,-20,0,A,True,12,0.0062096503007499915,0.49379034969925,-20,0,0.00010681530445482,-0.004499287130822667,0.00254044617910581,-2.721757598539746e-05,-0.002514661554590696
60.334075723830736,0,0,5,0.25,-20,0,A,True,12,0.0062096503007499915,0.49379034969925,-20,0,0.00010681530445482,-0.01250322063390689,0.002558714031973745,-6.785818900953877e-05,-0.002494364832112521
60.534521158129174,0,0,5,0.25,-20,0,A,True,12,0.0062096503007499915,0.49379034969925,-20,0,0.00010681530445482,-0.02030831230121526,0.002576290320576997,-0.0001084260193141038,-0.002473467129817702
60.73496659242761,0,0,5,0.25,-20,0,A,True,12,0.0062096503007499915,0.49379034969925,-20,0,0.00010681530445482,-0.02769422463383632,0.002593321127647447,-0.0001489030108433988,-0.00245211071506224
60.935412026726056,0,0,5,0.25,-20,0,A,True,12,0.0062096503007499915,0.49379034969925,-20,0,0.00010681530445482,-0.0339404626648168,0.00260977770267353,-0.0001893992525054912,-0.002430097213612414
61.1358574610245,0,0,5,0.25,-20,0,A,True,12,0.0062096503007499915,0.49379034969925,-20,0,0.00010681530445482,-0.03906038415997261,0.002625667554661403,-0.0002298501220932115,-0.002407516971268012
61.33630289532294,0,0,5,0.25,-20,0,A,True,12,0.0062096503007499915,0.49379034969925,-20,0,0.00010681530445482,-0.04371812748058145,0.002641073105865169,-0.000270049007336224,-0.002384732930184303
61.536748329621375,0,0,5,0.25,-20,0,A,True,12,0.0062096503007499915,0.49379034969925,-20,0,0.00010681530445482,-0.0473744720597502,0.002655899554503613,-0.0003101019368079479,-0.002361493631682187
61.73719376391982,0,0,5,0.25,-20,0,A,True,12,0.0062096503007499915,0.49379034969925,-20,0,0.00010681530445482,-0.04895737131034054,0.002669994002418197,-0.0003502584478000632,-0.002337294049189605
61.937639198218264,0,0,5,0.25,-20,0,A,True,12,0.0062096503007499915,0.49379034969925,-20,0,0.00010681530445482,-0.04855084032622642,0.002683374699627224,-0.0003904871615171014,-0.002312192984848321
62.1380846325167,0,0,5,0.25,-20,0,A,True,12,0.0062096503007499915,0.49379034969925,-20,0,0.00010681530445482,-0.04683575657882526,0.002696130310122105,-0.0004306342896624511,-0.002286487719183748
62.33853006681514,0,0,5,0.25,-20,0,A,True,12,0.0062096503007499915,0.49379034969925,-20,0,0.00010681530445482,-0.04384172505526131,0.002708271912773032,-0.0004707092527363921,-0.002260171030730816
62.53897550111358,0,0,5,0.25,-20,0,A,True,12,0.0062096503007499915,0.49379034969925,-20,0,0.00010681530445482,-0.03931676260853136,0.002719771590857261,-0.0005108018700886132,-0.002233082993926449
62.73942093541203,0,0,5,0.25,-20,0,A,True,12,0.0062096503007499915,0.49379034969925,-20,0,0.00010681530445482,-0.03367948999888927,0.002730675910238727,-0.0005508468747989786,-0.002205354167868487
62.939866369710465,0,0,5,0.25,-20,0,A,True,12,0.0062096503007499915,0.49379034969925,-20,0,0.00010681530445482,-0.027464723027664,0.002741041903456366,-0.0005907521091782116,-0.002177165112005608
63.1403118040089,0,0,5,0.25,-20,0,A,True,12,0.0062096503007499915,0.49379034969925,-20,0,0.00010681530445482,-0.02089111427880097,0.002750883610085793,-0.0006304966071425389,-0.002148552218430298
63.34075723830735,0,0,5,0.25,-20,0,A,True,12,0.0062096503007499915,0.49379034969925,-20,0,0.00010681530445482,-0.01392178300636487,0.002760180037675343,-0.000670122025814321,-0.002119430204791991
63.54120267260579,0,0,5,0.25,-20,0,A,True,12,0.0062096503007499915,0.49379034969925,-20,0,0.00010681530445482,-0.006857984616582488,0.002768949537697383,-0.0007095836932451458,-0.002089875426306189
63.74164810690423,0,0,5,0.25,-20,0,A,True,12,0.0062096503007499915,0.49379034969925,-20,0,0.00010681530445482,-3.442408537801359e-05,0.002777216574111911,-0.0007488272246931116,-0.002059987655585111
63.94209354120267,0,0,5,0.25,-20,0,A,True,12,0.0062096503007499915,0.49379034969925,-20,0,0.00010681530445482,0.006381897420252088,0.002784986924949606,-0.0007878448191048167,-0.002029785110525461
64.14253897550111,0,0,5,0.25,-20,0,A,True,12,0.0062096503007499915,0.49379034969925,-20,0,0.00010681530445482,0.01227168685988132,0.00279225805771666,-0.0008266418376357907,-0.001999256046727668
64.34298440979956,0,0,5,0.25,-20,0,A,True,12,0.0062096503007499915,0.49379034969925,-20,0,0.00010681530445482,0.01755635419868387,0.002799028550278984,-0.0008652263448070893,-0.001968385572638574
64.543429844098,0,0,5,0.25,-20,0,A,True,12,0.0062096503007499915,0.49379034969925,-20,0,0.00010681530445482,0.022152328893312,0.002805303302125025,-0.0009035955033279943,-0.001937178954519333
64.74387527839643,0,0,5,0.25,-20,0,A,True,12,0.0062096503007499915,0.49379034969925,-20,0,0.00010681530445482,0.02595811707707884,0.002811095681757074,-0.0009417354469115846,-0.001905667307152668
64.94432071269487,0,0,5,0.25,-20,0,A,True,12,0.0062096503007499915,0.49379034969925,-20,0,0.00010681530445482,0.02891508569727113,0.002816416886826523,-0.000979637145000573,-0.001873872401233474
65.14476614699332,0,0,5,0.25,-20,0,A,True,12,0.0062096503007499915,0.49379034969925,-20,0,0.00010681530445482,0.03106346165992924,0.002821274340233855,-0.001017309459464909,-0.001841789946510768
65.34521158129175,0,0,5,0.25,-20,0,A,True,12,0.0062096503007499915,0.49379034969925,-20,0,0.00010681530445482,0.0324245599950373,0.002825676611797657,-0.001054761919542334,-0.00180941622216702
65.5456570155902,0,0,5,0.25,-20,0,A,True,12,0.0062096503007499915,0.49379034969925,-20,0,0.00010681530445482,0.03302696562456192,0.002829633763728522,-0.001091994664682012,-0.001776759425833747
65.74610244988864,0,0,5,0.25,-20,0,A,True,12,0.0062096503007499915,0.49379034969925,-20,0,0.00010681530445482,0.03288295965365295,0.002833156878105445,-0.001129013963300422,-0.001743823245847956
65.94654788418708,0,0,5,0.25,-20,0,A,True,12,0.0062096503007499915,0.49379034969925,-20,0,0.00010681530445482,0.03200657924149505,0.002836258004222699,-0.001165828980195438,-0.001710609803134596
66.14699331848553,0,0,5,0.25,-20,0,A,True,12,0.0062096503007499915,0.49379034969925,-20,0,0.00010681530445482,0.03039743756667085,0.002838949861261786,-0.001202447758372517,-0.001677123217484607
66.34743875278396,0,0,5,0.25,-20,0,A,True,12,0.0062096503007499915,0.49379034969925,-20,0,0.00010681530445482,0.02801939148074801,0.002841245113575391,-0.001238877315490541,-0.001643368805751422
66.5478841870824,0,0,5,0.25,-20,0,A,True,12,0.0062096503007499915,0.49379034969925,-20,0,0.00010681530445482,0.0248280263459632,0.002843156066221745,-0.001275123806826802,-0.001609352370816345
66.74832962138085,0,0,5,0.25,-20,0,A,True,12,0.0062096503007499915,0.49379034969925,-20,0,0.00010681530445482,0.02079774927578115,0.002844693755710125,-0.001311184560453444,-0.001575087115426477
66.94877505567928,0,0,5,0.25,-20,0,A,True,12,0.0062096503007499915,0.49379034969925,-20,0,0.00010681530445482,0.015934403712093,0.002845867182770267,-0.001347054259064064,-0.001540587844451682
67.14922048997772,0,0,5,0.25,-20,0,A,True,12,0.0062096503007499915,0.49379034969925,-20,0,0.00010681530445482,0.01036413254600116,0.002846681193545089,-0.001382738674326455,-0.001505854549800912
67.34966592427617,0,0,5,0.25,-20,0,A,True,12,0.0062096503007499915,0.49379034969925,-20,0,0.00010681530445482,0.004343334734543967,0.0028471386336645,-0.001418249653529479,-0.001470878533594696
67.55011135857461,0,0,5,0.25,-20,0,A,True,12,0.0062096503007499915,0.49379034969925,-20,0,0.00010681530445482,-0.001893726547580816,0.002847241626445651,-0.001453571248716203,-0.001435677741981883
67.75055679287306,0,0,5,0.25,-20,0,A,True,12,0.0062096503007499915,0.49379034969925,-20,0,0.00010681530445482,-0.008100405381828409,0.00284699076551156,-0.001488676339717188,-0.001400279804849745
67.95100222717149,0,0,5,0.25,-20,0,A,True,12,0.0062096503007499915,0.49379034969925,-20,0,0.00010681530445482,-0.01402477590248314,0.002846384802626839,-0.001523541444599096,-0.001364706940148256
68.15144766146993,0,0,5,0.25,-20,0,A,True,12,0.0062096503007499915,0.49379034969925,-20,0,0.00010681530445482,-0.01936077766461207,0.002845421472341367,-0.001558174103024936,-0.001328949034547459
68.35189309576838,0,0,5,0.25,-20,0,A,True,12,0.0062096503007499915,0.49379034969925,-20,0,0.00010681530445482,-0.02388929387499299,0.002844097113230425,-0.001592579284641647,-0.001292996876285753
68.5523385300668,0,0,5,0.25,-20,0,A,True,12,0.0062096503007499915,0.49379034969925,-20,0,0.00010681530445482,-0.02755644796786026,0.00284240380442599,-0.00162674256206153,-0.001256856537154947
68.75278396436525,0,0,5,0.25,-20,0,A,True,12,0.0062096503007499915,0.49379034969925,-20,0,0.00010681530445482,-0.03035758472776957,0.002840330477012572,-0.001660648670324055,-0.001220532290954237
68.9532293986637,0,0,5,0.25,-20,0,A,True,12,0.0062096503007499915,0.49379034969925,-20,0,0.00010681530445482,-0.03232710493440635,0.002837864816215709,-0.00169429108556662,-0.001184018336698975
69.15367483296214,0,0,5,0.25,-20,0,A,True,12,0.0062096503007499915,0.49379034969925,-20,0,0.00010681530445482,-0.03350061380259558,0.002834994590683843,-0.001727665602167623,-0.001147306929533275
69.35412026726058,0,0,5,0.25,-20,0,A,True,12,0.0062096503007499915,0.49379034969925,-20,0,0.00010681530445482,-0.03388033812830461,0.002831708091002767,-0.001760764253105603,-0.001110394968253356
69.55456570155901,0,0,5,0.25,-20,0,A,True,12,0.0062096503007499915,0.49379034969925,-20,0,0.00010681530445482,-0.03350941373084615,0.002827994163357219,-0.001793582324278432,-0.001073276754572284
69.75501113585746,0,0,5,0.25,-20,0,A,True,12,0.0062096503007499915,0.49379034969925,-20,0,0.00010681530445482,-0.03236269382978443,0.002823842574747969,-0.001826114984118588,-0.001035947847100925
69.9554565701559,0,0,5,0.25,-20,0,A,True,12,0.0062096503007499915,0.49379034969925,-20,0,0.00010681530445482,-0.03044288453266361,0.002819244304435899,-0.001858359640112739,-0.0009984033511303595
70.15590200445433,0,0,5,0.25,-20,0,A,True,12,0.0062096503007499915,0.49379034969925,-20,0,0.00010681530445482,-0.0277420147374523,0.002814191737883863,-0.001890318455943037,-0.0009606361453873099
70.35634743875278,0,0,5,0.25,-20,0,A,True,12,0.0062096503007499915,0.49379034969925,-20,0,0.00010681530445482,-0.02425637071706861,0.002808677800902966,-0.001921994040929168,-0.0009226399644931478
70.55679287305122,0,0,5,0.25,-20,0,A,True,12,0.0062096503007499915,0.49379034969925,-20,0,0.00010681530445482,-0.02000488916168106,0.002802693257590016,-0.001953381304119022,-0.0008844117506859018
70.75723830734967,0,0,5,0.25,-20,0,A,True,12,0.0062096503007499915,0.49379034969925,-20,0,0.00010681530445482,-0.01509705703384715,0.002796223683051021,-0.001984446548512338,-0.0008459665926400714
71.15812917594654,0,0,5,0.25,-20,0,A,True,12,0.0062096503007499915,0.49379034969925,-20,0,0.00010681530445482,-0.003584786124060317,0.002781790991859695,-0.002045548282960585,-0.0007684496283930151
70.95768374164811,0,0,5,0.25,-20,0,A,True,12,0.0062096503007499915,0.49379034969925,-20,0,0.00010681530445482,-0.00960554278924379,0.002789257660617935,-0.002015166711549362,-0.0008073146605719437
71.35857461024499,0,0,5,0.25,-20,0,A,True,12,0.0062096503007499915,0.49379034969925,-20,0,0.00010681530445482,0.002929243412305743,0.002773821386812723,-0.002075612201714009,-0.0007293527476542528
71.55902004454343,0,0,5,0.25,-20,0,A,True,12,0.0062096503007499915,0.49379034969925,-20,0,0.00010681530445482,0.009876789507478844,0.002765345420402411,-0.00210536485758785,-0.0006900151437717049
71.75946547884186,0,0,5,0.25,-20,0,A,True,12,0.0062096503007499915,0.49379034969925,-20,0,0.00010681530445482,0.01698976928349992,0.002756345683499878,-0.00213474102525332,-0.0006504709837518875
71.9599109131403,0,0,5,0.25,-20,0,A,True,12,0.0062096503007499915,0.49379034969925,-20,0,0.00010681530445482,0.02386704960012159,0.002746799224294091,-0.002163629276025078,-0.0006107880638437527
72.16035634743875,0,0,5,0.25,-20,0,A,True,12,0.0062096503007499915,0.49379034969925,-20,0,0.00010681530445482,0.03035419599170989,0.002736713621171551,-0.002192035868170515,-0.000570973143044875
72.3608017817372,0,0,5,0.25,-20,0,A,True,12,0.0062096503007499915,0.49379034969925,-20,0,0.00010681530445482,0.03641146909485086,0.002726107736888907,-0.002220030146658874,-0.000530995627285311
72.56124721603564,0,0,5,0.25,-20,0,A,True,12,0.0062096503007499915,0.49379034969925,-20,0,0.00010681530445482,0.04155194587943951,0.002714940891613876,-0.002247466896605162,-0.0004909367580989726
72.76169265033407,0,0,5,0.25,-20,0,A,True,12,0.0062096503007499915,0.49379034969925,-20,0,0.00010681530445482,0.0452862853788534,0.002703157065802162,-0.002274184291987372,-0.0004508742503362016
72.96213808463251,0,0,5,0.25,-20,0,A,True,12,0.0062096503007499915,0.49379034969925,-20,0,0.00010681530445482,0.04757005469142577,0.002690733797937173,-0.002300183255591982,-0.0004107922714288502
73.16258351893096,0,0,5,0.25,-20,0,A,True,12,0.0062096503007499915,0.49379034969925,-20,0,0.00010681530445482,0.04878518503134379,0.002677698320290516,-0.002325644254460284,-0.0003705818141889801
73.56347438752783,0,0,5,0.25,-20,0,A,True,12,0.0062096503007499915,0.49379034969925,-20,0,0.00010681530445482,0.04584598955369645,0.002649516065312301,-0.002374027544542823,-0.0002902668860847753
73.36302895322939,0,0,5,0.25,-20,0,A,True,12,0.0062096503007499915,0.49379034969925,-20,0,0.00010681530445482,0.04838852438157904,0.002663982181871171,-0.002350338507343586,-0.0003303644742622489
73.76391982182628,0,0,5,0.25,-20,0,A,True,12,0.0062096503007499915,0.49379034969925,-20,0,0.00010681530445482,0.04179449493303269,0.00263437731486306,-0.002396988833526912,-0.0002501469157742853
73.96436525612472,0,0,5,0.25,-20,0,A,True,12,0.0062096503007499915,0.49379034969925,-20,0,0.00010681530445482,0.03729168569376585,0.002618723628566242,-0.002419724140143653,-0.0002097616776263824
74.16481069042317,0,0,5,0.25,-20,0,A,True,12,0.0062096503007499915,0.49379034969925,-20,0,0.00010681530445482,0.03203963264833709,0.002602537621035246,-0.002442079944398648,-0.0001692162621478893
74.56570155902004,0,0,5,0.25,-20,0,A,True,12,0.0062096503007499915,0.49379034969925,-20,0,0.00010681530445482,0.01794919601972091,0.002568443897316894,-0.002484863262610346,-8.81616543189533e-05
74.3652561247216,0,0,5,0.25,-20,0,A,True,12,0.0062096503007499915,0.49379034969925,-20,0,0.00010681530445482,0.02543667614041418,0.002585758145400042,-0.002463742014137496,-0.0001287015223898583
74.76614699331849,0,0,5,0.25,-20,0,A,True,12,0.0062096503007499915,0.49379034969925,-20,0,0.00010681530445482,0.01008756268192479,0.002550533537101657,-0.00250548518510105,-4.753787485455778e-05
74.96659242761692,0,0,5,0.25,-20,0,A,True,12,0.0062096503007499915,0.49379034969925,-20,0,0.00010681530445482,0.00198072625008017,0.002531830980793167,-0.002525370236082468,-6.875194996846081e-06
75.16703786191536,0,0,5,0.25,-20,0,A,True,12,0.0062096503007499915,0.49379034969925,-20,0,0.00010681530445482,-0.006208138773167982,0.002512221024900899,-0.00254434906948732,3.378496635861371e-05
75.3674832962138,0,0,5,0.25,-20,0,A,True,12,0.0062096503007499915,0.49379034969925,-20,0,0.00010681530445482,-0.01434707751830149,0.002491821984067571,-0.002562466351155116,7.438776366209578e-05
75.56792873051225,0,0,5,0.25,-20,0,A,True,12,0.0062096503007499915,0.49379034969925,-20,0,0.00010681530445482,-0.02219206291825689,0.002470863450407509,-0.002579929741569952,0.0001149097034722345
75.7683741648107,0,0,5,0.25,-20,0,A,True,12,0.0062096503007499915,0.49379034969925,-20,0,0.00010681530445482,-0.02935313730384969,0.002449416123637021,-0.002596862809138899,0.0001553760846344096
75.96881959910912,0,0,5,0.25,-20,0,A,True,12,0.0062096503007499915,0.49379034969925,-20,0,0.00010681530445482,-0.03521746271189506,0.002427288758371108,-0.002613218829053577,0.0001958786039477546
76.36971046770601,0,0,5,0.25,-20,0,A,True,12,0.0062096503007499915,0.49379034969925,-20,0,0.00010681530445482,-0.04458064279170405,0.002381837542375317,-0.002644332102514455,0.0002764510941369623
76.57015590200444,0,0,5,0.25,-20,0,A,True,12,0.0062096503007499915,0.49379034969925,-20,0,0.00010681530445482,-0.04794279280600459,0.002358471760804949,-0.002659033415636449,0.0003164995393672924
76.16926503340757,0,0,5,0.25,-20,0,A,True,12,0.0062096503007499915,0.49379034969925,-20,0,0.00010681530445482,-0.04008901878246236,0.002404658793816177,-0.002629020803174404,0.0002362983219949636
77.17149220489978,0,0,5,0.25,-20,0,A,True,12,0.0062096503007499915,0.49379034969925,-20,0,0.00010681530445482,-0.04669799415044888,0.002283088097602154,-0.002698916597913859,0.0004370358339396241
76.97104677060133,0,0,5,0.25,-20,0,A,True,12,0.0062096503007499915,0.49379034969925,-20,0,0.00010681530445482,-0.04855739225627687,0.002308885298639185,-0.002686261510196484,0.0003969016527603551
77.37193763919822,0,0,5,0.25,-20,0,A,True,12,0.0062096503007499915,0.49379034969925,-20,0,0.00010681530445482,-0.04347901032623194,0.002256640633426532,-0.002710949401616046,0.0004771193253259952
76.77060133630289,0,0,5,0.25,-20,0,A,True,12,0.0062096503007499915,0.49379034969925,-20,0,0.00010681530445482,-0.0491775933876067,0.002334108535140609,-0.002672995235856315,0.0003566732073811071
77.57238307349665,0,0,5,0.25,-20,0,A,True,12,0.0062096503007499915,0.49379034969925,-20,0,0.00010681530445482,-0.03877542557117186,0.002229421084289428,-0.002722335514338388,0.0005172156517888635
77.7728285077951,0,0,5,0.25,-20,0,A,True,12,0.0062096503007499915,0.49379034969925,-20,0,0.00010681530445482,-0.03305623977979606,0.002201581726363748,-0.002733122960307352,0.0005572429764210073
77.97327394209354,0,0,5,0.25,-20,0,A,True,12,0.0062096503007499915,0.49379034969925,-20,0,0.00010681530445482,-0.02687796045174122,0.002173309365175293,-0.002743370054081407,0.00059710388332453
78.17371937639197,0,0,5,0.25,-20,0,A,True,12,0.0062096503007499915,0.49379034969925,-20,0,0.00010681530445482,-0.02039266170186335,0.002144606676325098,-0.002753084547585549,0.0006367980082643263
78.37416481069042,0,0,5,0.25,-20,0,A,True,12,0.0062096503007499915,0.49379034969925,-20,0,0.00010681530445482,-0.01355044251051134,0.002115400563467736,-0.002762251416284784,0.0006763651357822768
78.57461024498886,0,0,5,0.25,-20,0,A,True,12,0.0062096503007499915,0.49379034969925,-20,0,0.00010681530445482,-0.006675284346454617,0.002085775525922631,-0.002770893521659492,0.0007157601101103127
78.7750556792873,0,0,5,0.25,-20,0,A,True,12,0.0062096503007499915,0.49379034969925,-20,0,0.00010681530445482,-8.652681165726845e-05,0.002055822921848699,-0.002779033984080294,0.0007549338383421274
78.97550111358575,0,0,5,0.25,-20,0,A,True,12,0.0062096503007499915,0.49379034969925,-20,0,0.00010681530445482,0.006087673662108477,0.002025553727059389,-0.002786677248624222,0.0007938826642306211
79.17594654788418,0,0,5,0.25,-20,0,A,True,12,0.0062096503007499915,0.49379034969925,-20,0,0.00010681530445482,0.01179050476547558,0.001994949620855663,-0.002793822330527014,0.0008326197679405098
79.57683741648107,0,0,5,0.25,-20,0,A,True,12,0.0062096503007499915,0.49379034969925,-20,0,0.00010681530445482,0.02164597430685613,0.001932691478522652,-0.002806630208007101,0.000909498845483975
79.7772828507795,0,0,5,0.25,-20,0,A,True,12,0.0062096503007499915,0.49379034969925,-20,0,0.00010681530445482,0.02557587967503121,0.001901088401411803,-0.002812314096934353,0.000947613886313554
79.37639198218262,0,0,5,0.25,-20,0,A,True,12,0.0062096503007499915,0.49379034969925,-20,0,0.00010681530445482,0.01699872172880535,0.001963991704381464,-0.00280047065786175,0.0008711600624650624
80.17817371937639,0,0,5,0.25,-20,0,A,True,12,0.0062096503007499915,0.49379034969925,-20,0,0.00010681530445482,0.03106451200707788,0.001837035853413556,-0.00282228924679068,0.001023143900226636
80.37861915367483,0,0,5,0.25,-20,0,A,True,12,0.0062096503007499915,0.49379034969925,-20,0,0.00010681530445482,0.03260960169935166,0.001804583244526092,-0.002826594309002076,0.001060569798063366
79.97772828507794,0,0,5,0.25,-20,0,A,True,12,0.0062096503007499915,0.49379034969925,-20,0,0.00010681530445482,0.02872136482207173,0.00186920411881525,-0.002817531612254018,0.000985493494281194
80.57906458797328,0,0,5,0.25,-20,0,A,True,12,0.0062096503007499915,0.49379034969925,-20,0,0.00010681530445482,0.03335865262127035,0.001771850243728982,-0.002830455568301726,0.00109777408962566
80.77951002227171,0,0,5,0.25,-20,0,A,True,12,0.0062096503007499915,0.49379034969925,-20,0,0.00010681530445482,0.03329185280571557,0.001738844778069762,-0.002833883295042062,0.001134757869872005
80.97995545657015,0,0,5,0.25,-20,0,A,True,12,0.0062096503007499915,0.49379034969925,-20,0,0.00010681530445482,0.03241699719118307,0.001705570465131183,-0.002836889014018512,0.001171528140708981
81.1804008908686,0,0,5,0.25,-20,0,A,True,12,0.0062096503007499915,0.49379034969925,-20,0,0.00010681530445482,0.03074456355033676,0.001672025779328888,-0.002839485299152724,0.001208098478755217
81.38084632516703,0,0,5,0.25,-20,0,A,True,12,0.0062096503007499915,0.49379034969925,-20,0,0.00010681530445482,0.02826125959282428,0.001638210525782127,-0.002841685259964453,0.001244481959339172
81.58129175946547,0,0,5,0.25,-20,0,A,True,12,0.0062096503007499915,0.49379034969925,-20,0,0.00010681530445482,0.02496587423910705,0.001604123843979999,-0.002843501737648507,0.001280692398242326
81.78173719376392,0,0,5,0.25,-20,0,A,True,12,0.0062096503007499915,0.49379034969925,-20,0,0.00010681530445482,0.02085690783427628,0.001569774263185215,-0.002844945949899425,0.001316732688287295
81.98218262806236,0,0,5,0.25,-20,0,A,True,12,0.0062096503007499915,0.49379034969925,-20,0,0.00010681530445482,0.01597569699005729,0.001535173731057649,-0.002846026717592859,0.001352599873439104
82.1826280623608,0,0,5,0.25,-20,0,A,True,12,0.0062096503007499915,0.49379034969925,-20,0,0.00010681530445482,0.01042262743559624,0.001500345342610857,-0.00284675065961699,0.001388277825183828
82.38307349665924,0,0,5,0.25,-20,0,A,True,12,0.0062096503007499915,0.49379034969925,-20,0,0.00010681530445482,0.00438962316306159,0.001465306081372113,-0.002847121470095904,0.001423753821567247
82.58351893095768,0,0,5,0.25,-20,0,A,True,12,0.0062096503007499915,0.49379034969925,-20,0,0.00010681530445482,-0.00182574779130243,0.001430055066303524,-0.002847139799761879,0.001459029196974379
82.98440979955456,0,0,5,0.25,-20,0,A,True,12,0.0062096503007499915,0.49379034969925,-20,0,0.00010681530445482,-0.01346838017262845,0.001358930789364378,-0.002846118238393123,0.00152896217834186
82.78396436525613,0,0,5,0.25,-20,0,A,True,12,0.0062096503007499915,0.49379034969925,-20,0,0.00010681530445482,-0.007862508737172343,0.001394590290767529,-0.002846805451909338,0.001494104963169155
83.184855233853,0,0,5,0.25,-20,0,A,True,12,0.0062096503007499915,0.49379034969925,-20,0,0.00010681530445482,-0.01846974206698185,0.001323104033525245,-0.002845075798277592,0.001563571501970406
83.58574610244989,0,0,5,0.25,-20,0,A,True,12,0.0062096503007499915,0.49379034969925,-20,0,0.00010681530445482,-0.02620002885289526,0.001250963776343036,-0.002841897232123847,0.001632002581079549
83.38530066815144,0,0,5,0.25,-20,0,A,True,12,0.0062096503007499915,0.49379034969925,-20,0,0.00010681530445482,-0.02274434358957448,0.001287119471140999,-0.002843672032809577,0.001597917408900645
83.78619153674833,0,0,5,0.25,-20,0,A,True,12,0.0062096503007499915,0.49379034969925,-20,0,0.00010681530445482,-0.0287788467350961,0.001214611736037883,-0.002839739585287293,0.001665839118191357
83.98663697104676,0,0,5,0.25,-20,0,A,True,12,0.0062096503007499915,0.49379034969925,-20,0,0.00010681530445482,-0.03050673148743592,0.001178055468401423,-0.002837186530958291,0.001699422325365696
84.18708240534521,0,0,5,0.25,-20,0,A,True,12,0.0062096503007499915,0.49379034969925,-20,0,0.00010681530445482,-0.03144273813700795,0.001141300146307636,-0.002834225174355147,0.001732735021980146
84.38752783964365,0,0,5,0.25,-20,0,A,True,12,0.0062096503007499915,0.49379034969925,-20,0,0.00010681530445482,-0.03163689501621959,0.001104344420270579,-0.002830843612678505,0.001765767588995287
84.58797327394208,0,0,5,0.25,-20,0,A,True,12,0.0062096503007499915,0.49379034969925,-20,0,0.00010681530445482,-0.03109183013348995,0.001067185045648348,-0.002827031092036948,0.00179851345665224
84.78841870824053,0,0,5,0.25,-20,0,A,True,12,0.0062096503007499915,0.49379034969925,-20,0,0.00010681530445482,-0.02980619235803615,0.001029814725320256,-0.002822777540668795,0.001830970912248614
85.18930957683742,0,0,5,0.25,-20,0,A,True,12,0.0062096503007499915,0.49379034969925,-20,0,0.00010681530445482,-0.02486176485360982,0.0009543951497282313,-0.002812911071726324,0.001895037733774681
85.38975501113586,0,0,5,0.25,-20,0,A,True,12,0.0062096503007499915,0.49379034969925,-20,0,0.00010681530445482,-0.02116429349283819,0.000916329304392915,-0.00280728353334361,0.001926655143655622
84.98886414253897,0,0,5,0.25,-20,0,A,True,12,0.0062096503007499915,0.49379034969925,-20,0,0.00010681530445482,-0.02774618912291637,0.000992222393658176,-0.002818073586377387,0.001863143195978804
85.59020044543429,0,0,5,0.25,-20,0,A,True,12,0.0062096503007499915,0.49379034969925,-20,0,0.00010681530445482,-0.01673021050623406,0.0008780359401677673,-0.002801182407606943,0.001957976448044924
85.79064587973274,0,0,5,0.25,-20,0,A,True,12,0.0062096503007499915,0.49379034969925,-20,0,0.00010681530445482,-0.01168828778403486,0.0008395352048369861,-0.002794594475272309,0.001988964340318815
85.99109131403118,0,0,5,0.25,-20,0,A,True,12,0.0062096503007499915,0.49379034969925,-20,0,0.00010681530445482,-0.006121240620934805,0.000800830495134946,-0.002787511786800781,0.00201960710165055
86.19153674832961,0,0,5,0.25,-20,0,A,True,12,0.0062096503007499915,0.49379034969925,-20,0,0.00010681530445482,-8.07305433251102e-05,0.000761911592749101,-0.002779934590244094,0.002049920499029322
86.39198218262806,0,0,5,0.25,-20,0,A,True,12,0.0062096503007499915,0.49379034969925,-20,0,0.00010681530445482,0.006357968789367467,0.0007227696075016601,-0.002771864721621483,0.002079920139274311
86.5924276169265,0,0,5,0.25,-20,0,A,True,12,0.0062096503007499915,0.49379034969925,-20,0,0.00010681530445482,0.01310026436953504,0.0006834006839024708,-0.002763299504153591,0.002109606809484505
86.79287305122494,0,0,5,0.25,-20,0,A,True,12,0.0062096503007499915,0.49379034969925,-20,0,0.00010681530445482,0.0198649982737825,0.000643843354396553,-0.002754217841264923,0.002138904120587755
86.99331848552339,0,0,5,0.25,-20,0,A,True,12,0.0062096503007499915,0.49379034969925,-20,0,0.00010681530445482,0.02631777933116326,0.0006041530621213943,-0.002744592074652374,0.00216770882524665
87.19376391982182,0,0,5,0.25,-20,0,A,True,12,0.0062096503007499915,0.49379034969925,-20,0,0.00010681530445482,0.03241425178177085,0.0005643132724147204,-0.002734426770853117,0.002196053401187151
87.39420935412026,0,0,5,0.25,-20,0,A,True,12,0.0062096503007499915,0.49379034969925,-20,0,0.00010681530445482,0.03808045828804505,0.0005243053944510633,-0.002723725745578355,0.002223975181619851
87.59465478841871,0,0,5,0.25,-20,0,A,True,12,0.0062096503007499915,0.49379034969925,-20,0,0.00010681530445482,0.04279187695321787,0.0004842191283341273,-0.002712437236005228,0.002251305042555218
87.79510022271714,0,0,5,0.25,-20,0,A,True,12,0.0062096503007499915,0.49379034969925,-20,0,0.00010681530445482,0.04608168152174594,0.0004441342194789516,-0.002700504439164163,0.002277879062971765
87.99554565701558,0,0,5,0.25,-20,0,A,True,12,0.0062096503007499915,0.49379034969925,-20,0,0.00010681530445482,0.04800438970929134,0.000404010229703819,-0.002687925760804334,0.002303754980673488
88.19599109131403,0,0,5,0.25,-20,0,A,True,12,0.0062096503007499915,0.49379034969925,-20,0,0.00010681530445482,0.04885951257589377,0.00036376123470477,-0.002674733752190782,0.002329089463587156
88.39643652561247,0,0,5,0.25,-20,0,A,True,12,0.0062096503007499915,0.49379034969925,-20,0,0.00010681530445482,0.04807271050515163,0.0003235229897510238,-0.002660856620099417,0.00235362830228508
88.59688195991092,0,0,5,0.25,-20,0,A,True,12,0.0062096503007499915,0.49379034969925,-20,0,0.00010681530445482,0.0452250381277756,0.0002834037699762081,-0.002646236856222014,0.002377168746526109
88.79732739420935,0,0,5,0.25,-20,0,A,True,12,0.0062096503007499915,0.49379034969925,-20,0,0.00010681530445482,0.04107675409326321,0.0002432327396519351,-0.00263097827399458,0.002400059091414269
88.99777282850779,0,0,5,0.25,-20,0,A,True,12,0.0062096503007499915,0.49379034969925,-20,0,0.00010681530445482,0.03655056284933677,0.0002027997843906515,-0.002615225891756838,0.002422746693796305
89.59910913140311,0,0,5,0.25,-20,0,A,True,12,0.0062096503007499915,0.49379034969925,-20,0,0.00010681530445482,0.01687106924043243,8.120357493104349e-05,-0.002564668622987048,0.00248760000603381
89.19821826280624,0,0,5,0.25,-20,0,A,True,12,0.0062096503007499915,0.49379034969925,-20,0,0.00010681530445482,0.03115269626365445,0.000162249993177945,-0.002598937967026748,0.002444999565989792
89.39866369710467,0,0,5,0.25,-20,0,A,True,12,0.0062096503007499915,0.49379034969925,-20,0,0.00010681530445482,0.02441027706600334,0.0001217442391640902,-0.002582067344066544,0.002466557508008427
89.79955456570156,0,0,5,0.25,-20,0,A,True,12,0.0062096503007499915,0.49379034969925,-20,0,0.00010681530445482,0.008943928126540017,4.05889110718918e-05,-0.002546651607559502,0.002508112580256054
90.0,0,0,5,0.25,-20,0,A,True,12,0.0062096503007499915,0.49379034969925,-20,0,0.00010681530445482,0.0008113151571706892,-6.57031967841613e-08,-0.002527806209895764,0.002527854142093497
